Unnamed: 0,file,y_true,y_pred,confidence,true_label,predicted_label,status
0,asphodelus/Asp.A.ramX400wF(1984)(0)A-10.png,0,0,1.0,asphodelus,asphodelus,Correct
1,asphodelus/Asp.A.ramX400wF(1985)(0)B-2.png,0,0,0.9999995,asphodelus,asphodelus,Correct
2,asphodelus/Asp.A.ramX400wF(1987)(0)D-1.png,0,0,0.9999963,asphodelus,asphodelus,Correct
3,asphodelus/Asp.A.ramX400wF(1990)(0)G-2.png,0,0,0.99999964,asphodelus,asphodelus,Correct
4,calicotome/Fab.C.vilX400wF(2016)(0)A-18.png,1,1,0.9997962,calicotome,calicotome,Correct
5,calicotome/Fab.C.vilX400wF(2016)(0)A-8.png,1,1,0.9999962,calicotome,calicotome,Correct
6,calicotome/Fab.C.vilX400wF(2017)(0)B-19.png,1,1,0.99927825,calicotome,calicotome,Correct
8,calicotome/Fab.C.vilX400wF(2017)(0)B-21.png,1,1,0.90416795,calicotome,calicotome,Correct
9,calicotome/Fab.C.vilX400wF(2017)(0)B-5.png,1,1,0.9998055,calicotome,calicotome,Correct
10,calicotome/Fab.C.vilX400wF(2018)(0)C-17.png,1,1,0.9999883,calicotome,calicotome,Correct
11,calicotome/Fab.C.vilX400wF(2019)(0)D-101.png,1,1,1.0,calicotome,calicotome,Correct
12,calicotome/Fab.C.vilX400wF(2019)(0)D-120.png,1,1,0.99993455,calicotome,calicotome,Correct
13,calicotome/Fab.C.vilX400wF(2019)(0)D-15.png,1,1,0.99996996,calicotome,calicotome,Correct
14,calicotome/Fab.C.vilX400wF(2019)(0)D-17.png,1,1,0.9805742,calicotome,calicotome,Correct
15,calicotome/Fab.C.vilX400wF(2019)(0)D-24.png,1,1,1.0,calicotome,calicotome,Correct
16,calicotome/Fab.C.vilX400wF(2019)(0)D-34.png,1,1,0.99999654,calicotome,calicotome,Correct
17,calicotome/Fab.C.vilX400wF(2019)(0)D-42.png,1,1,0.9999995,calicotome,calicotome,Correct
18,calicotome/Fab.C.vilX400wF(2019)(0)D-43.png,1,1,0.72253704,calicotome,calicotome,Correct
19,calicotome/Fab.C.vilX400wF(2019)(0)D-50.png,1,1,0.9999993,calicotome,calicotome,Correct
20,calicotome/Fab.C.vilX400wF(2019)(0)D-53.png,1,1,0.99999964,calicotome,calicotome,Correct
21,calicotome/Fab.C.vilX400wF(2019)(0)D-54.png,1,1,0.9999993,calicotome,calicotome,Correct
22,calicotome/Fab.C.vilX400wF(2019)(0)D-99.png,1,1,0.99999917,calicotome,calicotome,Correct
23,calicotome/Fab.C.vilX400wF(2020)(0)E-112.png,1,1,0.99997807,calicotome,calicotome,Correct
24,calicotome/Fab.C.vilX400wF(2020)(0)E-113.png,1,1,0.89995146,calicotome,calicotome,Correct
25,calicotome/Fab.C.vilX400wF(2020)(0)E-19.png,1,1,0.99999964,calicotome,calicotome,Correct
26,calicotome/Fab.C.vilX400wF(2020)(0)E-34.png,1,1,0.99999785,calicotome,calicotome,Correct
27,calicotome/Fab.C.vilX400wF(2020)(0)E-43.png,1,1,1.0,calicotome,calicotome,Correct
28,calicotome/Fab.C.vilX400wF(2020)(0)E-58.png,1,1,0.99999905,calicotome,calicotome,Correct
29,calicotome/Fab.C.vilX400wF(2020)(0)E-63.png,1,1,1.0,calicotome,calicotome,Correct
30,calicotome/Fab.C.vilX400wF(2020)(0)E-68.png,1,1,0.99999917,calicotome,calicotome,Correct
31,calicotome/Fab.C.vilX400wF(2020)(0)E-75.png,1,1,0.9287795,calicotome,calicotome,Correct
32,calicotome/Fab.C.vilX400wF(2020)(0)E-76.png,1,1,1.0,calicotome,calicotome,Correct
33,calicotome/Fab.C.vilX400wF(2020)(0)E-85.png,1,1,1.0,calicotome,calicotome,Correct
34,castanea/Fag.C.satX400wF(781)(0)A-2.png,2,2,0.99998343,castanea,castanea,Correct
35,castanea/Fag.C.satX400wF(781)(0)A-22.png,2,2,0.99998116,castanea,castanea,Correct
36,castanea/Fag.C.satX400wF(781)(0)A-23.png,2,2,0.99996567,castanea,castanea,Correct
37,castanea/Fag.C.satX400wF(781)(0)A-31.png,2,2,0.9997608,castanea,castanea,Correct
38,castanea/Fag.C.satX400wF(781)(0)A-33.png,2,2,0.99994147,castanea,castanea,Correct
39,castanea/Fag.C.satX400wF(781)(0)A-7.png,2,2,0.9872885,castanea,castanea,Correct
40,castanea/Fag.C.satX400wF(781)(0)A-8.png,2,2,0.99952793,castanea,castanea,Correct
41,castanea/Fag.C.satX400wF(782)(0)B-5.png,2,2,0.999987,castanea,castanea,Correct
42,castanea/Fag.C.satX400wF(782)(0)B-7.png,2,2,0.9997787,castanea,castanea,Correct
43,castanea/Fag.C.satX400wF(784)(0)D-11.png,2,2,0.99862254,castanea,castanea,Correct
44,castanea/Fag.C.satX400wF(786)(0)F-10.png,2,2,0.9999136,castanea,castanea,Correct
45,castanea/Fag.C.satX400wF(786)(0)F-2.png,2,2,0.99994206,castanea,castanea,Correct
46,castanea/Fag.C.satX400wF(792)(781)G-18.png,2,2,0.99998236,castanea,castanea,Correct
47,castanea/Fag.C.satX400wF(792)(781)G-20.png,2,2,0.99998486,castanea,castanea,Correct
48,castanea/Fag.C.satX400wF(792)(781)G-26.png,2,2,0.99997234,castanea,castanea,Correct
49,castanea/Fag.C.satX400wF(792)(781)G-31.png,2,2,0.9999981,castanea,castanea,Correct
50,castanea/Fag.C.satX400wF(792)(781)G-41.png,2,2,1.0,castanea,castanea,Correct
51,castanea/Fag.C.satX400wF(792)(781)G-49.png,2,2,0.9964036,castanea,castanea,Correct
52,castanea/Fag.C.satX400wF(793)(781)H-45.png,2,2,0.9999987,castanea,castanea,Correct
53,castanea/Fag.C.satX400wF(793)(781)H-52.png,2,2,0.99847776,castanea,castanea,Correct
54,castanea/Fag.C.satX400wF(793)(781)H-9.png,2,2,0.9995239,castanea,castanea,Correct
55,ceratonia/Fab.C.silX400wF(476)(0)B-15.png,3,3,0.99749976,ceratonia,ceratonia,Correct
56,ceratonia/Fab.C.silX400wF(477)(0)C-3.png,3,3,0.9991585,ceratonia,ceratonia,Correct
57,ceratonia/Fab.C.silX400wF(477)(0)C-5.png,3,3,0.9998834,ceratonia,ceratonia,Correct
58,ceratonia/Fab.C.silX400wF(477)(0)C-9.png,3,3,0.99986196,ceratonia,ceratonia,Correct
59,ceratonia/Fab.C.silX400wF(478)(0)D-11.png,3,3,0.9978765,ceratonia,ceratonia,Correct
60,ceratonia/Fab.C.silX400wF(479)(0)E-9.png,3,3,0.9809006,ceratonia,ceratonia,Correct
61,ceratonia/Fab.C.silX400wF(480)(0)F-4.png,3,3,0.9999964,ceratonia,ceratonia,Correct
62,ceratonia/Fab.C.silX400wF(481)(0)G-1.png,3,3,0.9584827,ceratonia,ceratonia,Correct
64,ceratonia/Fab.C.silX400wF(481)(0)G-19.png,3,3,0.87255573,ceratonia,ceratonia,Correct
65,ebenus/Fab.E.creX400wF(693)(0)A-1.png,4,4,0.9999907,ebenus,ebenus,Correct
66,ebenus/Fab.E.creX400wF(694)(0)B-6.png,4,4,0.9999243,ebenus,ebenus,Correct
67,ebenus/Fab.E.creX400wF(698)(0)F-3.png,4,4,0.99982256,ebenus,ebenus,Correct
68,erica/Eri.E.maniX400wF(5355)(0)A-2.png,5,5,0.99997747,erica,erica,Correct
69,erica/Eri.E.maniX400wF(5356)(0)B-10.png,5,5,1.0,erica,erica,Correct
70,erica/Eri.E.maniX400wF(5357)(0)C-10.png,5,5,0.99999475,erica,erica,Correct
71,erica/Eri.E.maniX400wF(5357)(0)C-12.png,5,5,0.9999995,erica,erica,Correct
72,erica/Eri.E.maniX400wF(5357)(0)C-16.png,5,5,1.0,erica,erica,Correct
73,erica/Eri.E.maniX400wF(5358)(0)D-15.png,5,5,1.0,erica,erica,Correct
74,erica/Eri.E.maniX400wF(5358)(0)D-5.png,5,5,1.0,erica,erica,Correct
75,erica/Eri.E.maniX400wF(5359)(0)E-18.png,5,5,0.99999166,erica,erica,Correct
76,erica/Eri.E.maniX400wF(5359)(0)E-27.png,5,5,0.9999535,erica,erica,Correct
77,erica/Eri.E.maniX400wF(5359)(0)E-28.png,5,5,1.0,erica,erica,Correct
78,erica/Eri.E.maniX400wF(5360)(0)F-11.png,5,5,1.0,erica,erica,Correct
79,erica/Eri.E.maniX400wF(5361)(0)G-7.png,5,5,0.9999968,erica,erica,Correct
80,erica/Eri.E.maniX400wF(5361)(0)G-8.png,5,5,0.99953616,erica,erica,Correct
81,erica/Eri.E.maniX400wF(5362)(0)H-2.png,5,5,0.9999995,erica,erica,Correct
82,erica/Eri.E.maniX400wF(5362)(0)H-6.png,5,5,0.99981207,erica,erica,Correct
83,erica/Eri.E.maniX400wF(5362)(0)H-8.png,5,5,0.9999989,erica,erica,Correct
84,erica/Eri.E.maniX400wF(5363)(0)I-12.png,5,5,1.0,erica,erica,Correct
85,erica/Eri.E.maniX400wF(5363)(0)I-4.png,5,5,1.0,erica,erica,Correct
87,eucalyptus/Myr.E.camaX400wF(1866)(0)A-6.png,6,6,0.8144455,eucalyptus,eucalyptus,Correct
88,eucalyptus/Myr.E.camaX400wF(1867)(0)B-10.png,6,6,0.9980336,eucalyptus,eucalyptus,Correct
89,eucalyptus/Myr.E.camaX400wF(1868)(0)C-4.png,6,6,0.97918004,eucalyptus,eucalyptus,Correct
90,eucalyptus/Myr.E.camaX400wF(1871)(0)F-12.png,6,6,0.9999981,eucalyptus,eucalyptus,Correct
91,eucalyptus/Myr.E.camaX400wF(1872)(0)G-1.png,6,6,0.860912,eucalyptus,eucalyptus,Correct
92,eucalyptus/Myr.E.camaX400wF(1872)(0)G-6.png,6,6,0.62522995,eucalyptus,eucalyptus,Correct
93,eucalyptus/Myr.E.camaX400wF(2962)(0)H-27.png,6,6,0.594448,eucalyptus,eucalyptus,Correct
94,eucalyptus/Myr.E.camaX400wF(2962)(0)H-5.png,6,6,0.99975485,eucalyptus,eucalyptus,Correct
95,eucalyptus/Myr.E.camaX400wF(2964)(0)J-1.png,6,6,0.99993205,eucalyptus,eucalyptus,Correct
96,eucalyptus/Myr.E.camaX400wF(2964)(0)J-21.png,6,6,0.9998896,eucalyptus,eucalyptus,Correct
97,eucalyptus/Myr.E.camaX400wF(2964)(0)J-26.png,6,6,0.9999888,eucalyptus,eucalyptus,Correct
98,eucalyptus/Myr.E.camaX400wF(2964)(0)J-27.png,6,6,0.99934787,eucalyptus,eucalyptus,Correct
99,eucalyptus/Myr.E.camaX400wF(2964)(0)J-3.png,6,6,0.9878086,eucalyptus,eucalyptus,Correct
100,eucalyptus/Myr.E.camaX400wF(2964)(0)J-4.png,6,6,0.999895,eucalyptus,eucalyptus,Correct
101,eucalyptus/Myr.E.camaX400wF(2966)(0)L-7.png,6,6,0.99998486,eucalyptus,eucalyptus,Correct
102,eucalyptus/Myr.E.camaX400wF(2966)(0)L-8.png,6,6,0.99834275,eucalyptus,eucalyptus,Correct
103,ferula/Api.F.comX400wF(2135)(0)A-11.png,7,7,1.0,ferula,ferula,Correct
104,ferula/Api.F.comX400wF(2135)(0)A-12.png,7,7,0.9999999,ferula,ferula,Correct
105,ferula/Api.F.comX400wF(2135)(0)A-17.png,7,7,1.0,ferula,ferula,Correct
106,ferula/Api.F.comX400wF(2135)(0)A-3.png,7,7,0.99999976,ferula,ferula,Correct
107,ferula/Api.F.comX400wF(2137)(0)C-11.png,7,7,1.0,ferula,ferula,Correct
108,ferula/Api.F.comX400wF(2138)(0)D-2.png,7,7,1.0,ferula,ferula,Correct
109,ferula/Api.F.comX400wF(2139)(0)E-19.png,7,7,0.999997,ferula,ferula,Correct
110,ferula/Api.F.comX400wF(2139)(0)E-7.png,7,7,1.0,ferula,ferula,Correct
111,myrtus/IMG_3734-106.png,8,8,0.99999917,myrtus,myrtus,Correct
112,myrtus/IMG_3734-131.png,8,8,0.9999893,myrtus,myrtus,Correct
113,myrtus/IMG_3734-45.png,8,8,0.9999901,myrtus,myrtus,Correct
114,myrtus/IMG_3734-54.png,8,8,0.9999914,myrtus,myrtus,Correct
115,myrtus/IMG_3734-55.png,8,8,0.9999821,myrtus,myrtus,Correct
116,myrtus/IMG_3734-57.png,8,8,0.9999943,myrtus,myrtus,Correct
117,myrtus/IMG_3734-68.png,8,8,0.9999138,myrtus,myrtus,Correct
118,myrtus/IMG_3734-74.png,8,8,0.9999291,myrtus,myrtus,Correct
119,myrtus/IMG_3734-80.png,8,8,0.9999864,myrtus,myrtus,Correct
120,myrtus/IMG_3734-9.png,8,8,0.99989057,myrtus,myrtus,Correct
121,myrtus/IMG_3735-10.png,8,8,0.99999905,myrtus,myrtus,Correct
122,myrtus/IMG_3735-11.png,8,8,0.99999666,myrtus,myrtus,Correct
123,myrtus/IMG_3735-13.png,8,8,0.99999964,myrtus,myrtus,Correct
124,myrtus/IMG_3735-19.png,8,8,0.9999995,myrtus,myrtus,Correct
125,myrtus/IMG_3735-25.png,8,8,0.9999958,myrtus,myrtus,Correct
126,myrtus/IMG_3735-39.png,8,8,0.99999976,myrtus,myrtus,Correct
127,myrtus/IMG_3736-31.png,8,8,1.0,myrtus,myrtus,Correct
128,myrtus/IMG_3736-49.png,8,8,0.99999976,myrtus,myrtus,Correct
129,myrtus/IMG_3736-53.png,8,8,1.0,myrtus,myrtus,Correct
130,myrtus/IMG_3736-56.png,8,8,1.0,myrtus,myrtus,Correct
131,myrtus/IMG_3736-60.png,8,8,0.99999976,myrtus,myrtus,Correct
132,myrtus/IMG_3736-7.png,8,8,0.9952484,myrtus,myrtus,Correct
133,myrtus/IMG_3736-78.png,8,8,1.0,myrtus,myrtus,Correct
134,myrtus/IMG_3737-1.png,8,8,0.99999595,myrtus,myrtus,Correct
135,myrtus/IMG_3737-13.png,8,8,0.99999976,myrtus,myrtus,Correct
136,myrtus/IMG_3737-21.png,8,8,1.0,myrtus,myrtus,Correct
137,myrtus/IMG_3737-4.png,8,8,0.99999785,myrtus,myrtus,Correct
138,myrtus/IMG_3737-40.png,8,8,0.9999994,myrtus,myrtus,Correct
139,myrtus/IMG_3737-45.png,8,8,0.9999999,myrtus,myrtus,Correct
140,myrtus/IMG_3737-66.png,8,8,0.9999993,myrtus,myrtus,Correct
141,myrtus/IMG_3737-73.png,8,8,0.99998975,myrtus,myrtus,Correct
142,myrtus/IMG_3738-102.png,8,8,0.9999809,myrtus,myrtus,Correct
143,myrtus/IMG_3738-110.png,8,8,0.9999969,myrtus,myrtus,Correct
144,myrtus/IMG_3738-111.png,8,8,0.9983398,myrtus,myrtus,Correct
145,myrtus/IMG_3738-115.png,8,8,0.999985,myrtus,myrtus,Correct
146,myrtus/IMG_3738-116.png,8,8,0.9998709,myrtus,myrtus,Correct
147,myrtus/IMG_3738-134.png,8,8,0.9999999,myrtus,myrtus,Correct
148,myrtus/IMG_3738-142.png,8,8,0.9998826,myrtus,myrtus,Correct
149,myrtus/IMG_3738-144.png,8,8,0.9990237,myrtus,myrtus,Correct
150,myrtus/IMG_3738-148.png,8,8,0.9998165,myrtus,myrtus,Correct
151,myrtus/IMG_3738-149.png,8,8,0.99274206,myrtus,myrtus,Correct
152,myrtus/IMG_3738-23.png,8,8,0.9999311,myrtus,myrtus,Correct
153,myrtus/IMG_3738-28.png,8,8,0.999816,myrtus,myrtus,Correct
154,myrtus/IMG_3738-34.png,8,8,0.9999989,myrtus,myrtus,Correct
155,myrtus/IMG_3738-52.png,8,8,0.9994935,myrtus,myrtus,Correct
156,myrtus/IMG_3738-63.png,8,8,0.99998665,myrtus,myrtus,Correct
157,myrtus/IMG_3738-83.png,8,8,0.999998,myrtus,myrtus,Correct
158,myrtus/IMG_3738-89.png,8,8,0.99999976,myrtus,myrtus,Correct
159,myrtus/IMG_3738-94.png,8,8,0.99996924,myrtus,myrtus,Correct
160,myrtus/IMG_3741-24.png,8,8,0.99994576,myrtus,myrtus,Correct
161,myrtus/IMG_3741-28.png,8,8,0.9999845,myrtus,myrtus,Correct
162,myrtus/IMG_3741-47.png,8,8,0.9999939,myrtus,myrtus,Correct
163,myrtus/IMG_3741-67.png,8,8,0.9999993,myrtus,myrtus,Correct
164,myrtus/IMG_3742-1.png,8,8,0.99995303,myrtus,myrtus,Correct
165,myrtus/IMG_3742-11.png,8,8,0.99999833,myrtus,myrtus,Correct
166,myrtus/IMG_3742-13.png,8,8,0.9999671,myrtus,myrtus,Correct
167,myrtus/IMG_3742-24.png,8,8,0.99999714,myrtus,myrtus,Correct
168,myrtus/IMG_3742-32.png,8,8,0.9999981,myrtus,myrtus,Correct
169,myrtus/IMG_3742-50.png,8,8,0.9999887,myrtus,myrtus,Correct
170,myrtus/IMG_3742-9.png,8,8,0.99999607,myrtus,myrtus,Correct
171,myrtus/IMG_3744-17.png,8,8,0.99999976,myrtus,myrtus,Correct
172,myrtus/IMG_3744-51.png,8,8,0.99923456,myrtus,myrtus,Correct
173,myrtus/IMG_3744-62.png,8,8,0.9997271,myrtus,myrtus,Correct
174,myrtus/Myr.M.comX400wF(1095)(1091)A-16.png,8,8,0.9999999,myrtus,myrtus,Correct
175,myrtus/Myr.M.comX400wF(1095)(1091)A-30.png,8,8,0.9999988,myrtus,myrtus,Correct
176,myrtus/Myr.M.comX400wF(1095)(1091)A-56.png,8,8,0.9999999,myrtus,myrtus,Correct
177,myrtus/Myr.M.comX400wF(1095)(1091)A-57.png,8,8,0.9999852,myrtus,myrtus,Correct
178,myrtus/Myr.M.comX400wF(1095)(1091)A-63.png,8,8,0.99999964,myrtus,myrtus,Correct
179,myrtus/Myr.M.comX400wF(1095)(1091)A-69.png,8,8,0.99998283,myrtus,myrtus,Correct
180,myrtus/Myr.M.comX400wF(1097)(1090)C-1.png,8,8,0.9999993,myrtus,myrtus,Correct
181,myrtus/Myr.M.comX400wF(1097)(1090)C-12.png,8,8,0.9999926,myrtus,myrtus,Correct
182,myrtus/Myr.M.comX400wF(1097)(1090)C-20.png,8,8,0.9996686,myrtus,myrtus,Correct
183,myrtus/Myr.M.comX400wF(1097)(1090)C-22.png,8,8,0.99887973,myrtus,myrtus,Correct
184,myrtus/Myr.M.comX400wF(1097)(1090)C-34.png,8,8,1.0,myrtus,myrtus,Correct
185,myrtus/Myr.M.comX400wF(1097)(1090)C-48.png,8,8,0.9999999,myrtus,myrtus,Correct
186,myrtus/Myr.M.comX400wF(1097)(1090)C-50.png,8,8,0.9999969,myrtus,myrtus,Correct
187,myrtus/Myr.M.comX400wF(1097)(1090)C-60.png,8,8,0.9999968,myrtus,myrtus,Correct
188,myrtus/Myr.M.comX400wF(1097)(1090)C-84.png,8,8,0.9999943,myrtus,myrtus,Correct
189,myrtus/Myr.M.comX400wF(1097)(1090)C-89.png,8,8,0.9999999,myrtus,myrtus,Correct
190,olea/Ole.O.euroX400wF(4261)(0)A-32.png,9,9,0.99998116,olea,olea,Correct
192,olea/Ole.O.euroX400wF(4262)(0)B-18.png,9,9,0.9998215,olea,olea,Correct
193,olea/Ole.O.euroX400wF(4262)(0)B-22.png,9,9,0.99472874,olea,olea,Correct
194,olea/Ole.O.euroX400wF(4262)(0)B-7.png,9,9,0.99997485,olea,olea,Correct
195,olea/Ole.O.euroX400wF(4263)(0)C-105.png,9,9,1.0,olea,olea,Correct
196,olea/Ole.O.euroX400wF(4263)(0)C-112.png,9,9,0.9999939,olea,olea,Correct
197,olea/Ole.O.euroX400wF(4263)(0)C-13.png,9,9,0.99985826,olea,olea,Correct
198,olea/Ole.O.euroX400wF(4263)(0)C-14.png,9,9,0.9999968,olea,olea,Correct
200,olea/Ole.O.euroX400wF(4263)(0)C-161.png,9,9,0.9999993,olea,olea,Correct
201,olea/Ole.O.euroX400wF(4263)(0)C-185.png,9,9,1.0,olea,olea,Correct
202,olea/Ole.O.euroX400wF(4263)(0)C-190.png,9,9,1.0,olea,olea,Correct
203,olea/Ole.O.euroX400wF(4263)(0)C-198.png,9,9,0.99985063,olea,olea,Correct
204,olea/Ole.O.euroX400wF(4263)(0)C-42.png,9,9,0.9999999,olea,olea,Correct
205,olea/Ole.O.euroX400wF(4263)(0)C-45.png,9,9,0.99999964,olea,olea,Correct
206,olea/Ole.O.euroX400wF(4263)(0)C-49.png,9,9,0.99999034,olea,olea,Correct
207,olea/Ole.O.euroX400wF(4263)(0)C-6.png,9,9,0.99999666,olea,olea,Correct
208,olea/Ole.O.euroX400wF(4263)(0)C-72.png,9,9,0.99957556,olea,olea,Correct
209,olea/Ole.O.euroX400wF(4263)(0)C-81.png,9,9,0.9999912,olea,olea,Correct
210,olea/Ole.O.euroX400wF(4264)(0)D-108.png,9,9,0.9999682,olea,olea,Correct
211,olea/Ole.O.euroX400wF(4264)(0)D-109.png,9,9,0.9997613,olea,olea,Correct
212,olea/Ole.O.euroX400wF(4264)(0)D-11.png,9,9,0.9996437,olea,olea,Correct
213,olea/Ole.O.euroX400wF(4264)(0)D-111.png,9,9,0.99999344,olea,olea,Correct
214,olea/Ole.O.euroX400wF(4264)(0)D-12.png,9,9,0.9999138,olea,olea,Correct
215,olea/Ole.O.euroX400wF(4264)(0)D-127.png,9,9,0.9984819,olea,olea,Correct
216,olea/Ole.O.euroX400wF(4264)(0)D-130.png,9,9,0.99970657,olea,olea,Correct
217,olea/Ole.O.euroX400wF(4264)(0)D-139.png,9,9,0.9980925,olea,olea,Correct
218,olea/Ole.O.euroX400wF(4264)(0)D-145.png,9,9,0.9999207,olea,olea,Correct
219,olea/Ole.O.euroX400wF(4264)(0)D-23.png,9,9,1.0,olea,olea,Correct
220,olea/Ole.O.euroX400wF(4264)(0)D-37.png,9,9,1.0,olea,olea,Correct
221,olea/Ole.O.euroX400wF(4264)(0)D-49.png,9,9,0.99998903,olea,olea,Correct
222,olea/Ole.O.euroX400wF(4264)(0)D-51.png,9,9,0.9999995,olea,olea,Correct
223,olea/Ole.O.euroX400wF(4264)(0)D-59.png,9,9,1.0,olea,olea,Correct
224,olea/Ole.O.euroX400wF(4264)(0)D-72.png,9,9,0.9998902,olea,olea,Correct
225,olea/Ole.O.euroX400wF(4264)(0)D-83.png,9,9,0.9999982,olea,olea,Correct
226,olea/Ole.O.euroX400wF(4264)(0)D-94.png,9,9,0.99974054,olea,olea,Correct
227,olea/Ole.O.euroX400wF(4265)(0)E-112.png,9,9,0.9999368,olea,olea,Correct
228,olea/Ole.O.euroX400wF(4265)(0)E-115.png,9,9,0.99999964,olea,olea,Correct
229,olea/Ole.O.euroX400wF(4265)(0)E-119.png,9,9,0.9999987,olea,olea,Correct
230,olea/Ole.O.euroX400wF(4265)(0)E-122.png,9,9,0.99998367,olea,olea,Correct
231,olea/Ole.O.euroX400wF(4265)(0)E-128.png,9,9,0.9999168,olea,olea,Correct
232,olea/Ole.O.euroX400wF(4265)(0)E-14.png,9,9,0.99999833,olea,olea,Correct
233,olea/Ole.O.euroX400wF(4265)(0)E-142.png,9,9,0.9999994,olea,olea,Correct
234,olea/Ole.O.euroX400wF(4265)(0)E-157.png,9,9,0.9999999,olea,olea,Correct
235,olea/Ole.O.euroX400wF(4265)(0)E-158.png,9,9,0.99991536,olea,olea,Correct
236,olea/Ole.O.euroX400wF(4265)(0)E-16.png,9,9,0.9999932,olea,olea,Correct
237,olea/Ole.O.euroX400wF(4265)(0)E-194.png,9,9,0.9999901,olea,olea,Correct
238,olea/Ole.O.euroX400wF(4265)(0)E-196.png,9,9,0.9999292,olea,olea,Correct
239,olea/Ole.O.euroX400wF(4265)(0)E-197.png,9,9,0.99987435,olea,olea,Correct
240,olea/Ole.O.euroX400wF(4265)(0)E-205.png,9,9,0.99999964,olea,olea,Correct
241,olea/Ole.O.euroX400wF(4265)(0)E-216.png,9,9,0.99998724,olea,olea,Correct
242,olea/Ole.O.euroX400wF(4265)(0)E-22.png,9,9,0.999998,olea,olea,Correct
243,olea/Ole.O.euroX400wF(4265)(0)E-221.png,9,9,0.9999982,olea,olea,Correct
244,olea/Ole.O.euroX400wF(4265)(0)E-23.png,9,9,0.9999877,olea,olea,Correct
245,olea/Ole.O.euroX400wF(4265)(0)E-34.png,9,9,1.0,olea,olea,Correct
246,olea/Ole.O.euroX400wF(4265)(0)E-46.png,9,9,0.9999981,olea,olea,Correct
247,olea/Ole.O.euroX400wF(4265)(0)E-63.png,9,9,0.9999845,olea,olea,Correct
248,olea/Ole.O.euroX400wF(4265)(0)E-66.png,9,9,0.9999995,olea,olea,Correct
249,olea/Ole.O.euroX400wF(4265)(0)E-7.png,9,9,0.99999464,olea,olea,Correct
250,olea/Ole.O.euroX400wF(4265)(0)E-81.png,9,9,0.99989974,olea,olea,Correct
251,olea/Ole.O.euroX400wF(4265)(0)E-95.png,9,9,0.99995863,olea,olea,Correct
252,olea/Ole.O.euroX400wF(4266)(0)F-101.png,9,9,0.99993086,olea,olea,Correct
253,olea/Ole.O.euroX400wF(4266)(0)F-104.png,9,9,0.99998045,olea,olea,Correct
254,olea/Ole.O.euroX400wF(4266)(0)F-109.png,9,9,0.99999726,olea,olea,Correct
255,olea/Ole.O.euroX400wF(4266)(0)F-125.png,9,9,0.9999962,olea,olea,Correct
256,olea/Ole.O.euroX400wF(4266)(0)F-14.png,9,9,0.9999993,olea,olea,Correct
257,olea/Ole.O.euroX400wF(4266)(0)F-2.png,9,9,0.9999993,olea,olea,Correct
258,olea/Ole.O.euroX400wF(4266)(0)F-25.png,9,9,0.9999999,olea,olea,Correct
259,olea/Ole.O.euroX400wF(4266)(0)F-31.png,9,9,1.0,olea,olea,Correct
260,olea/Ole.O.euroX400wF(4266)(0)F-53.png,9,9,0.99996173,olea,olea,Correct
261,olea/Ole.O.euroX400wF(4266)(0)F-72.png,9,9,0.99982977,olea,olea,Correct
262,olea/Ole.O.euroX400wF(4266)(0)F-8.png,9,9,0.9999982,olea,olea,Correct
263,olea/Ole.O.euroX400wF(4266)(0)F-86.png,9,9,0.9997452,olea,olea,Correct
264,olea/Ole.O.euroX400wF(4267)(0)G-19.png,9,9,0.9993925,olea,olea,Correct
265,olea/Ole.O.euroX400wF(4267)(0)G-22.png,9,9,0.99988747,olea,olea,Correct
266,olea/Ole.O.euroX400wF(4267)(0)G-36.png,9,9,0.9999999,olea,olea,Correct
267,olea/Ole.O.euroX400wF(4267)(0)G-45.png,9,9,0.9999988,olea,olea,Correct
268,olea/Ole.O.euroX400wF(4267)(0)G-8.png,9,9,0.9980019,olea,olea,Correct
269,origanum/Lam.O.micX400wF(884)(0)A-12.png,10,10,0.99673766,origanum,origanum,Correct
271,origanum/Lam.O.micX400wF(885)(0)B-7.png,10,10,0.9994259,origanum,origanum,Correct
272,origanum/Lam.O.micX400wF(886)(0)C-2.png,10,10,0.99920875,origanum,origanum,Correct
273,origanum/Lam.O.micX400wF(886)(0)C-24.png,10,10,0.9999522,origanum,origanum,Correct
274,origanum/Lam.O.micX400wF(886)(0)C-27.png,10,10,0.9999689,origanum,origanum,Correct
275,origanum/Lam.O.micX400wF(886)(0)C-4.png,10,10,0.99959975,origanum,origanum,Correct
276,origanum/Lam.O.micX400wF(886)(0)C-44.png,10,10,0.6747125,origanum,origanum,Correct
277,origanum/Lam.O.micX400wF(886)(0)C-9.png,10,10,0.9997913,origanum,origanum,Correct
278,origanum/Lam.O.micX400wF(889)(0)F-10.png,10,10,0.99999046,origanum,origanum,Correct
279,origanum/Lam.O.micX400wF(889)(0)F-24.png,10,10,0.99999654,origanum,origanum,Correct
280,origanum/Lam.O.micX400wF(889)(0)F-28.png,10,10,0.9960134,origanum,origanum,Correct
281,origanum/Lam.O.micX400wF(889)(0)F-39.png,10,10,0.9995863,origanum,origanum,Correct
282,origanum/Lam.O.micX400wF(889)(0)F-5.png,10,10,0.99999785,origanum,origanum,Correct
283,origanum/Lam.O.micX400wF(889)(0)F-50.png,10,10,0.99999785,origanum,origanum,Correct
284,origanum/Lam.O.micX400wF(889)(0)F-58.png,10,10,0.9999746,origanum,origanum,Correct
285,origanum/Lam.O.micX400wF(889)(0)F-62.png,10,10,0.99971753,origanum,origanum,Correct
286,oxalis/Oxa.O.pes.cX400wF(1733)(0)A-20.png,11,11,1.0,oxalis,oxalis,Correct
287,oxalis/Oxa.O.pes.cX400wF(1734)(0)B-1.png,11,11,0.9999981,oxalis,oxalis,Correct
288,oxalis/Oxa.O.pes.cX400wF(1734)(0)B-10.png,11,11,0.9999994,oxalis,oxalis,Correct
289,oxalis/Oxa.O.pes.cX400wF(1735)(0)C-2.png,11,11,1.0,oxalis,oxalis,Correct
290,oxalis/Oxa.O.pes.cX400wF(1735)(0)C-8.png,11,11,0.99999356,oxalis,oxalis,Correct
291,oxalis/Oxa.O.pes.cX400wF(1736)(0)D-9.png,11,11,0.9999999,oxalis,oxalis,Correct
292,oxalis/Oxa.O.pes.cX400wF(1738)(0)F-11.png,11,11,0.9999585,oxalis,oxalis,Correct
293,oxalis/Oxa.O.pes.cX400wF(1738)(0)F-15.png,11,11,0.99999964,oxalis,oxalis,Correct
295,oxalis/Oxa.O.pes.cX400wF(1742)(1741)J-12.png,11,11,0.9999962,oxalis,oxalis,Correct
296,oxalis/Oxa.O.pes.cX400wF(1742)(1741)J-13.png,11,11,0.9998485,oxalis,oxalis,Correct
297,oxalis/Oxa.O.pes.cX400wF(1742)(1741)J-2.png,11,11,0.99999523,oxalis,oxalis,Correct
298,oxalis/Oxa.O.pes.cX400wF(1742)(1741)J-9.png,11,11,0.9999999,oxalis,oxalis,Correct
299,oxalis/Oxa.O.pes.cX400wF(1743)(0)K-6.png,11,11,0.99999595,oxalis,oxalis,Correct
300,pinus/Pin.P.brutX400wF(3172)(0)B-3.png,12,12,1.0,pinus,pinus,Correct
301,pinus/Pin.P.brutX400wF(3174)(0)D-1.png,12,12,0.9999944,pinus,pinus,Correct
302,pinus/Pin.P.brutX400wF(3175)(0)E-2.png,12,12,0.9999999,pinus,pinus,Correct
303,pistacia/Ana.P.tereX400wF(3223)(0)B-4.png,13,13,0.99999845,pistacia,pistacia,Correct
304,pistacia/Ana.P.tereX400wF(3224)(0)C-9.png,13,13,0.99996173,pistacia,pistacia,Correct
305,pistacia/Ana.P.tereX400wF(3225)(0)D-4.png,13,13,0.9998159,pistacia,pistacia,Correct
306,salvia/Lam.S.triX400wF(2188)(0)A-2.png,14,14,0.9999682,salvia,salvia,Correct
307,salvia/Lam.S.triX400wF(2188)(0)A-3.png,14,14,1.0,salvia,salvia,Correct
308,salvia/Lam.S.triX400wF(2189)(0)B-15.png,14,14,0.99999666,salvia,salvia,Correct
309,salvia/Lam.S.triX400wF(2189)(0)B-49.png,14,14,1.0,salvia,salvia,Correct
310,salvia/Lam.S.triX400wF(2189)(0)B-63.png,14,14,1.0,salvia,salvia,Correct
311,salvia/Lam.S.triX400wF(2190)(0)C-11.png,14,14,1.0,salvia,salvia,Correct
312,salvia/Lam.S.triX400wF(2190)(0)C-14.png,14,14,1.0,salvia,salvia,Correct
313,salvia/Lam.S.triX400wF(2190)(0)C-23.png,14,14,1.0,salvia,salvia,Correct
314,salvia/Lam.S.triX400wF(2191)(0)D-18.png,14,14,1.0,salvia,salvia,Correct
315,salvia/Lam.S.triX400wF(2191)(0)D-29.png,14,14,1.0,salvia,salvia,Correct
316,salvia/Lam.S.triX400wF(2191)(0)D-32.png,14,14,1.0,salvia,salvia,Correct
317,salvia/Lam.S.triX400wF(2191)(0)D-33.png,14,14,0.9993863,salvia,salvia,Correct
318,salvia/Lam.S.triX400wF(2192)(0)E-2.png,14,14,1.0,salvia,salvia,Correct
319,salvia/Lam.S.triX400wF(2192)(0)E-7.png,14,14,1.0,salvia,salvia,Correct
320,salvia/Lam.S.triX400wF(2192)(0)E-8.png,14,14,1.0,salvia,salvia,Correct
321,salvia/Lam.S.triX400wF(2193)(0)F-10.png,14,14,0.99999964,salvia,salvia,Correct
322,salvia/Lam.S.triX400wF(2193)(0)F-20.png,14,14,1.0,salvia,salvia,Correct
323,salvia/Lam.S.triX400wF(2193)(0)F-8.png,14,14,0.99999857,salvia,salvia,Correct
324,satureja/Lam.S.thyX400wF(941)(937)A-2.png,15,15,0.99988854,satureja,satureja,Correct
325,satureja/Lam.S.thyX400wF(943)(990)C-9.png,15,15,0.9999989,satureja,satureja,Correct
326,satureja/Lam.S.thyX400wF(944)(940)E-17.png,15,15,0.6613885,satureja,satureja,Correct
327,satureja/Lam.S.thyX400wF(944)(940)E-26.png,15,15,0.9964935,satureja,satureja,Correct
328,satureja/Lam.S.thyX400wF(944)(940)E-7.png,15,15,0.9999999,satureja,satureja,Correct
329,satureja/Lam.S.thyX400wF(946)(0)G-2.png,15,15,0.9999999,satureja,satureja,Correct
330,satureja/Lam.S.thyX400wF(947)(0)H-4.png,15,15,0.8199094,satureja,satureja,Correct
331,sinapis/Bra.S.albX400wF(2150)(0)A-6.png,16,16,0.9999875,sinapis,sinapis,Correct
332,sinapis/Bra.S.albX400wF(2151)(0)B-16.png,16,16,0.99999976,sinapis,sinapis,Correct
333,sinapis/Bra.S.albX400wF(2151)(0)B-4.png,16,16,0.9999386,sinapis,sinapis,Correct
334,sinapis/Bra.S.albX400wF(2151)(0)B-7.png,16,16,0.99999857,sinapis,sinapis,Correct
335,sinapis/Bra.S.albX400wF(2152)(0)C-30.png,16,16,0.99999917,sinapis,sinapis,Correct
337,sinapis/Bra.S.albX400wF(2153)(0)D-14.png,16,16,0.99991584,sinapis,sinapis,Correct
338,sinapis/Bra.S.albX400wF(2153)(0)D-19.png,16,16,0.99999046,sinapis,sinapis,Correct
339,sinapis/Bra.S.albX400wF(2153)(0)D-2.png,16,16,0.9594564,sinapis,sinapis,Correct
340,sinapis/Bra.S.albX400wF(2153)(0)D-26.png,16,16,0.9978313,sinapis,sinapis,Correct
341,sinapis/Bra.S.albX400wF(2153)(0)D-7.png,16,16,0.99999917,sinapis,sinapis,Correct
342,sinapis/Bra.S.albX400wF(2154)(0)E-21.png,16,16,0.976853,sinapis,sinapis,Correct
344,sinapis/Bra.S.albX400wF(2154)(0)E-6.png,16,16,0.99798465,sinapis,sinapis,Correct
345,sinapis/Bra.S.albX400wF(2154)(0)E-8.png,16,16,0.9999994,sinapis,sinapis,Correct
346,sinapis/Bra.S.albX400wF(2155)(0)F-1.png,16,16,0.99654716,sinapis,sinapis,Correct
347,sinapis/Bra.S.albX400wF(2155)(0)F-10.png,16,16,0.9999999,sinapis,sinapis,Correct
348,sinapis/IMG_3701-5.png,16,16,0.9999931,sinapis,sinapis,Correct
349,sinapis/IMG_3704-10.png,16,16,0.9999989,sinapis,sinapis,Correct
350,sinapis/IMG_3704-17.png,16,16,1.0,sinapis,sinapis,Correct
351,thymbra/Lam.T.capX400wF(1029)(0)A-11.png,17,17,1.0,thymbra,thymbra,Correct
352,thymbra/Lam.T.capX400wF(1029)(0)A-13.png,17,17,1.0,thymbra,thymbra,Correct
353,thymbra/Lam.T.capX400wF(1029)(0)A-3.png,17,17,0.9999999,thymbra,thymbra,Correct
354,thymbra/Lam.T.capX400wF(1030)(0)B-4.png,17,17,1.0,thymbra,thymbra,Correct
355,thymbra/Lam.T.capX400wF(1032)(0)D-4.png,17,17,0.99994206,thymbra,thymbra,Correct
356,thymbra/Lam.T.capX400wF(1032)(0)D-9.png,17,17,0.99999404,thymbra,thymbra,Correct
357,thymbra/Lam.T.capX400wF(1033)(0)E-4.png,17,17,0.9999987,thymbra,thymbra,Correct
358,thymbra/x40 f (3)-3.png,17,17,0.99948585,thymbra,thymbra,Correct
359,thymbra/x40 f (3)-6.png,17,17,0.97992146,thymbra,thymbra,Correct
360,thymbra/x40 f (4)-18.png,17,17,0.99997485,thymbra,thymbra,Correct
361,thymbra/x40 f (4)-9.png,17,17,0.9999927,thymbra,thymbra,Correct
362,thymbra/x40 f (5)-12.png,17,17,0.9999987,thymbra,thymbra,Correct
363,thymbra/x40 f (5)-13.png,17,17,0.9999994,thymbra,thymbra,Correct
364,thymbra/x40 f (6)-13.png,17,17,1.0,thymbra,thymbra,Correct
365,urginea/Asp.U.marX400wF(5317)(0)A-1.png,18,18,1.0,urginea,urginea,Correct
366,urginea/Asp.U.marX400wF(5317)(0)A-13.png,18,18,0.9999987,urginea,urginea,Correct
367,urginea/Asp.U.marX400wF(5318)(0)B-4.png,18,18,0.99999475,urginea,urginea,Correct
368,urginea/Asp.U.marX400wF(5319)(0)C-14.png,18,18,0.999979,urginea,urginea,Correct
369,urginea/Asp.U.marX400wF(5320)(0)D-5.png,18,18,0.9999764,urginea,urginea,Correct
370,urginea/Asp.U.marX400wF(5320)(0)D-7.png,18,18,0.9999958,urginea,urginea,Correct
371,urginea/Asp.U.marX400wF(5321)(0)E-11.png,18,18,0.99999964,urginea,urginea,Correct
372,urginea/Asp.U.marX400wF(5321)(0)E-7.png,18,18,0.9999995,urginea,urginea,Correct
373,urginea/Asp.U.marX400wF(5322)(0)F-1.png,18,18,0.9992913,urginea,urginea,Correct
374,urginea/Asp.U.marX400wF(5323)(0)G-14.png,18,18,1.0,urginea,urginea,Correct
375,urginea/Asp.U.marX400wF(5323)(0)G-4.png,18,18,0.9999993,urginea,urginea,Correct
376,vitis/Vit.V.viniX400wF(4978)(0)A-13.png,19,19,0.9992206,vitis,vitis,Correct
378,vitis/Vit.V.viniX400wF(4978)(0)A-25.png,19,19,0.99991834,vitis,vitis,Correct
379,vitis/Vit.V.viniX400wF(4980)(0)C-13.png,19,19,1.0,vitis,vitis,Correct
380,vitis/Vit.V.viniX400wF(4980)(0)C-15.png,19,19,0.99999976,vitis,vitis,Correct
381,vitis/Vit.V.viniX400wF(4980)(0)C-21.png,19,19,0.99999905,vitis,vitis,Correct
382,vitis/Vit.V.viniX400wF(4981)(0)D-21.png,19,19,0.99964714,vitis,vitis,Correct
383,vitis/Vit.V.viniX400wF(4981)(0)D-27.png,19,19,0.99999905,vitis,vitis,Correct
384,vitis/Vit.V.viniX400wF(4981)(0)D-31.png,19,19,0.98395616,vitis,vitis,Correct
385,vitis/Vit.V.viniX400wF(4981)(0)D-32.png,19,19,0.9999815,vitis,vitis,Correct
386,vitis/Vit.V.viniX400wF(4981)(0)D-35.png,19,19,0.99999595,vitis,vitis,Correct
387,vitis/Vit.V.viniX400wF(4981)(0)D-36.png,19,19,0.99999845,vitis,vitis,Correct
388,vitis/Vit.V.viniX400wF(4981)(0)D-8.png,19,19,0.99999905,vitis,vitis,Correct
389,vitis/Vit.V.viniX400wF(4982)(0)E-45.png,19,19,0.9999869,vitis,vitis,Correct
390,vitis/Vit.V.viniX400wF(4982)(0)E-8.png,19,19,0.99969757,vitis,vitis,Correct
391,vitis/Vit.V.viniX400wF(4983)(0)F-15.png,19,19,0.99993706,vitis,vitis,Correct
392,vitis/Vit.V.viniX400wF(4983)(0)F-18.png,19,19,0.99981946,vitis,vitis,Correct
393,vitis/Vit.V.viniX400wF(4983)(0)F-24.png,19,19,0.9917911,vitis,vitis,Correct
394,vitis/Vit.V.viniX400wF(4983)(0)F-25.png,19,19,0.99999833,vitis,vitis,Correct
395,vitis/Vit.V.viniX400wF(4984)(0)G-18.png,19,19,0.9995197,vitis,vitis,Correct
396,vitis/Vit.V.viniX400wF(4984)(0)G-25.png,19,19,0.99802125,vitis,vitis,Correct
397,vitis/Vit.V.viniX400wF(4984)(0)G-34.png,19,19,0.99992573,vitis,vitis,Correct
398,vitis/Vit.V.viniX400wF(4984)(0)G-37.png,19,19,0.99999404,vitis,vitis,Correct
399,vitis/Vit.V.viniX400wF(4984)(0)G-7.png,19,19,0.9999926,vitis,vitis,Correct
400,vitis/Vit.V.viniX400wF(4984)(0)G-9.png,19,19,0.99956757,vitis,vitis,Correct
401,vitis/Vit.V.viniX400wF(4985)(0)H-10.png,19,19,0.99999964,vitis,vitis,Correct
402,vitis/Vit.V.viniX400wF(4985)(0)H-12.png,19,19,0.9999969,vitis,vitis,Correct
0,asphodelus/Asp.A.ramX400wF(1984)(0)A-3.png,0,0,0.9999994,asphodelus,asphodelus,Correct
1,asphodelus/Asp.A.ramX400wF(1988)(0)E-1.png,0,0,0.99809784,asphodelus,asphodelus,Correct
2,asphodelus/Asp.A.ramX400wF(1989)(0)F-5.png,0,0,0.9999944,asphodelus,asphodelus,Correct
3,asphodelus/Asp.A.ramX400wF(1990)(0)G-5.png,0,0,0.99996364,asphodelus,asphodelus,Correct
5,calicotome/Fab.C.vilX400wF(2017)(0)B-14.png,1,1,0.9835074,calicotome,calicotome,Correct
6,calicotome/Fab.C.vilX400wF(2017)(0)B-17.png,1,1,0.9988519,calicotome,calicotome,Correct
7,calicotome/Fab.C.vilX400wF(2019)(0)D-109.png,1,1,0.999998,calicotome,calicotome,Correct
8,calicotome/Fab.C.vilX400wF(2019)(0)D-114.png,1,1,0.9998901,calicotome,calicotome,Correct
9,calicotome/Fab.C.vilX400wF(2019)(0)D-20.png,1,1,0.9998555,calicotome,calicotome,Correct
10,calicotome/Fab.C.vilX400wF(2019)(0)D-28.png,1,1,0.9996026,calicotome,calicotome,Correct
11,calicotome/Fab.C.vilX400wF(2019)(0)D-36.png,1,1,0.9999939,calicotome,calicotome,Correct
12,calicotome/Fab.C.vilX400wF(2019)(0)D-37.png,1,1,0.999967,calicotome,calicotome,Correct
13,calicotome/Fab.C.vilX400wF(2019)(0)D-45.png,1,1,0.9998311,calicotome,calicotome,Correct
14,calicotome/Fab.C.vilX400wF(2019)(0)D-5.png,1,1,0.9999993,calicotome,calicotome,Correct
15,calicotome/Fab.C.vilX400wF(2019)(0)D-58.png,1,1,0.99969506,calicotome,calicotome,Correct
16,calicotome/Fab.C.vilX400wF(2019)(0)D-6.png,1,1,0.99829227,calicotome,calicotome,Correct
17,calicotome/Fab.C.vilX400wF(2019)(0)D-65.png,1,1,0.9999987,calicotome,calicotome,Correct
18,calicotome/Fab.C.vilX400wF(2019)(0)D-69.png,1,1,0.99991584,calicotome,calicotome,Correct
19,calicotome/Fab.C.vilX400wF(2019)(0)D-80.png,1,1,0.99994457,calicotome,calicotome,Correct
20,calicotome/Fab.C.vilX400wF(2019)(0)D-89.png,1,1,0.99999106,calicotome,calicotome,Correct
21,calicotome/Fab.C.vilX400wF(2019)(0)D-9.png,1,1,0.9998658,calicotome,calicotome,Correct
22,calicotome/Fab.C.vilX400wF(2020)(0)E-11.png,1,1,0.99998856,calicotome,calicotome,Correct
23,calicotome/Fab.C.vilX400wF(2020)(0)E-27.png,1,1,0.99991274,calicotome,calicotome,Correct
24,calicotome/Fab.C.vilX400wF(2020)(0)E-4.png,1,1,0.999979,calicotome,calicotome,Correct
25,calicotome/Fab.C.vilX400wF(2020)(0)E-46.png,1,1,0.99999213,calicotome,calicotome,Correct
26,calicotome/Fab.C.vilX400wF(2020)(0)E-49.png,1,1,0.9999807,calicotome,calicotome,Correct
27,calicotome/Fab.C.vilX400wF(2020)(0)E-50.png,1,1,0.9999585,calicotome,calicotome,Correct
28,calicotome/Fab.C.vilX400wF(2020)(0)E-51.png,1,1,0.9997507,calicotome,calicotome,Correct
29,calicotome/Fab.C.vilX400wF(2020)(0)E-52.png,1,1,0.9999993,calicotome,calicotome,Correct
30,calicotome/Fab.C.vilX400wF(2020)(0)E-56.png,1,1,0.99999976,calicotome,calicotome,Correct
31,calicotome/Fab.C.vilX400wF(2020)(0)E-64.png,1,1,0.99959,calicotome,calicotome,Correct
32,calicotome/Fab.C.vilX400wF(2020)(0)E-74.png,1,1,0.99968934,calicotome,calicotome,Correct
33,calicotome/Fab.C.vilX400wF(2020)(0)E-95.png,1,1,0.9997837,calicotome,calicotome,Correct
34,castanea/Fag.C.satX400wF(781)(0)A-1.png,2,2,0.9999958,castanea,castanea,Correct
35,castanea/Fag.C.satX400wF(781)(0)A-35.png,2,2,0.9999827,castanea,castanea,Correct
36,castanea/Fag.C.satX400wF(782)(0)B-10.png,2,2,0.94312453,castanea,castanea,Correct
37,castanea/Fag.C.satX400wF(782)(0)B-2.png,2,2,0.9640138,castanea,castanea,Correct
38,castanea/Fag.C.satX400wF(783)(0)C-10.png,2,2,0.9999919,castanea,castanea,Correct
39,castanea/Fag.C.satX400wF(783)(0)C-11.png,2,2,0.99977106,castanea,castanea,Correct
40,castanea/Fag.C.satX400wF(783)(0)C-5.png,2,2,0.99885297,castanea,castanea,Correct
41,castanea/Fag.C.satX400wF(784)(0)D-13.png,2,2,0.9999927,castanea,castanea,Correct
42,castanea/Fag.C.satX400wF(785)(0)E-2.png,2,2,0.99989593,castanea,castanea,Correct
43,castanea/Fag.C.satX400wF(785)(0)E-6.png,2,2,0.9999201,castanea,castanea,Correct
44,castanea/Fag.C.satX400wF(792)(781)G-1.png,2,2,0.9999871,castanea,castanea,Correct
45,castanea/Fag.C.satX400wF(792)(781)G-10.png,2,2,0.99827254,castanea,castanea,Correct
46,castanea/Fag.C.satX400wF(792)(781)G-15.png,2,2,0.9999707,castanea,castanea,Correct
47,castanea/Fag.C.satX400wF(792)(781)G-25.png,2,2,0.99999094,castanea,castanea,Correct
48,castanea/Fag.C.satX400wF(792)(781)G-33.png,2,2,0.99999714,castanea,castanea,Correct
49,castanea/Fag.C.satX400wF(792)(781)G-39.png,2,2,0.99999654,castanea,castanea,Correct
50,castanea/Fag.C.satX400wF(792)(781)G-40.png,2,2,0.9999863,castanea,castanea,Correct
51,castanea/Fag.C.satX400wF(792)(781)G-9.png,2,2,0.99993134,castanea,castanea,Correct
52,castanea/Fag.C.satX400wF(793)(781)H-10.png,2,2,0.9978005,castanea,castanea,Correct
53,castanea/Fag.C.satX400wF(793)(781)H-16.png,2,2,0.999421,castanea,castanea,Correct
54,castanea/Fag.C.satX400wF(793)(781)H-38.png,2,2,0.9999654,castanea,castanea,Correct
55,ceratonia/Fab.C.silX400wF(475)(0)A-15.png,3,3,0.99996996,ceratonia,ceratonia,Correct
56,ceratonia/Fab.C.silX400wF(475)(0)A-4.png,3,3,0.98700887,ceratonia,ceratonia,Correct
57,ceratonia/Fab.C.silX400wF(475)(0)A-5.png,3,3,0.99980646,ceratonia,ceratonia,Correct
58,ceratonia/Fab.C.silX400wF(476)(0)B-12.png,3,3,0.99954444,ceratonia,ceratonia,Correct
59,ceratonia/Fab.C.silX400wF(476)(0)B-3.png,3,3,0.9998703,ceratonia,ceratonia,Correct
60,ceratonia/Fab.C.silX400wF(476)(0)B-9.png,3,3,0.9999213,ceratonia,ceratonia,Correct
61,ceratonia/Fab.C.silX400wF(478)(0)D-9.png,3,3,0.9991756,ceratonia,ceratonia,Correct
62,ceratonia/Fab.C.silX400wF(480)(0)F-13.png,3,3,0.99690896,ceratonia,ceratonia,Correct
63,ceratonia/Fab.C.silX400wF(481)(0)G-16.png,3,3,0.9999509,ceratonia,ceratonia,Correct
64,ceratonia/Fab.C.silX400wF(481)(0)G-17.png,3,3,0.9998919,ceratonia,ceratonia,Correct
65,ebenus/Fab.E.creX400wF(697)(0)E-1.png,4,4,0.99715567,ebenus,ebenus,Correct
66,ebenus/Fab.E.creX400wF(698)(0)F-2.png,4,4,0.99915135,ebenus,ebenus,Correct
67,ebenus/Fab.E.creX400wF(698)(0)F-5.png,4,4,0.99998915,ebenus,ebenus,Correct
68,erica/Eri.E.maniX400wF(5356)(0)B-12.png,5,5,0.99983776,erica,erica,Correct
69,erica/Eri.E.maniX400wF(5356)(0)B-15.png,5,5,0.99999917,erica,erica,Correct
70,erica/Eri.E.maniX400wF(5356)(0)B-6.png,5,5,0.9999825,erica,erica,Correct
71,erica/Eri.E.maniX400wF(5357)(0)C-3.png,5,5,0.99999964,erica,erica,Correct
72,erica/Eri.E.maniX400wF(5358)(0)D-13.png,5,5,0.99999964,erica,erica,Correct
73,erica/Eri.E.maniX400wF(5358)(0)D-17.png,5,5,0.99945,erica,erica,Correct
74,erica/Eri.E.maniX400wF(5359)(0)E-10.png,5,5,0.99987376,erica,erica,Correct
75,erica/Eri.E.maniX400wF(5359)(0)E-25.png,5,5,0.9929201,erica,erica,Correct
76,erica/Eri.E.maniX400wF(5359)(0)E-5.png,5,5,0.9999964,erica,erica,Correct
77,erica/Eri.E.maniX400wF(5359)(0)E-7.png,5,5,0.9995528,erica,erica,Correct
78,erica/Eri.E.maniX400wF(5360)(0)F-29.png,5,5,0.79686666,erica,erica,Correct
79,erica/Eri.E.maniX400wF(5361)(0)G-9.png,5,5,0.9999615,erica,erica,Correct
80,erica/Eri.E.maniX400wF(5362)(0)H-12.png,5,5,0.9999982,erica,erica,Correct
81,erica/Eri.E.maniX400wF(5362)(0)H-15.png,5,5,0.99999106,erica,erica,Correct
82,erica/Eri.E.maniX400wF(5362)(0)H-4.png,5,5,0.96459,erica,erica,Correct
83,erica/Eri.E.maniX400wF(5363)(0)I-14.png,5,5,0.9999999,erica,erica,Correct
84,erica/Eri.E.maniX400wF(5363)(0)I-17.png,5,5,1.0,erica,erica,Correct
85,erica/Eri.E.maniX400wF(5363)(0)I-5.png,5,5,0.99991095,erica,erica,Correct
86,eucalyptus/Myr.E.camaX400wF(1866)(0)A-3.png,6,6,0.9982652,eucalyptus,eucalyptus,Correct
87,eucalyptus/Myr.E.camaX400wF(1868)(0)C-1.png,6,6,0.998248,eucalyptus,eucalyptus,Correct
88,eucalyptus/Myr.E.camaX400wF(1868)(0)C-12.png,6,6,0.87396175,eucalyptus,eucalyptus,Correct
89,eucalyptus/Myr.E.camaX400wF(1868)(0)C-9.png,6,6,0.9996964,eucalyptus,eucalyptus,Correct
90,eucalyptus/Myr.E.camaX400wF(1869)(0)D-3.png,6,6,0.9847013,eucalyptus,eucalyptus,Correct
91,eucalyptus/Myr.E.camaX400wF(1870)(0)E-10.png,6,6,0.9999975,eucalyptus,eucalyptus,Correct
92,eucalyptus/Myr.E.camaX400wF(1870)(0)E-5.png,6,6,0.9932956,eucalyptus,eucalyptus,Correct
93,eucalyptus/Myr.E.camaX400wF(1871)(0)F-2.png,6,6,0.98184454,eucalyptus,eucalyptus,Correct
94,eucalyptus/Myr.E.camaX400wF(1871)(0)F-3.png,6,6,0.9999672,eucalyptus,eucalyptus,Correct
95,eucalyptus/Myr.E.camaX400wF(2962)(0)H-1.png,6,6,0.99999976,eucalyptus,eucalyptus,Correct
96,eucalyptus/Myr.E.camaX400wF(2962)(0)H-11.png,6,6,0.9999995,eucalyptus,eucalyptus,Correct
97,eucalyptus/Myr.E.camaX400wF(2962)(0)H-7.png,6,6,0.999997,eucalyptus,eucalyptus,Correct
98,eucalyptus/Myr.E.camaX400wF(2963)(0)I-14.png,6,6,0.99993813,eucalyptus,eucalyptus,Correct
99,eucalyptus/Myr.E.camaX400wF(2964)(0)J-19.png,6,6,0.9999993,eucalyptus,eucalyptus,Correct
100,eucalyptus/Myr.E.camaX400wF(2964)(0)J-31.png,6,6,0.9999999,eucalyptus,eucalyptus,Correct
101,eucalyptus/Myr.E.camaX400wF(2964)(0)J-5.png,6,6,0.99952435,eucalyptus,eucalyptus,Correct
102,eucalyptus/Myr.E.camaX400wF(2965)(0)K-10.png,6,6,0.99999857,eucalyptus,eucalyptus,Correct
103,ferula/Api.F.comX400wF(2135)(0)A-16.png,7,7,0.999933,ferula,ferula,Correct
104,ferula/Api.F.comX400wF(2136)(0)B-8.png,7,7,0.9863187,ferula,ferula,Correct
105,ferula/Api.F.comX400wF(2136)(0)B-9.png,7,7,0.997378,ferula,ferula,Correct
106,ferula/Api.F.comX400wF(2137)(0)C-3.png,7,7,0.99955016,ferula,ferula,Correct
107,ferula/Api.F.comX400wF(2137)(0)C-5.png,7,7,0.99891365,ferula,ferula,Correct
108,ferula/Api.F.comX400wF(2137)(0)C-9.png,7,7,0.99986446,ferula,ferula,Correct
109,ferula/Api.F.comX400wF(2138)(0)D-8.png,7,7,0.9994404,ferula,ferula,Correct
110,ferula/Api.F.comX400wF(2139)(0)E-20.png,7,7,0.9967378,ferula,ferula,Correct
111,myrtus/IMG_3734-100.png,8,8,0.99918026,myrtus,myrtus,Correct
112,myrtus/IMG_3734-102.png,8,8,0.99992454,myrtus,myrtus,Correct
113,myrtus/IMG_3734-113.png,8,8,0.999923,myrtus,myrtus,Correct
114,myrtus/IMG_3734-120.png,8,8,0.99986446,myrtus,myrtus,Correct
115,myrtus/IMG_3734-122.png,8,8,0.99998665,myrtus,myrtus,Correct
116,myrtus/IMG_3734-135.png,8,8,0.999918,myrtus,myrtus,Correct
117,myrtus/IMG_3734-65.png,8,8,0.999912,myrtus,myrtus,Correct
118,myrtus/IMG_3734-79.png,8,8,0.9999906,myrtus,myrtus,Correct
119,myrtus/IMG_3734-81.png,8,8,0.9970161,myrtus,myrtus,Correct
120,myrtus/IMG_3734-85.png,8,8,0.9999865,myrtus,myrtus,Correct
121,myrtus/IMG_3734-86.png,8,8,0.99976605,myrtus,myrtus,Correct
122,myrtus/IMG_3734-92.png,8,8,0.99999726,myrtus,myrtus,Correct
123,myrtus/IMG_3735-22.png,8,8,0.9994636,myrtus,myrtus,Correct
124,myrtus/IMG_3736-1.png,8,8,0.99951816,myrtus,myrtus,Correct
125,myrtus/IMG_3736-12.png,8,8,0.99934715,myrtus,myrtus,Correct
126,myrtus/IMG_3736-13.png,8,8,0.9999685,myrtus,myrtus,Correct
127,myrtus/IMG_3736-47.png,8,8,0.9999757,myrtus,myrtus,Correct
128,myrtus/IMG_3736-72.png,8,8,0.9998467,myrtus,myrtus,Correct
129,myrtus/IMG_3737-14.png,8,8,0.9997905,myrtus,myrtus,Correct
130,myrtus/IMG_3737-25.png,8,8,0.9992436,myrtus,myrtus,Correct
131,myrtus/IMG_3737-32.png,8,8,0.99999654,myrtus,myrtus,Correct
132,myrtus/IMG_3737-35.png,8,8,0.99846613,myrtus,myrtus,Correct
133,myrtus/IMG_3737-36.png,8,8,0.9999064,myrtus,myrtus,Correct
134,myrtus/IMG_3737-52.png,8,8,0.9999919,myrtus,myrtus,Correct
135,myrtus/IMG_3737-69.png,8,8,0.99718285,myrtus,myrtus,Correct
136,myrtus/IMG_3738-104.png,8,8,0.99977356,myrtus,myrtus,Correct
137,myrtus/IMG_3738-107.png,8,8,0.99988866,myrtus,myrtus,Correct
138,myrtus/IMG_3738-12.png,8,8,0.8890956,myrtus,myrtus,Correct
139,myrtus/IMG_3738-124.png,8,8,0.9999255,myrtus,myrtus,Correct
140,myrtus/IMG_3738-13.png,8,8,0.9999932,myrtus,myrtus,Correct
141,myrtus/IMG_3738-133.png,8,8,0.99999714,myrtus,myrtus,Correct
142,myrtus/IMG_3738-143.png,8,8,0.9995396,myrtus,myrtus,Correct
143,myrtus/IMG_3738-146.png,8,8,0.99975723,myrtus,myrtus,Correct
144,myrtus/IMG_3738-150.png,8,8,0.99598974,myrtus,myrtus,Correct
145,myrtus/IMG_3738-21.png,8,8,0.99998415,myrtus,myrtus,Correct
146,myrtus/IMG_3738-27.png,8,8,0.9997559,myrtus,myrtus,Correct
147,myrtus/IMG_3738-32.png,8,8,0.9998442,myrtus,myrtus,Correct
148,myrtus/IMG_3738-35.png,8,8,0.9999981,myrtus,myrtus,Correct
149,myrtus/IMG_3738-36.png,8,8,0.99999654,myrtus,myrtus,Correct
150,myrtus/IMG_3738-37.png,8,8,0.9999367,myrtus,myrtus,Correct
151,myrtus/IMG_3738-5.png,8,8,0.99993634,myrtus,myrtus,Correct
152,myrtus/IMG_3738-61.png,8,8,0.9930027,myrtus,myrtus,Correct
153,myrtus/IMG_3738-86.png,8,8,0.99988055,myrtus,myrtus,Correct
154,myrtus/IMG_3741-43.png,8,8,0.9999827,myrtus,myrtus,Correct
155,myrtus/IMG_3741-8.png,8,8,0.9999691,myrtus,myrtus,Correct
156,myrtus/IMG_3742-12.png,8,8,0.9999827,myrtus,myrtus,Correct
157,myrtus/IMG_3742-14.png,8,8,0.99998116,myrtus,myrtus,Correct
158,myrtus/IMG_3742-17.png,8,8,0.9999008,myrtus,myrtus,Correct
159,myrtus/IMG_3742-26.png,8,8,0.9998429,myrtus,myrtus,Correct
160,myrtus/IMG_3742-44.png,8,8,0.99997413,myrtus,myrtus,Correct
161,myrtus/IMG_3742-47.png,8,8,0.99994004,myrtus,myrtus,Correct
162,myrtus/IMG_3743-10.png,8,8,0.95419043,myrtus,myrtus,Correct
163,myrtus/IMG_3743-35.png,8,8,0.99960536,myrtus,myrtus,Correct
164,myrtus/IMG_3744-15.png,8,8,0.99996376,myrtus,myrtus,Correct
165,myrtus/IMG_3744-2.png,8,8,0.9974483,myrtus,myrtus,Correct
166,myrtus/IMG_3744-33.png,8,8,0.999905,myrtus,myrtus,Correct
167,myrtus/IMG_3744-48.png,8,8,0.99960715,myrtus,myrtus,Correct
168,myrtus/Myr.M.comX400wF(1095)(1091)A-15.png,8,8,0.99994624,myrtus,myrtus,Correct
169,myrtus/Myr.M.comX400wF(1095)(1091)A-27.png,8,8,0.99998164,myrtus,myrtus,Correct
170,myrtus/Myr.M.comX400wF(1095)(1091)A-33.png,8,8,0.99978167,myrtus,myrtus,Correct
171,myrtus/Myr.M.comX400wF(1095)(1091)A-37.png,8,8,0.9999864,myrtus,myrtus,Correct
172,myrtus/Myr.M.comX400wF(1095)(1091)A-38.png,8,8,0.99993694,myrtus,myrtus,Correct
173,myrtus/Myr.M.comX400wF(1095)(1091)A-41.png,8,8,0.99993837,myrtus,myrtus,Correct
174,myrtus/Myr.M.comX400wF(1095)(1091)A-51.png,8,8,0.9991555,myrtus,myrtus,Correct
175,myrtus/Myr.M.comX400wF(1095)(1091)A-62.png,8,8,0.9999975,myrtus,myrtus,Correct
176,myrtus/Myr.M.comX400wF(1095)(1091)A-8.png,8,8,0.9999968,myrtus,myrtus,Correct
177,myrtus/Myr.M.comX400wF(1095)(1091)A-86.png,8,8,0.9995115,myrtus,myrtus,Correct
178,myrtus/Myr.M.comX400wF(1095)(1091)A-93.png,8,8,0.9999695,myrtus,myrtus,Correct
179,myrtus/Myr.M.comX400wF(1097)(1090)C-13.png,8,8,0.9999186,myrtus,myrtus,Correct
180,myrtus/Myr.M.comX400wF(1097)(1090)C-18.png,8,8,0.99999535,myrtus,myrtus,Correct
181,myrtus/Myr.M.comX400wF(1097)(1090)C-27.png,8,8,0.99980706,myrtus,myrtus,Correct
182,myrtus/Myr.M.comX400wF(1097)(1090)C-38.png,8,8,0.99982685,myrtus,myrtus,Correct
183,myrtus/Myr.M.comX400wF(1097)(1090)C-40.png,8,8,0.99999475,myrtus,myrtus,Correct
184,myrtus/Myr.M.comX400wF(1097)(1090)C-41.png,8,8,0.99996877,myrtus,myrtus,Correct
185,myrtus/Myr.M.comX400wF(1097)(1090)C-43.png,8,8,0.9999924,myrtus,myrtus,Correct
186,myrtus/Myr.M.comX400wF(1097)(1090)C-58.png,8,8,0.99999094,myrtus,myrtus,Correct
187,myrtus/Myr.M.comX400wF(1097)(1090)C-65.png,8,8,0.9999999,myrtus,myrtus,Correct
188,myrtus/Myr.M.comX400wF(1097)(1090)C-69.png,8,8,0.9999896,myrtus,myrtus,Correct
189,myrtus/Myr.M.comX400wF(1097)(1090)C-85.png,8,8,0.99999285,myrtus,myrtus,Correct
190,olea/Ole.O.euroX400wF(4261)(0)A-25.png,9,9,0.9989121,olea,olea,Correct
191,olea/Ole.O.euroX400wF(4261)(0)A-26.png,9,9,0.9803355,olea,olea,Correct
192,olea/Ole.O.euroX400wF(4261)(0)A-3.png,9,9,0.995014,olea,olea,Correct
193,olea/Ole.O.euroX400wF(4261)(0)A-49.png,9,9,0.99971944,olea,olea,Correct
194,olea/Ole.O.euroX400wF(4262)(0)B-14.png,9,9,0.99999595,olea,olea,Correct
195,olea/Ole.O.euroX400wF(4262)(0)B-27.png,9,9,0.9996215,olea,olea,Correct
196,olea/Ole.O.euroX400wF(4263)(0)C-10.png,9,9,0.99999225,olea,olea,Correct
197,olea/Ole.O.euroX400wF(4263)(0)C-129.png,9,9,0.99999654,olea,olea,Correct
198,olea/Ole.O.euroX400wF(4263)(0)C-136.png,9,9,0.99999785,olea,olea,Correct
199,olea/Ole.O.euroX400wF(4263)(0)C-150.png,9,9,0.9999981,olea,olea,Correct
200,olea/Ole.O.euroX400wF(4263)(0)C-156.png,9,9,0.9999951,olea,olea,Correct
201,olea/Ole.O.euroX400wF(4263)(0)C-173.png,9,9,0.99854845,olea,olea,Correct
202,olea/Ole.O.euroX400wF(4263)(0)C-176.png,9,9,0.9999032,olea,olea,Correct
203,olea/Ole.O.euroX400wF(4263)(0)C-181.png,9,9,0.99977237,olea,olea,Correct
204,olea/Ole.O.euroX400wF(4263)(0)C-194.png,9,9,0.99999404,olea,olea,Correct
205,olea/Ole.O.euroX400wF(4263)(0)C-195.png,9,9,0.9999646,olea,olea,Correct
206,olea/Ole.O.euroX400wF(4263)(0)C-20.png,9,9,0.9998939,olea,olea,Correct
207,olea/Ole.O.euroX400wF(4263)(0)C-28.png,9,9,0.9999993,olea,olea,Correct
208,olea/Ole.O.euroX400wF(4263)(0)C-32.png,9,9,0.9999758,olea,olea,Correct
209,olea/Ole.O.euroX400wF(4263)(0)C-41.png,9,9,0.99833494,olea,olea,Correct
210,olea/Ole.O.euroX400wF(4263)(0)C-46.png,9,9,0.99999607,olea,olea,Correct
211,olea/Ole.O.euroX400wF(4263)(0)C-5.png,9,9,0.9999962,olea,olea,Correct
212,olea/Ole.O.euroX400wF(4263)(0)C-74.png,9,9,0.99995077,olea,olea,Correct
213,olea/Ole.O.euroX400wF(4263)(0)C-79.png,9,9,0.99999094,olea,olea,Correct
214,olea/Ole.O.euroX400wF(4263)(0)C-89.png,9,9,0.9999901,olea,olea,Correct
215,olea/Ole.O.euroX400wF(4263)(0)C-91.png,9,9,0.99997354,olea,olea,Correct
216,olea/Ole.O.euroX400wF(4264)(0)D-102.png,9,9,0.99999607,olea,olea,Correct
217,olea/Ole.O.euroX400wF(4264)(0)D-116.png,9,9,0.9999962,olea,olea,Correct
218,olea/Ole.O.euroX400wF(4264)(0)D-121.png,9,9,0.99999917,olea,olea,Correct
219,olea/Ole.O.euroX400wF(4264)(0)D-123.png,9,9,0.9985769,olea,olea,Correct
220,olea/Ole.O.euroX400wF(4264)(0)D-129.png,9,9,0.9999995,olea,olea,Correct
221,olea/Ole.O.euroX400wF(4264)(0)D-132.png,9,9,0.9999993,olea,olea,Correct
222,olea/Ole.O.euroX400wF(4264)(0)D-45.png,9,9,0.9999987,olea,olea,Correct
223,olea/Ole.O.euroX400wF(4264)(0)D-54.png,9,9,0.9999957,olea,olea,Correct
224,olea/Ole.O.euroX400wF(4264)(0)D-57.png,9,9,0.9995443,olea,olea,Correct
225,olea/Ole.O.euroX400wF(4264)(0)D-63.png,9,9,0.9999939,olea,olea,Correct
226,olea/Ole.O.euroX400wF(4264)(0)D-68.png,9,9,0.99992394,olea,olea,Correct
227,olea/Ole.O.euroX400wF(4264)(0)D-77.png,9,9,0.9999964,olea,olea,Correct
228,olea/Ole.O.euroX400wF(4264)(0)D-86.png,9,9,0.99993765,olea,olea,Correct
229,olea/Ole.O.euroX400wF(4264)(0)D-92.png,9,9,0.9999733,olea,olea,Correct
230,olea/Ole.O.euroX400wF(4264)(0)D-95.png,9,9,0.9999821,olea,olea,Correct
231,olea/Ole.O.euroX400wF(4265)(0)E-108.png,9,9,0.9931946,olea,olea,Correct
232,olea/Ole.O.euroX400wF(4265)(0)E-132.png,9,9,0.99913776,olea,olea,Correct
233,olea/Ole.O.euroX400wF(4265)(0)E-139.png,9,9,0.99999464,olea,olea,Correct
234,olea/Ole.O.euroX400wF(4265)(0)E-143.png,9,9,0.9999995,olea,olea,Correct
235,olea/Ole.O.euroX400wF(4265)(0)E-153.png,9,9,0.99998176,olea,olea,Correct
236,olea/Ole.O.euroX400wF(4265)(0)E-17.png,9,9,0.99998164,olea,olea,Correct
237,olea/Ole.O.euroX400wF(4265)(0)E-18.png,9,9,0.996789,olea,olea,Correct
238,olea/Ole.O.euroX400wF(4265)(0)E-187.png,9,9,0.99999714,olea,olea,Correct
239,olea/Ole.O.euroX400wF(4265)(0)E-192.png,9,9,0.9999932,olea,olea,Correct
240,olea/Ole.O.euroX400wF(4265)(0)E-204.png,9,9,0.99998164,olea,olea,Correct
241,olea/Ole.O.euroX400wF(4265)(0)E-207.png,9,9,0.99902165,olea,olea,Correct
242,olea/Ole.O.euroX400wF(4265)(0)E-21.png,9,9,0.99997544,olea,olea,Correct
243,olea/Ole.O.euroX400wF(4265)(0)E-26.png,9,9,0.99995077,olea,olea,Correct
244,olea/Ole.O.euroX400wF(4265)(0)E-32.png,9,9,0.9999938,olea,olea,Correct
245,olea/Ole.O.euroX400wF(4265)(0)E-4.png,9,9,0.9994355,olea,olea,Correct
246,olea/Ole.O.euroX400wF(4265)(0)E-44.png,9,9,0.99957746,olea,olea,Correct
247,olea/Ole.O.euroX400wF(4265)(0)E-55.png,9,9,0.99998415,olea,olea,Correct
248,olea/Ole.O.euroX400wF(4265)(0)E-57.png,9,9,0.9998727,olea,olea,Correct
249,olea/Ole.O.euroX400wF(4265)(0)E-68.png,9,9,0.99966073,olea,olea,Correct
250,olea/Ole.O.euroX400wF(4265)(0)E-75.png,9,9,0.99999833,olea,olea,Correct
251,olea/Ole.O.euroX400wF(4265)(0)E-84.png,9,9,0.9995161,olea,olea,Correct
252,olea/Ole.O.euroX400wF(4265)(0)E-90.png,9,9,0.9999988,olea,olea,Correct
253,olea/Ole.O.euroX400wF(4265)(0)E-93.png,9,9,0.9999832,olea,olea,Correct
254,olea/Ole.O.euroX400wF(4266)(0)F-100.png,9,9,0.9999981,olea,olea,Correct
255,olea/Ole.O.euroX400wF(4266)(0)F-13.png,9,9,0.9999895,olea,olea,Correct
256,olea/Ole.O.euroX400wF(4266)(0)F-141.png,9,9,0.99999917,olea,olea,Correct
257,olea/Ole.O.euroX400wF(4266)(0)F-17.png,9,9,0.99999714,olea,olea,Correct
258,olea/Ole.O.euroX400wF(4266)(0)F-19.png,9,9,0.99994886,olea,olea,Correct
259,olea/Ole.O.euroX400wF(4266)(0)F-21.png,9,9,0.99976104,olea,olea,Correct
260,olea/Ole.O.euroX400wF(4266)(0)F-23.png,9,9,0.99899286,olea,olea,Correct
261,olea/Ole.O.euroX400wF(4266)(0)F-37.png,9,9,0.9999999,olea,olea,Correct
262,olea/Ole.O.euroX400wF(4266)(0)F-49.png,9,9,0.9999182,olea,olea,Correct
263,olea/Ole.O.euroX400wF(4266)(0)F-51.png,9,9,0.9999889,olea,olea,Correct
264,olea/Ole.O.euroX400wF(4266)(0)F-65.png,9,9,0.99994385,olea,olea,Correct
265,olea/Ole.O.euroX400wF(4266)(0)F-77.png,9,9,0.9999931,olea,olea,Correct
266,olea/Ole.O.euroX400wF(4267)(0)G-35.png,9,9,0.99886346,olea,olea,Correct
267,olea/Ole.O.euroX400wF(4267)(0)G-48.png,9,9,0.99999404,olea,olea,Correct
268,olea/Ole.O.euroX400wF(4267)(0)G-53.png,9,9,0.99995255,olea,olea,Correct
269,origanum/Lam.O.micX400wF(885)(0)B-12.png,10,10,0.9670984,origanum,origanum,Correct
270,origanum/Lam.O.micX400wF(885)(0)B-6.png,10,10,0.93747765,origanum,origanum,Correct
271,origanum/Lam.O.micX400wF(885)(0)B-9.png,10,10,0.9965036,origanum,origanum,Correct
272,origanum/Lam.O.micX400wF(886)(0)C-10.png,10,10,0.99992406,origanum,origanum,Correct
273,origanum/Lam.O.micX400wF(886)(0)C-21.png,10,10,0.9986589,origanum,origanum,Correct
274,origanum/Lam.O.micX400wF(886)(0)C-26.png,10,10,0.9999331,origanum,origanum,Correct
275,origanum/Lam.O.micX400wF(886)(0)C-51.png,10,10,0.9980009,origanum,origanum,Correct
276,origanum/Lam.O.micX400wF(886)(0)C-54.png,10,10,0.9920676,origanum,origanum,Correct
277,origanum/Lam.O.micX400wF(887)(0)D-1.png,10,10,0.9994842,origanum,origanum,Correct
278,origanum/Lam.O.micX400wF(889)(0)F-14.png,10,10,0.9998871,origanum,origanum,Correct
279,origanum/Lam.O.micX400wF(889)(0)F-15.png,10,10,0.99986863,origanum,origanum,Correct
280,origanum/Lam.O.micX400wF(889)(0)F-29.png,10,10,0.9721377,origanum,origanum,Correct
281,origanum/Lam.O.micX400wF(889)(0)F-35.png,10,10,0.99957734,origanum,origanum,Correct
282,origanum/Lam.O.micX400wF(889)(0)F-36.png,10,10,0.99943215,origanum,origanum,Correct
283,origanum/Lam.O.micX400wF(889)(0)F-38.png,10,10,0.99953616,origanum,origanum,Correct
284,origanum/Lam.O.micX400wF(889)(0)F-43.png,10,10,0.99897325,origanum,origanum,Correct
285,origanum/Lam.O.micX400wF(889)(0)F-46.png,10,10,0.9993808,origanum,origanum,Correct
286,oxalis/Oxa.O.pes.cX400wF(1733)(0)A-11.png,11,11,0.99999225,oxalis,oxalis,Correct
287,oxalis/Oxa.O.pes.cX400wF(1733)(0)A-15.png,11,11,0.99991226,oxalis,oxalis,Correct
288,oxalis/Oxa.O.pes.cX400wF(1733)(0)A-16.png,11,11,0.99998856,oxalis,oxalis,Correct
289,oxalis/Oxa.O.pes.cX400wF(1735)(0)C-6.png,11,11,0.95846474,oxalis,oxalis,Correct
290,oxalis/Oxa.O.pes.cX400wF(1737)(1736)E-5.png,11,11,0.99997973,oxalis,oxalis,Correct
291,oxalis/Oxa.O.pes.cX400wF(1738)(0)F-5.png,11,11,0.99999905,oxalis,oxalis,Correct
292,oxalis/Oxa.O.pes.cX400wF(1739)(0)G-4.png,11,11,0.99841404,oxalis,oxalis,Correct
293,oxalis/Oxa.O.pes.cX400wF(1739)(0)G-6.png,11,11,0.99999714,oxalis,oxalis,Correct
294,oxalis/Oxa.O.pes.cX400wF(1740)(0)H-8.png,11,11,0.9999807,oxalis,oxalis,Correct
295,oxalis/Oxa.O.pes.cX400wF(1741)(0)I-10.png,11,11,0.99188226,oxalis,oxalis,Correct
296,oxalis/Oxa.O.pes.cX400wF(1741)(0)I-11.png,11,11,0.97994256,oxalis,oxalis,Correct
297,oxalis/Oxa.O.pes.cX400wF(1742)(1741)J-8.png,11,11,0.9999902,oxalis,oxalis,Correct
298,oxalis/Oxa.O.pes.cX400wF(1743)(0)K-21.png,11,11,0.99999976,oxalis,oxalis,Correct
299,oxalis/Oxa.O.pes.cX400wF(1743)(0)K-25.png,11,11,0.9999968,oxalis,oxalis,Correct
300,pinus/Pin.P.brutX400wF(3171)(0)A-4.png,12,12,0.9999995,pinus,pinus,Correct
301,pinus/Pin.P.brutX400wF(3177)(0)G-2.png,12,12,1.0,pinus,pinus,Correct
302,pistacia/Ana.P.tereX400wF(3222)(0)A-7.png,13,13,1.0,pistacia,pistacia,Correct
303,pistacia/Ana.P.tereX400wF(3224)(0)C-5.png,13,13,0.9999988,pistacia,pistacia,Correct
304,pistacia/Ana.P.tereX400wF(3226)(0)E-5.png,13,13,0.9999995,pistacia,pistacia,Correct
305,pistacia/Ana.P.tereX400wF(3227)(0)F-6.png,13,13,0.9988404,pistacia,pistacia,Correct
306,salvia/Lam.S.triX400wF(2189)(0)B-17.png,14,14,0.99980813,salvia,salvia,Correct
307,salvia/Lam.S.triX400wF(2189)(0)B-38.png,14,14,0.97584176,salvia,salvia,Correct
308,salvia/Lam.S.triX400wF(2189)(0)B-43.png,14,14,0.9937913,salvia,salvia,Correct
309,salvia/Lam.S.triX400wF(2189)(0)B-54.png,14,14,0.9965019,salvia,salvia,Correct
310,salvia/Lam.S.triX400wF(2189)(0)B-55.png,14,14,0.99945647,salvia,salvia,Correct
311,salvia/Lam.S.triX400wF(2189)(0)B-59.png,14,14,0.99985814,salvia,salvia,Correct
312,salvia/Lam.S.triX400wF(2189)(0)B-8.png,14,14,0.99941623,salvia,salvia,Correct
313,salvia/Lam.S.triX400wF(2190)(0)C-21.png,14,14,0.9928717,salvia,salvia,Correct
314,salvia/Lam.S.triX400wF(2190)(0)C-24.png,14,14,0.9999317,salvia,salvia,Correct
315,salvia/Lam.S.triX400wF(2190)(0)C-39.png,14,14,0.99995613,salvia,salvia,Correct
316,salvia/Lam.S.triX400wF(2190)(0)C-9.png,14,14,0.9999925,salvia,salvia,Correct
317,salvia/Lam.S.triX400wF(2191)(0)D-11.png,14,14,0.9999646,salvia,salvia,Correct
318,salvia/Lam.S.triX400wF(2191)(0)D-21.png,14,14,0.9997625,salvia,salvia,Correct
319,salvia/Lam.S.triX400wF(2191)(0)D-35.png,14,14,0.99999106,salvia,salvia,Correct
320,salvia/Lam.S.triX400wF(2191)(0)D-4.png,14,14,0.99940443,salvia,salvia,Correct
322,salvia/Lam.S.triX400wF(2192)(0)E-9.png,14,14,0.9988668,salvia,salvia,Correct
323,salvia/Lam.S.triX400wF(2193)(0)F-15.png,14,14,0.99982786,salvia,salvia,Correct
324,satureja/Lam.S.thyX400wF(941)(937)A-9.png,15,15,0.999998,satureja,satureja,Correct
325,satureja/Lam.S.thyX400wF(942)(935)B-6.png,15,15,0.9986394,satureja,satureja,Correct
326,satureja/Lam.S.thyX400wF(944)(940)E-12.png,15,15,0.9999931,satureja,satureja,Correct
327,satureja/Lam.S.thyX400wF(944)(940)E-15.png,15,15,0.9960443,satureja,satureja,Correct
328,satureja/Lam.S.thyX400wF(944)(940)E-2.png,15,15,0.9998982,satureja,satureja,Correct
329,satureja/Lam.S.thyX400wF(944)(940)E-24.png,15,15,0.9999684,satureja,satureja,Correct
330,satureja/Lam.S.thyX400wF(944)(940)E-28.png,15,15,0.999871,satureja,satureja,Correct
331,sinapis/Bra.S.albX400wF(2150)(0)A-10.png,16,16,0.96367,sinapis,sinapis,Correct
332,sinapis/Bra.S.albX400wF(2151)(0)B-12.png,16,16,0.9977163,sinapis,sinapis,Correct
333,sinapis/Bra.S.albX400wF(2151)(0)B-19.png,16,16,0.99998605,sinapis,sinapis,Correct
334,sinapis/Bra.S.albX400wF(2151)(0)B-5.png,16,16,0.99838114,sinapis,sinapis,Correct
335,sinapis/Bra.S.albX400wF(2152)(0)C-15.png,16,16,0.996798,sinapis,sinapis,Correct
336,sinapis/Bra.S.albX400wF(2153)(0)D-11.png,16,16,0.9832923,sinapis,sinapis,Correct
337,sinapis/Bra.S.albX400wF(2153)(0)D-22.png,16,16,0.99438584,sinapis,sinapis,Correct
338,sinapis/Bra.S.albX400wF(2153)(0)D-8.png,16,16,0.9983662,sinapis,sinapis,Correct
339,sinapis/Bra.S.albX400wF(2154)(0)E-17.png,16,16,0.9975368,sinapis,sinapis,Correct
340,sinapis/Bra.S.albX400wF(2154)(0)E-19.png,16,16,0.9999796,sinapis,sinapis,Correct
341,sinapis/Bra.S.albX400wF(2154)(0)E-5.png,16,16,0.99672544,sinapis,sinapis,Correct
342,sinapis/Bra.S.albX400wF(2155)(0)F-19.png,16,16,0.9810466,sinapis,sinapis,Correct
343,sinapis/Bra.S.albX400wF(2155)(0)F-9.png,16,16,0.9964032,sinapis,sinapis,Correct
344,sinapis/IMG_3701-7.png,16,16,0.982885,sinapis,sinapis,Correct
345,sinapis/IMG_3701-8.png,16,16,0.9973658,sinapis,sinapis,Correct
346,sinapis/IMG_3704-2.png,16,16,0.99956805,sinapis,sinapis,Correct
347,sinapis/IMG_3704-7.png,16,16,0.9999732,sinapis,sinapis,Correct
348,sinapis/IMG_3706-12.png,16,16,0.853608,sinapis,sinapis,Correct
349,sinapis/IMG_3708-3.png,16,16,0.99998796,sinapis,sinapis,Correct
350,thymbra/Lam.T.capX400wF(1029)(0)A-15.png,17,17,0.9999999,thymbra,thymbra,Correct
351,thymbra/Lam.T.capX400wF(1029)(0)A-16.png,17,17,0.99999845,thymbra,thymbra,Correct
352,thymbra/Lam.T.capX400wF(1029)(0)A-18.png,17,17,0.9999958,thymbra,thymbra,Correct
353,thymbra/Lam.T.capX400wF(1032)(0)D-5.png,17,17,0.99977714,thymbra,thymbra,Correct
354,thymbra/Lam.T.capX400wF(1032)(0)D-8.png,17,17,0.9999496,thymbra,thymbra,Correct
355,thymbra/Lam.T.capX400wF(1033)(0)E-13.png,17,17,0.9999554,thymbra,thymbra,Correct
356,thymbra/x40 f (1)-8.png,17,17,0.99999976,thymbra,thymbra,Correct
357,thymbra/x40 f (4)-12.png,17,17,0.9999995,thymbra,thymbra,Correct
358,thymbra/x40 f (4)-14.png,17,17,0.99991596,thymbra,thymbra,Correct
359,thymbra/x40 f (4)-16.png,17,17,0.9998006,thymbra,thymbra,Correct
360,thymbra/x40 f (4)-3.png,17,17,0.9998264,thymbra,thymbra,Correct
361,thymbra/x40 f (5)-15.png,17,17,0.99996173,thymbra,thymbra,Correct
362,thymbra/x40 f (6)-11.png,17,17,1.0,thymbra,thymbra,Correct
363,thymbra/x40 f (6)-4.png,17,17,0.9999839,thymbra,thymbra,Correct
364,thymbra/x40 f (7)-5.png,17,17,0.999931,thymbra,thymbra,Correct
365,urginea/Asp.U.marX400wF(5317)(0)A-17.png,18,18,0.9997886,urginea,urginea,Correct
366,urginea/Asp.U.marX400wF(5317)(0)A-18.png,18,18,0.9999999,urginea,urginea,Correct
367,urginea/Asp.U.marX400wF(5317)(0)A-19.png,18,18,0.9751524,urginea,urginea,Correct
368,urginea/Asp.U.marX400wF(5317)(0)A-9.png,18,18,0.99998176,urginea,urginea,Correct
369,urginea/Asp.U.marX400wF(5318)(0)B-9.png,18,18,0.9999933,urginea,urginea,Correct
370,urginea/Asp.U.marX400wF(5319)(0)C-15.png,18,18,0.9999976,urginea,urginea,Correct
371,urginea/Asp.U.marX400wF(5320)(0)D-2.png,18,18,0.99999976,urginea,urginea,Correct
372,urginea/Asp.U.marX400wF(5322)(0)F-11.png,18,18,0.9999982,urginea,urginea,Correct
373,urginea/Asp.U.marX400wF(5322)(0)F-9.png,18,18,0.99999726,urginea,urginea,Correct
374,urginea/Asp.U.marX400wF(5323)(0)G-3.png,18,18,0.9999974,urginea,urginea,Correct
375,urginea/Asp.U.marX400wF(5323)(0)G-6.png,18,18,0.99978715,urginea,urginea,Correct
376,vitis/Vit.V.viniX400wF(4978)(0)A-26.png,19,19,0.9985114,vitis,vitis,Correct
377,vitis/Vit.V.viniX400wF(4978)(0)A-4.png,19,19,0.9993766,vitis,vitis,Correct
378,vitis/Vit.V.viniX400wF(4979)(0)B-11.png,19,19,0.99942195,vitis,vitis,Correct
379,vitis/Vit.V.viniX400wF(4979)(0)B-13.png,19,19,0.9984648,vitis,vitis,Correct
380,vitis/Vit.V.viniX400wF(4979)(0)B-4.png,19,19,0.9999908,vitis,vitis,Correct
381,vitis/Vit.V.viniX400wF(4979)(0)B-8.png,19,19,0.9999386,vitis,vitis,Correct
383,vitis/Vit.V.viniX400wF(4980)(0)C-30.png,19,19,0.99898046,vitis,vitis,Correct
384,vitis/Vit.V.viniX400wF(4980)(0)C-7.png,19,19,0.99963796,vitis,vitis,Correct
385,vitis/Vit.V.viniX400wF(4981)(0)D-19.png,19,19,0.99321437,vitis,vitis,Correct
386,vitis/Vit.V.viniX400wF(4981)(0)D-6.png,19,19,0.99999535,vitis,vitis,Correct
387,vitis/Vit.V.viniX400wF(4982)(0)E-18.png,19,19,0.9998184,vitis,vitis,Correct
388,vitis/Vit.V.viniX400wF(4982)(0)E-22.png,19,19,0.9953518,vitis,vitis,Correct
389,vitis/Vit.V.viniX400wF(4982)(0)E-29.png,19,19,0.9992518,vitis,vitis,Correct
390,vitis/Vit.V.viniX400wF(4982)(0)E-43.png,19,19,0.99674135,vitis,vitis,Correct
391,vitis/Vit.V.viniX400wF(4983)(0)F-22.png,19,19,0.99995375,vitis,vitis,Correct
392,vitis/Vit.V.viniX400wF(4983)(0)F-23.png,19,19,0.9964445,vitis,vitis,Correct
393,vitis/Vit.V.viniX400wF(4984)(0)G-15.png,19,19,0.99926,vitis,vitis,Correct
394,vitis/Vit.V.viniX400wF(4984)(0)G-36.png,19,19,0.9877987,vitis,vitis,Correct
395,vitis/Vit.V.viniX400wF(4984)(0)G-5.png,19,19,0.9978848,vitis,vitis,Correct
396,vitis/Vit.V.viniX400wF(4984)(0)G-8.png,19,19,0.99890864,vitis,vitis,Correct
397,vitis/Vit.V.viniX400wF(4985)(0)H-16.png,19,19,0.9902368,vitis,vitis,Correct
398,vitis/Vit.V.viniX400wF(4985)(0)H-18.png,19,19,0.9999994,vitis,vitis,Correct
399,vitis/Vit.V.viniX400wF(4985)(0)H-2.png,19,19,0.9998938,vitis,vitis,Correct
400,vitis/Vit.V.viniX400wF(4985)(0)H-20.png,19,19,0.99994326,vitis,vitis,Correct
401,vitis/Vit.V.viniX400wF(4985)(0)H-23.png,19,19,0.99890137,vitis,vitis,Correct
402,vitis/Vit.V.viniX400wF(4985)(0)H-8.png,19,19,0.9999434,vitis,vitis,Correct
0,asphodelus/Asp.A.ramX400wF(1984)(0)A-11.png,0,0,0.9999999,asphodelus,asphodelus,Correct
1,asphodelus/Asp.A.ramX400wF(1984)(0)A-9.png,0,0,0.9992919,asphodelus,asphodelus,Correct
2,asphodelus/Asp.A.ramX400wF(1988)(0)E-4.png,0,0,1.0,asphodelus,asphodelus,Correct
3,asphodelus/Asp.A.ramX400wF(1989)(0)F-1.png,0,0,1.0,asphodelus,asphodelus,Correct
4,calicotome/Fab.C.vilX400wF(2016)(0)A-1.png,1,1,0.9999995,calicotome,calicotome,Correct
5,calicotome/Fab.C.vilX400wF(2016)(0)A-20.png,1,1,0.9995664,calicotome,calicotome,Correct
6,calicotome/Fab.C.vilX400wF(2016)(0)A-3.png,1,1,0.9999932,calicotome,calicotome,Correct
7,calicotome/Fab.C.vilX400wF(2016)(0)A-5.png,1,1,0.999985,calicotome,calicotome,Correct
8,calicotome/Fab.C.vilX400wF(2017)(0)B-23.png,1,1,0.99999917,calicotome,calicotome,Correct
10,calicotome/Fab.C.vilX400wF(2018)(0)C-2.png,1,1,0.99806124,calicotome,calicotome,Correct
11,calicotome/Fab.C.vilX400wF(2018)(0)C-5.png,1,1,0.99999475,calicotome,calicotome,Correct
12,calicotome/Fab.C.vilX400wF(2019)(0)D-105.png,1,1,1.0,calicotome,calicotome,Correct
13,calicotome/Fab.C.vilX400wF(2019)(0)D-107.png,1,1,1.0,calicotome,calicotome,Correct
14,calicotome/Fab.C.vilX400wF(2019)(0)D-14.png,1,1,1.0,calicotome,calicotome,Correct
15,calicotome/Fab.C.vilX400wF(2019)(0)D-30.png,1,1,1.0,calicotome,calicotome,Correct
16,calicotome/Fab.C.vilX400wF(2019)(0)D-35.png,1,1,0.9999981,calicotome,calicotome,Correct
17,calicotome/Fab.C.vilX400wF(2019)(0)D-4.png,1,1,1.0,calicotome,calicotome,Correct
18,calicotome/Fab.C.vilX400wF(2019)(0)D-7.png,1,1,0.99999964,calicotome,calicotome,Correct
19,calicotome/Fab.C.vilX400wF(2019)(0)D-75.png,1,1,1.0,calicotome,calicotome,Correct
20,calicotome/Fab.C.vilX400wF(2019)(0)D-76.png,1,1,0.9999968,calicotome,calicotome,Correct
21,calicotome/Fab.C.vilX400wF(2019)(0)D-96.png,1,1,1.0,calicotome,calicotome,Correct
22,calicotome/Fab.C.vilX400wF(2019)(0)D-98.png,1,1,0.99999964,calicotome,calicotome,Correct
23,calicotome/Fab.C.vilX400wF(2020)(0)E-10.png,1,1,0.99999976,calicotome,calicotome,Correct
24,calicotome/Fab.C.vilX400wF(2020)(0)E-103.png,1,1,0.9999999,calicotome,calicotome,Correct
25,calicotome/Fab.C.vilX400wF(2020)(0)E-108.png,1,1,1.0,calicotome,calicotome,Correct
26,calicotome/Fab.C.vilX400wF(2020)(0)E-17.png,1,1,0.99999964,calicotome,calicotome,Correct
27,calicotome/Fab.C.vilX400wF(2020)(0)E-30.png,1,1,0.9999999,calicotome,calicotome,Correct
28,calicotome/Fab.C.vilX400wF(2020)(0)E-35.png,1,1,0.9999989,calicotome,calicotome,Correct
29,calicotome/Fab.C.vilX400wF(2020)(0)E-69.png,1,1,1.0,calicotome,calicotome,Correct
30,calicotome/Fab.C.vilX400wF(2020)(0)E-78.png,1,1,1.0,calicotome,calicotome,Correct
31,calicotome/Fab.C.vilX400wF(2020)(0)E-87.png,1,1,0.99999964,calicotome,calicotome,Correct
32,calicotome/Fab.C.vilX400wF(2020)(0)E-91.png,1,1,1.0,calicotome,calicotome,Correct
33,castanea/Fag.C.satX400wF(781)(0)A-12.png,2,2,1.0,castanea,castanea,Correct
34,castanea/Fag.C.satX400wF(781)(0)A-17.png,2,2,1.0,castanea,castanea,Correct
35,castanea/Fag.C.satX400wF(781)(0)A-27.png,2,2,1.0,castanea,castanea,Correct
36,castanea/Fag.C.satX400wF(781)(0)A-28.png,2,2,1.0,castanea,castanea,Correct
37,castanea/Fag.C.satX400wF(781)(0)A-32.png,2,2,0.9999995,castanea,castanea,Correct
38,castanea/Fag.C.satX400wF(781)(0)A-34.png,2,2,1.0,castanea,castanea,Correct
39,castanea/Fag.C.satX400wF(782)(0)B-11.png,2,2,0.99991643,castanea,castanea,Correct
40,castanea/Fag.C.satX400wF(783)(0)C-12.png,2,2,1.0,castanea,castanea,Correct
41,castanea/Fag.C.satX400wF(783)(0)C-3.png,2,2,1.0,castanea,castanea,Correct
42,castanea/Fag.C.satX400wF(783)(0)C-8.png,2,2,1.0,castanea,castanea,Correct
43,castanea/Fag.C.satX400wF(784)(0)D-1.png,2,2,0.9999999,castanea,castanea,Correct
44,castanea/Fag.C.satX400wF(784)(0)D-15.png,2,2,0.9999951,castanea,castanea,Correct
45,castanea/Fag.C.satX400wF(784)(0)D-16.png,2,2,1.0,castanea,castanea,Correct
46,castanea/Fag.C.satX400wF(784)(0)D-5.png,2,2,1.0,castanea,castanea,Correct
47,castanea/Fag.C.satX400wF(784)(0)D-7.png,2,2,0.99999833,castanea,castanea,Correct
48,castanea/Fag.C.satX400wF(792)(781)G-13.png,2,2,0.9999999,castanea,castanea,Correct
49,castanea/Fag.C.satX400wF(792)(781)G-28.png,2,2,1.0,castanea,castanea,Correct
50,castanea/Fag.C.satX400wF(792)(781)G-53.png,2,2,0.999985,castanea,castanea,Correct
51,castanea/Fag.C.satX400wF(793)(781)H-23.png,2,2,0.9999999,castanea,castanea,Correct
52,castanea/Fag.C.satX400wF(793)(781)H-26.png,2,2,1.0,castanea,castanea,Correct
53,castanea/Fag.C.satX400wF(793)(781)H-28.png,2,2,0.9999999,castanea,castanea,Correct
54,castanea/Fag.C.satX400wF(793)(781)H-33.png,2,2,1.0,castanea,castanea,Correct
55,ceratonia/Fab.C.silX400wF(475)(0)A-11.png,3,3,0.99999976,ceratonia,ceratonia,Correct
56,ceratonia/Fab.C.silX400wF(475)(0)A-16.png,3,3,0.9995921,ceratonia,ceratonia,Correct
57,ceratonia/Fab.C.silX400wF(476)(0)B-14.png,3,3,0.99999964,ceratonia,ceratonia,Correct
58,ceratonia/Fab.C.silX400wF(476)(0)B-5.png,3,3,0.9605468,ceratonia,ceratonia,Correct
59,ceratonia/Fab.C.silX400wF(477)(0)C-1.png,3,3,0.99835914,ceratonia,ceratonia,Correct
60,ceratonia/Fab.C.silX400wF(477)(0)C-8.png,3,3,0.96955824,ceratonia,ceratonia,Correct
61,ceratonia/Fab.C.silX400wF(479)(0)E-1.png,3,3,0.9999521,ceratonia,ceratonia,Correct
62,ceratonia/Fab.C.silX400wF(479)(0)E-11.png,3,3,0.98974776,ceratonia,ceratonia,Correct
63,ceratonia/Fab.C.silX400wF(479)(0)E-16.png,3,3,0.9998858,ceratonia,ceratonia,Correct
64,ceratonia/Fab.C.silX400wF(481)(0)G-2.png,3,3,0.5732233,ceratonia,ceratonia,Correct
65,ebenus/Fab.E.creX400wF(694)(0)B-1.png,4,4,0.9998356,ebenus,ebenus,Correct
67,erica/Eri.E.maniX400wF(5355)(0)A-8.png,5,5,0.9999999,erica,erica,Correct
68,erica/Eri.E.maniX400wF(5356)(0)B-18.png,5,5,0.9999974,erica,erica,Correct
69,erica/Eri.E.maniX400wF(5356)(0)B-3.png,5,5,0.99999595,erica,erica,Correct
70,erica/Eri.E.maniX400wF(5357)(0)C-11.png,5,5,0.99999964,erica,erica,Correct
71,erica/Eri.E.maniX400wF(5357)(0)C-5.png,5,5,1.0,erica,erica,Correct
72,erica/Eri.E.maniX400wF(5358)(0)D-7.png,5,5,1.0,erica,erica,Correct
73,erica/Eri.E.maniX400wF(5358)(0)D-9.png,5,5,1.0,erica,erica,Correct
74,erica/Eri.E.maniX400wF(5359)(0)E-23.png,5,5,0.9998355,erica,erica,Correct
75,erica/Eri.E.maniX400wF(5359)(0)E-26.png,5,5,1.0,erica,erica,Correct
76,erica/Eri.E.maniX400wF(5359)(0)E-4.png,5,5,1.0,erica,erica,Correct
77,erica/Eri.E.maniX400wF(5359)(0)E-9.png,5,5,0.999894,erica,erica,Correct
78,erica/Eri.E.maniX400wF(5360)(0)F-10.png,5,5,1.0,erica,erica,Correct
79,erica/Eri.E.maniX400wF(5360)(0)F-13.png,5,5,1.0,erica,erica,Correct
80,erica/Eri.E.maniX400wF(5360)(0)F-15.png,5,5,1.0,erica,erica,Correct
81,erica/Eri.E.maniX400wF(5361)(0)G-14.png,5,5,0.9999888,erica,erica,Correct
82,erica/Eri.E.maniX400wF(5362)(0)H-9.png,5,5,0.9999988,erica,erica,Correct
83,erica/Eri.E.maniX400wF(5363)(0)I-13.png,5,5,1.0,erica,erica,Correct
84,erica/Eri.E.maniX400wF(5363)(0)I-6.png,5,5,1.0,erica,erica,Correct
85,erica/Eri.E.maniX400wF(5363)(0)I-9.png,5,5,1.0,erica,erica,Correct
86,eucalyptus/Myr.E.camaX400wF(1866)(0)A-2.png,6,6,0.96920377,eucalyptus,eucalyptus,Correct
87,eucalyptus/Myr.E.camaX400wF(1867)(0)B-9.png,6,6,0.9999993,eucalyptus,eucalyptus,Correct
88,eucalyptus/Myr.E.camaX400wF(1868)(0)C-10.png,6,6,1.0,eucalyptus,eucalyptus,Correct
89,eucalyptus/Myr.E.camaX400wF(1868)(0)C-2.png,6,6,0.9999974,eucalyptus,eucalyptus,Correct
90,eucalyptus/Myr.E.camaX400wF(1869)(0)D-7.png,6,6,0.9978902,eucalyptus,eucalyptus,Correct
91,eucalyptus/Myr.E.camaX400wF(1872)(0)G-8.png,6,6,0.9999994,eucalyptus,eucalyptus,Correct
92,eucalyptus/Myr.E.camaX400wF(2962)(0)H-17.png,6,6,1.0,eucalyptus,eucalyptus,Correct
93,eucalyptus/Myr.E.camaX400wF(2962)(0)H-26.png,6,6,0.99991965,eucalyptus,eucalyptus,Correct
94,eucalyptus/Myr.E.camaX400wF(2962)(0)H-30.png,6,6,0.99999964,eucalyptus,eucalyptus,Correct
95,eucalyptus/Myr.E.camaX400wF(2962)(0)H-8.png,6,6,1.0,eucalyptus,eucalyptus,Correct
96,eucalyptus/Myr.E.camaX400wF(2963)(0)I-11.png,6,6,0.9999993,eucalyptus,eucalyptus,Correct
97,eucalyptus/Myr.E.camaX400wF(2963)(0)I-9.png,6,6,0.99999857,eucalyptus,eucalyptus,Correct
98,eucalyptus/Myr.E.camaX400wF(2964)(0)J-15.png,6,6,1.0,eucalyptus,eucalyptus,Correct
99,eucalyptus/Myr.E.camaX400wF(2964)(0)J-30.png,6,6,0.9999995,eucalyptus,eucalyptus,Correct
100,eucalyptus/Myr.E.camaX400wF(2964)(0)J-6.png,6,6,0.9999987,eucalyptus,eucalyptus,Correct
101,eucalyptus/Myr.E.camaX400wF(2965)(0)K-7.png,6,6,1.0,eucalyptus,eucalyptus,Correct
102,eucalyptus/Myr.E.camaX400wF(2966)(0)L-2.png,6,6,1.0,eucalyptus,eucalyptus,Correct
103,ferula/Api.F.comX400wF(2136)(0)B-12.png,7,7,1.0,ferula,ferula,Correct
104,ferula/Api.F.comX400wF(2137)(0)C-12.png,7,7,1.0,ferula,ferula,Correct
105,ferula/Api.F.comX400wF(2138)(0)D-15.png,7,7,0.99993384,ferula,ferula,Correct
106,ferula/Api.F.comX400wF(2138)(0)D-20.png,7,7,0.9999876,ferula,ferula,Correct
107,ferula/Api.F.comX400wF(2138)(0)D-22.png,7,7,0.9999999,ferula,ferula,Correct
108,ferula/Api.F.comX400wF(2139)(0)E-10.png,7,7,0.9999684,ferula,ferula,Correct
109,ferula/Api.F.comX400wF(2139)(0)E-15.png,7,7,0.98424757,ferula,ferula,Correct
110,ferula/Api.F.comX400wF(2139)(0)E-22.png,7,7,1.0,ferula,ferula,Correct
111,myrtus/IMG_3734-1.png,8,8,0.9999908,myrtus,myrtus,Correct
112,myrtus/IMG_3734-104.png,8,8,1.0,myrtus,myrtus,Correct
113,myrtus/IMG_3734-117.png,8,8,1.0,myrtus,myrtus,Correct
114,myrtus/IMG_3734-129.png,8,8,0.9999999,myrtus,myrtus,Correct
115,myrtus/IMG_3734-31.png,8,8,0.99941015,myrtus,myrtus,Correct
116,myrtus/IMG_3734-60.png,8,8,0.99998474,myrtus,myrtus,Correct
117,myrtus/IMG_3734-70.png,8,8,0.9999999,myrtus,myrtus,Correct
118,myrtus/IMG_3734-72.png,8,8,0.9999999,myrtus,myrtus,Correct
119,myrtus/IMG_3734-78.png,8,8,0.99999964,myrtus,myrtus,Correct
120,myrtus/IMG_3734-83.png,8,8,0.9999995,myrtus,myrtus,Correct
121,myrtus/IMG_3734-87.png,8,8,1.0,myrtus,myrtus,Correct
122,myrtus/IMG_3734-94.png,8,8,0.9999999,myrtus,myrtus,Correct
123,myrtus/IMG_3735-16.png,8,8,0.9999999,myrtus,myrtus,Correct
124,myrtus/IMG_3735-18.png,8,8,0.9999995,myrtus,myrtus,Correct
125,myrtus/IMG_3735-21.png,8,8,1.0,myrtus,myrtus,Correct
126,myrtus/IMG_3735-9.png,8,8,1.0,myrtus,myrtus,Correct
127,myrtus/IMG_3736-16.png,8,8,0.9999958,myrtus,myrtus,Correct
128,myrtus/IMG_3736-26.png,8,8,0.9999981,myrtus,myrtus,Correct
129,myrtus/IMG_3736-33.png,8,8,1.0,myrtus,myrtus,Correct
130,myrtus/IMG_3736-36.png,8,8,0.9999995,myrtus,myrtus,Correct
131,myrtus/IMG_3736-51.png,8,8,0.9999999,myrtus,myrtus,Correct
132,myrtus/IMG_3736-62.png,8,8,1.0,myrtus,myrtus,Correct
133,myrtus/IMG_3736-66.png,8,8,1.0,myrtus,myrtus,Correct
134,myrtus/IMG_3736-71.png,8,8,1.0,myrtus,myrtus,Correct
135,myrtus/IMG_3736-76.png,8,8,0.9999999,myrtus,myrtus,Correct
136,myrtus/IMG_3736-79.png,8,8,0.99999976,myrtus,myrtus,Correct
137,myrtus/IMG_3737-16.png,8,8,1.0,myrtus,myrtus,Correct
138,myrtus/IMG_3737-49.png,8,8,1.0,myrtus,myrtus,Correct
139,myrtus/IMG_3737-50.png,8,8,1.0,myrtus,myrtus,Correct
140,myrtus/IMG_3738-103.png,8,8,0.99999964,myrtus,myrtus,Correct
141,myrtus/IMG_3738-119.png,8,8,0.9999995,myrtus,myrtus,Correct
142,myrtus/IMG_3738-136.png,8,8,0.9984659,myrtus,myrtus,Correct
143,myrtus/IMG_3738-138.png,8,8,1.0,myrtus,myrtus,Correct
144,myrtus/IMG_3738-140.png,8,8,1.0,myrtus,myrtus,Correct
145,myrtus/IMG_3738-141.png,8,8,1.0,myrtus,myrtus,Correct
146,myrtus/IMG_3738-57.png,8,8,0.9999989,myrtus,myrtus,Correct
147,myrtus/IMG_3738-68.png,8,8,0.999995,myrtus,myrtus,Correct
148,myrtus/IMG_3738-88.png,8,8,1.0,myrtus,myrtus,Correct
149,myrtus/IMG_3741-1.png,8,8,0.9999999,myrtus,myrtus,Correct
150,myrtus/IMG_3741-19.png,8,8,1.0,myrtus,myrtus,Correct
151,myrtus/IMG_3741-21.png,8,8,0.9999999,myrtus,myrtus,Correct
152,myrtus/IMG_3741-52.png,8,8,1.0,myrtus,myrtus,Correct
153,myrtus/IMG_3741-6.png,8,8,1.0,myrtus,myrtus,Correct
154,myrtus/IMG_3742-15.png,8,8,0.9999989,myrtus,myrtus,Correct
155,myrtus/IMG_3742-16.png,8,8,1.0,myrtus,myrtus,Correct
156,myrtus/IMG_3742-19.png,8,8,1.0,myrtus,myrtus,Correct
157,myrtus/IMG_3742-33.png,8,8,1.0,myrtus,myrtus,Correct
158,myrtus/IMG_3742-34.png,8,8,0.9999994,myrtus,myrtus,Correct
159,myrtus/IMG_3742-38.png,8,8,1.0,myrtus,myrtus,Correct
160,myrtus/IMG_3743-11.png,8,8,1.0,myrtus,myrtus,Correct
161,myrtus/IMG_3743-12.png,8,8,0.99999845,myrtus,myrtus,Correct
162,myrtus/IMG_3743-23.png,8,8,1.0,myrtus,myrtus,Correct
163,myrtus/IMG_3743-31.png,8,8,0.99999964,myrtus,myrtus,Correct
164,myrtus/IMG_3744-1.png,8,8,0.99999976,myrtus,myrtus,Correct
165,myrtus/IMG_3744-10.png,8,8,1.0,myrtus,myrtus,Correct
166,myrtus/IMG_3744-27.png,8,8,0.9999999,myrtus,myrtus,Correct
167,myrtus/IMG_3744-47.png,8,8,1.0,myrtus,myrtus,Correct
168,myrtus/IMG_3744-60.png,8,8,0.99999964,myrtus,myrtus,Correct
169,myrtus/Myr.M.comX400wF(1095)(1091)A-10.png,8,8,1.0,myrtus,myrtus,Correct
170,myrtus/Myr.M.comX400wF(1095)(1091)A-21.png,8,8,0.9999827,myrtus,myrtus,Correct
171,myrtus/Myr.M.comX400wF(1095)(1091)A-22.png,8,8,1.0,myrtus,myrtus,Correct
172,myrtus/Myr.M.comX400wF(1095)(1091)A-34.png,8,8,0.9999999,myrtus,myrtus,Correct
173,myrtus/Myr.M.comX400wF(1095)(1091)A-61.png,8,8,0.9999993,myrtus,myrtus,Correct
174,myrtus/Myr.M.comX400wF(1097)(1090)C-15.png,8,8,1.0,myrtus,myrtus,Correct
175,myrtus/Myr.M.comX400wF(1097)(1090)C-25.png,8,8,1.0,myrtus,myrtus,Correct
176,myrtus/Myr.M.comX400wF(1097)(1090)C-26.png,8,8,0.65493065,myrtus,myrtus,Correct
177,myrtus/Myr.M.comX400wF(1097)(1090)C-32.png,8,8,0.9999913,myrtus,myrtus,Correct
178,myrtus/Myr.M.comX400wF(1097)(1090)C-35.png,8,8,0.9999999,myrtus,myrtus,Correct
179,myrtus/Myr.M.comX400wF(1097)(1090)C-47.png,8,8,1.0,myrtus,myrtus,Correct
180,myrtus/Myr.M.comX400wF(1097)(1090)C-49.png,8,8,1.0,myrtus,myrtus,Correct
181,myrtus/Myr.M.comX400wF(1097)(1090)C-6.png,8,8,1.0,myrtus,myrtus,Correct
182,myrtus/Myr.M.comX400wF(1097)(1090)C-64.png,8,8,1.0,myrtus,myrtus,Correct
183,myrtus/Myr.M.comX400wF(1097)(1090)C-67.png,8,8,1.0,myrtus,myrtus,Correct
184,myrtus/Myr.M.comX400wF(1097)(1090)C-68.png,8,8,1.0,myrtus,myrtus,Correct
185,myrtus/Myr.M.comX400wF(1097)(1090)C-70.png,8,8,0.99999976,myrtus,myrtus,Correct
186,myrtus/Myr.M.comX400wF(1097)(1090)C-74.png,8,8,1.0,myrtus,myrtus,Correct
187,myrtus/Myr.M.comX400wF(1097)(1090)C-77.png,8,8,0.9999999,myrtus,myrtus,Correct
188,myrtus/Myr.M.comX400wF(1097)(1090)C-83.png,8,8,1.0,myrtus,myrtus,Correct
189,olea/Ole.O.euroX400wF(4261)(0)A-17.png,9,9,0.99994075,olea,olea,Correct
190,olea/Ole.O.euroX400wF(4261)(0)A-20.png,9,9,0.99997294,olea,olea,Correct
191,olea/Ole.O.euroX400wF(4261)(0)A-37.png,9,9,0.9999989,olea,olea,Correct
192,olea/Ole.O.euroX400wF(4261)(0)A-46.png,9,9,0.99986815,olea,olea,Correct
193,olea/Ole.O.euroX400wF(4261)(0)A-5.png,9,9,0.999998,olea,olea,Correct
194,olea/Ole.O.euroX400wF(4261)(0)A-55.png,9,9,0.99973935,olea,olea,Correct
195,olea/Ole.O.euroX400wF(4261)(0)A-58.png,9,9,0.99997413,olea,olea,Correct
196,olea/Ole.O.euroX400wF(4262)(0)B-12.png,9,9,0.9999989,olea,olea,Correct
197,olea/Ole.O.euroX400wF(4262)(0)B-13.png,9,9,1.0,olea,olea,Correct
198,olea/Ole.O.euroX400wF(4262)(0)B-15.png,9,9,0.9999963,olea,olea,Correct
199,olea/Ole.O.euroX400wF(4262)(0)B-35.png,9,9,0.9999968,olea,olea,Correct
200,olea/Ole.O.euroX400wF(4262)(0)B-4.png,9,9,0.99993,olea,olea,Correct
201,olea/Ole.O.euroX400wF(4263)(0)C-108.png,9,9,0.9999894,olea,olea,Correct
202,olea/Ole.O.euroX400wF(4263)(0)C-12.png,9,9,0.9999982,olea,olea,Correct
203,olea/Ole.O.euroX400wF(4263)(0)C-125.png,9,9,0.9998816,olea,olea,Correct
204,olea/Ole.O.euroX400wF(4263)(0)C-130.png,9,9,0.99966526,olea,olea,Correct
205,olea/Ole.O.euroX400wF(4263)(0)C-145.png,9,9,0.98272854,olea,olea,Correct
206,olea/Ole.O.euroX400wF(4263)(0)C-149.png,9,9,0.9999988,olea,olea,Correct
207,olea/Ole.O.euroX400wF(4263)(0)C-162.png,9,9,0.9999999,olea,olea,Correct
208,olea/Ole.O.euroX400wF(4263)(0)C-166.png,9,9,0.99998236,olea,olea,Correct
209,olea/Ole.O.euroX400wF(4263)(0)C-170.png,9,9,0.999721,olea,olea,Correct
210,olea/Ole.O.euroX400wF(4263)(0)C-174.png,9,9,0.9999999,olea,olea,Correct
211,olea/Ole.O.euroX400wF(4263)(0)C-187.png,9,9,0.9927545,olea,olea,Correct
212,olea/Ole.O.euroX400wF(4263)(0)C-19.png,9,9,0.9999862,olea,olea,Correct
213,olea/Ole.O.euroX400wF(4263)(0)C-197.png,9,9,0.9999995,olea,olea,Correct
214,olea/Ole.O.euroX400wF(4263)(0)C-24.png,9,9,0.9999994,olea,olea,Correct
215,olea/Ole.O.euroX400wF(4263)(0)C-25.png,9,9,0.99996793,olea,olea,Correct
216,olea/Ole.O.euroX400wF(4263)(0)C-55.png,9,9,0.9999981,olea,olea,Correct
217,olea/Ole.O.euroX400wF(4263)(0)C-66.png,9,9,0.9999969,olea,olea,Correct
218,olea/Ole.O.euroX400wF(4263)(0)C-75.png,9,9,0.9999999,olea,olea,Correct
219,olea/Ole.O.euroX400wF(4263)(0)C-83.png,9,9,0.99999917,olea,olea,Correct
220,olea/Ole.O.euroX400wF(4264)(0)D-106.png,9,9,0.9999827,olea,olea,Correct
221,olea/Ole.O.euroX400wF(4264)(0)D-124.png,9,9,0.99999905,olea,olea,Correct
222,olea/Ole.O.euroX400wF(4264)(0)D-138.png,9,9,0.99996793,olea,olea,Correct
223,olea/Ole.O.euroX400wF(4264)(0)D-14.png,9,9,0.99958926,olea,olea,Correct
224,olea/Ole.O.euroX400wF(4264)(0)D-147.png,9,9,0.9999982,olea,olea,Correct
225,olea/Ole.O.euroX400wF(4264)(0)D-150.png,9,9,1.0,olea,olea,Correct
226,olea/Ole.O.euroX400wF(4264)(0)D-29.png,9,9,0.99999857,olea,olea,Correct
227,olea/Ole.O.euroX400wF(4264)(0)D-30.png,9,9,0.999998,olea,olea,Correct
228,olea/Ole.O.euroX400wF(4264)(0)D-38.png,9,9,0.99999976,olea,olea,Correct
229,olea/Ole.O.euroX400wF(4264)(0)D-41.png,9,9,0.9999907,olea,olea,Correct
230,olea/Ole.O.euroX400wF(4264)(0)D-55.png,9,9,0.9999684,olea,olea,Correct
231,olea/Ole.O.euroX400wF(4264)(0)D-65.png,9,9,0.9999999,olea,olea,Correct
232,olea/Ole.O.euroX400wF(4264)(0)D-76.png,9,9,0.999992,olea,olea,Correct
233,olea/Ole.O.euroX400wF(4264)(0)D-78.png,9,9,0.9999912,olea,olea,Correct
234,olea/Ole.O.euroX400wF(4264)(0)D-79.png,9,9,0.99999976,olea,olea,Correct
235,olea/Ole.O.euroX400wF(4264)(0)D-93.png,9,9,0.99999917,olea,olea,Correct
236,olea/Ole.O.euroX400wF(4265)(0)E-100.png,9,9,0.99999857,olea,olea,Correct
237,olea/Ole.O.euroX400wF(4265)(0)E-126.png,9,9,0.9998765,olea,olea,Correct
238,olea/Ole.O.euroX400wF(4265)(0)E-129.png,9,9,0.99999976,olea,olea,Correct
239,olea/Ole.O.euroX400wF(4265)(0)E-159.png,9,9,0.9999968,olea,olea,Correct
240,olea/Ole.O.euroX400wF(4265)(0)E-162.png,9,9,0.9999999,olea,olea,Correct
241,olea/Ole.O.euroX400wF(4265)(0)E-169.png,9,9,0.9999999,olea,olea,Correct
242,olea/Ole.O.euroX400wF(4265)(0)E-182.png,9,9,0.99994934,olea,olea,Correct
243,olea/Ole.O.euroX400wF(4265)(0)E-184.png,9,9,0.99987864,olea,olea,Correct
244,olea/Ole.O.euroX400wF(4265)(0)E-27.png,9,9,0.9999949,olea,olea,Correct
245,olea/Ole.O.euroX400wF(4265)(0)E-28.png,9,9,1.0,olea,olea,Correct
246,olea/Ole.O.euroX400wF(4265)(0)E-33.png,9,9,0.9999572,olea,olea,Correct
247,olea/Ole.O.euroX400wF(4265)(0)E-36.png,9,9,0.9999995,olea,olea,Correct
248,olea/Ole.O.euroX400wF(4265)(0)E-50.png,9,9,0.99999845,olea,olea,Correct
249,olea/Ole.O.euroX400wF(4265)(0)E-59.png,9,9,1.0,olea,olea,Correct
250,olea/Ole.O.euroX400wF(4265)(0)E-60.png,9,9,0.99997604,olea,olea,Correct
251,olea/Ole.O.euroX400wF(4265)(0)E-78.png,9,9,1.0,olea,olea,Correct
252,olea/Ole.O.euroX400wF(4265)(0)E-86.png,9,9,0.9999999,olea,olea,Correct
253,olea/Ole.O.euroX400wF(4265)(0)E-9.png,9,9,0.9997348,olea,olea,Correct
254,olea/Ole.O.euroX400wF(4265)(0)E-99.png,9,9,1.0,olea,olea,Correct
255,olea/Ole.O.euroX400wF(4266)(0)F-120.png,9,9,0.9999974,olea,olea,Correct
256,olea/Ole.O.euroX400wF(4266)(0)F-135.png,9,9,0.9999999,olea,olea,Correct
257,olea/Ole.O.euroX400wF(4266)(0)F-151.png,9,9,0.99999976,olea,olea,Correct
258,olea/Ole.O.euroX400wF(4266)(0)F-44.png,9,9,0.9999999,olea,olea,Correct
259,olea/Ole.O.euroX400wF(4266)(0)F-55.png,9,9,1.0,olea,olea,Correct
260,olea/Ole.O.euroX400wF(4266)(0)F-74.png,9,9,1.0,olea,olea,Correct
261,olea/Ole.O.euroX400wF(4266)(0)F-87.png,9,9,0.9999999,olea,olea,Correct
262,olea/Ole.O.euroX400wF(4266)(0)F-96.png,9,9,1.0,olea,olea,Correct
263,olea/Ole.O.euroX400wF(4267)(0)G-11.png,9,9,0.999997,olea,olea,Correct
264,olea/Ole.O.euroX400wF(4267)(0)G-18.png,9,9,0.999426,olea,olea,Correct
265,olea/Ole.O.euroX400wF(4267)(0)G-23.png,9,9,1.0,olea,olea,Correct
266,olea/Ole.O.euroX400wF(4267)(0)G-43.png,9,9,0.9999956,olea,olea,Correct
267,olea/Ole.O.euroX400wF(4267)(0)G-44.png,9,9,0.9999919,olea,olea,Correct
268,origanum/Lam.O.micX400wF(884)(0)A-5.png,10,10,0.9999999,origanum,origanum,Correct
269,origanum/Lam.O.micX400wF(885)(0)B-8.png,10,10,0.9823943,origanum,origanum,Correct
270,origanum/Lam.O.micX400wF(886)(0)C-28.png,10,10,0.9999999,origanum,origanum,Correct
271,origanum/Lam.O.micX400wF(886)(0)C-3.png,10,10,0.9999999,origanum,origanum,Correct
272,origanum/Lam.O.micX400wF(886)(0)C-37.png,10,10,0.99998415,origanum,origanum,Correct
273,origanum/Lam.O.micX400wF(886)(0)C-40.png,10,10,0.9999931,origanum,origanum,Correct
274,origanum/Lam.O.micX400wF(886)(0)C-43.png,10,10,0.9999931,origanum,origanum,Correct
275,origanum/Lam.O.micX400wF(886)(0)C-47.png,10,10,0.9999174,origanum,origanum,Correct
276,origanum/Lam.O.micX400wF(886)(0)C-60.png,10,10,0.9999999,origanum,origanum,Correct
277,origanum/Lam.O.micX400wF(886)(0)C-61.png,10,10,0.9999573,origanum,origanum,Correct
278,origanum/Lam.O.micX400wF(887)(0)D-3.png,10,10,0.99996483,origanum,origanum,Correct
279,origanum/Lam.O.micX400wF(889)(0)F-12.png,10,10,1.0,origanum,origanum,Correct
280,origanum/Lam.O.micX400wF(889)(0)F-18.png,10,10,0.9999995,origanum,origanum,Correct
281,origanum/Lam.O.micX400wF(889)(0)F-22.png,10,10,0.99999857,origanum,origanum,Correct
282,origanum/Lam.O.micX400wF(889)(0)F-27.png,10,10,0.9999945,origanum,origanum,Correct
283,origanum/Lam.O.micX400wF(889)(0)F-32.png,10,10,0.9999987,origanum,origanum,Correct
284,origanum/Lam.O.micX400wF(889)(0)F-41.png,10,10,1.0,origanum,origanum,Correct
285,origanum/Lam.O.micX400wF(889)(0)F-60.png,10,10,0.9999999,origanum,origanum,Correct
286,oxalis/Oxa.O.pes.cX400wF(1733)(0)A-6.png,11,11,1.0,oxalis,oxalis,Correct
287,oxalis/Oxa.O.pes.cX400wF(1734)(0)B-3.png,11,11,0.9999629,oxalis,oxalis,Correct
288,oxalis/Oxa.O.pes.cX400wF(1735)(0)C-10.png,11,11,1.0,oxalis,oxalis,Correct
289,oxalis/Oxa.O.pes.cX400wF(1736)(0)D-7.png,11,11,1.0,oxalis,oxalis,Correct
290,oxalis/Oxa.O.pes.cX400wF(1737)(1736)E-7.png,11,11,1.0,oxalis,oxalis,Correct
291,oxalis/Oxa.O.pes.cX400wF(1738)(0)F-1.png,11,11,0.9999908,oxalis,oxalis,Correct
292,oxalis/Oxa.O.pes.cX400wF(1738)(0)F-2.png,11,11,0.9997845,oxalis,oxalis,Correct
293,oxalis/Oxa.O.pes.cX400wF(1738)(0)F-7.png,11,11,0.99999917,oxalis,oxalis,Correct
294,oxalis/Oxa.O.pes.cX400wF(1739)(0)G-9.png,11,11,1.0,oxalis,oxalis,Correct
295,oxalis/Oxa.O.pes.cX400wF(1740)(0)H-12.png,11,11,1.0,oxalis,oxalis,Correct
296,oxalis/Oxa.O.pes.cX400wF(1743)(0)K-3.png,11,11,1.0,oxalis,oxalis,Correct
297,oxalis/Oxa.O.pes.cX400wF(1743)(0)K-8.png,11,11,1.0,oxalis,oxalis,Correct
298,oxalis/Oxa.O.pes.cX400wF(1743)(0)K-9.png,11,11,0.9999987,oxalis,oxalis,Correct
299,pinus/Pin.P.brutX400wF(3172)(0)B-5.png,12,12,1.0,pinus,pinus,Correct
300,pinus/Pin.P.brutX400wF(3174)(0)D-5.png,12,12,1.0,pinus,pinus,Correct
301,pinus/Pin.P.brutX400wF(3176)(0)F-2.png,12,12,1.0,pinus,pinus,Correct
302,pistacia/Ana.P.tereX400wF(3223)(0)B-2.png,13,13,0.9999999,pistacia,pistacia,Correct
303,pistacia/Ana.P.tereX400wF(3224)(0)C-3.png,13,13,1.0,pistacia,pistacia,Correct
304,pistacia/Ana.P.tereX400wF(3226)(0)E-1.png,13,13,0.99999964,pistacia,pistacia,Correct
305,pistacia/Ana.P.tereX400wF(3226)(0)E-4.png,13,13,0.99999857,pistacia,pistacia,Correct
306,salvia/Lam.S.triX400wF(2188)(0)A-7.png,14,14,0.99999964,salvia,salvia,Correct
307,salvia/Lam.S.triX400wF(2188)(0)A-8.png,14,14,1.0,salvia,salvia,Correct
308,salvia/Lam.S.triX400wF(2189)(0)B-3.png,14,14,0.99999666,salvia,salvia,Correct
309,salvia/Lam.S.triX400wF(2189)(0)B-31.png,14,14,0.99999726,salvia,salvia,Correct
310,salvia/Lam.S.triX400wF(2189)(0)B-41.png,14,14,0.989999,salvia,salvia,Correct
311,salvia/Lam.S.triX400wF(2189)(0)B-51.png,14,14,1.0,salvia,salvia,Correct
312,salvia/Lam.S.triX400wF(2190)(0)C-1.png,14,14,0.99999976,salvia,salvia,Correct
313,salvia/Lam.S.triX400wF(2190)(0)C-12.png,14,14,1.0,salvia,salvia,Correct
314,salvia/Lam.S.triX400wF(2190)(0)C-15.png,14,14,0.9999999,salvia,salvia,Correct
315,salvia/Lam.S.triX400wF(2190)(0)C-25.png,14,14,1.0,salvia,salvia,Correct
316,salvia/Lam.S.triX400wF(2190)(0)C-3.png,14,14,0.99999905,salvia,salvia,Correct
317,salvia/Lam.S.triX400wF(2190)(0)C-31.png,14,14,1.0,salvia,salvia,Correct
318,salvia/Lam.S.triX400wF(2190)(0)C-36.png,14,14,1.0,salvia,salvia,Correct
319,salvia/Lam.S.triX400wF(2190)(0)C-4.png,14,14,1.0,salvia,salvia,Correct
320,salvia/Lam.S.triX400wF(2191)(0)D-2.png,14,14,0.9999974,salvia,salvia,Correct
321,salvia/Lam.S.triX400wF(2191)(0)D-37.png,14,14,1.0,salvia,salvia,Correct
322,salvia/Lam.S.triX400wF(2191)(0)D-39.png,14,14,1.0,salvia,salvia,Correct
323,salvia/Lam.S.triX400wF(2191)(0)D-48.png,14,14,1.0,salvia,salvia,Correct
324,satureja/Lam.S.thyX400wF(942)(935)B-5.png,15,15,0.99929607,satureja,satureja,Correct
325,satureja/Lam.S.thyX400wF(943)(990)C-7.png,15,15,0.99998057,satureja,satureja,Correct
326,satureja/Lam.S.thyX400wF(944)(940)E-20.png,15,15,0.9999989,satureja,satureja,Correct
327,satureja/Lam.S.thyX400wF(944)(940)E-23.png,15,15,0.99184096,satureja,satureja,Correct
328,satureja/Lam.S.thyX400wF(944)(940)E-6.png,15,15,0.9999943,satureja,satureja,Correct
329,satureja/Lam.S.thyX400wF(945)(0)F-2.png,15,15,0.9998785,satureja,satureja,Correct
330,satureja/Lam.S.thyX400wF(947)(0)H-3.png,15,15,0.9999908,satureja,satureja,Correct
331,sinapis/Bra.S.albX400wF(2150)(0)A-8.png,16,16,0.8197857,sinapis,sinapis,Correct
333,sinapis/Bra.S.albX400wF(2151)(0)B-22.png,16,16,1.0,sinapis,sinapis,Correct
334,sinapis/Bra.S.albX400wF(2153)(0)D-17.png,16,16,0.99832124,sinapis,sinapis,Correct
335,sinapis/Bra.S.albX400wF(2153)(0)D-23.png,16,16,0.9999994,sinapis,sinapis,Correct
336,sinapis/Bra.S.albX400wF(2153)(0)D-27.png,16,16,0.988054,sinapis,sinapis,Correct
337,sinapis/Bra.S.albX400wF(2153)(0)D-3.png,16,16,0.9999697,sinapis,sinapis,Correct
338,sinapis/Bra.S.albX400wF(2154)(0)E-7.png,16,16,0.9963458,sinapis,sinapis,Correct
339,sinapis/Bra.S.albX400wF(2155)(0)F-16.png,16,16,0.9999682,sinapis,sinapis,Correct
340,sinapis/Bra.S.albX400wF(2155)(0)F-4.png,16,16,0.9999944,sinapis,sinapis,Correct
341,sinapis/Bra.S.albX400wF(2155)(0)F-7.png,16,16,0.9999695,sinapis,sinapis,Correct
342,sinapis/IMG_3704-1.png,16,16,0.99984574,sinapis,sinapis,Correct
343,sinapis/IMG_3704-11.png,16,16,0.9999999,sinapis,sinapis,Correct
344,sinapis/IMG_3704-18.png,16,16,0.99999475,sinapis,sinapis,Correct
345,sinapis/IMG_3704-4.png,16,16,0.9713038,sinapis,sinapis,Correct
346,sinapis/IMG_3704-6.png,16,16,0.99999917,sinapis,sinapis,Correct
347,sinapis/IMG_3706-13.png,16,16,0.99999785,sinapis,sinapis,Correct
348,sinapis/IMG_3708-5.png,16,16,0.9999994,sinapis,sinapis,Correct
349,sinapis/IMG_3708-8.png,16,16,1.0,sinapis,sinapis,Correct
350,thymbra/Lam.T.capX400wF(1029)(0)A-10.png,17,17,0.9999999,thymbra,thymbra,Correct
351,thymbra/Lam.T.capX400wF(1029)(0)A-12.png,17,17,0.9999995,thymbra,thymbra,Correct
352,thymbra/Lam.T.capX400wF(1029)(0)A-14.png,17,17,1.0,thymbra,thymbra,Correct
353,thymbra/Lam.T.capX400wF(1029)(0)A-26.png,17,17,1.0,thymbra,thymbra,Correct
354,thymbra/Lam.T.capX400wF(1030)(0)B-5.png,17,17,1.0,thymbra,thymbra,Correct
355,thymbra/Lam.T.capX400wF(1031)(0)C-12.png,17,17,0.99999714,thymbra,thymbra,Correct
356,thymbra/Lam.T.capX400wF(1031)(0)C-6.png,17,17,0.99974424,thymbra,thymbra,Correct
357,thymbra/Lam.T.capX400wF(1033)(0)E-5.png,17,17,0.99998903,thymbra,thymbra,Correct
358,thymbra/Lam.T.capX400wF(1033)(0)E-6.png,17,17,0.9999864,thymbra,thymbra,Correct
359,thymbra/x40 f (2)-3.png,17,17,0.99996066,thymbra,thymbra,Correct
360,thymbra/x40 f (4)-17.png,17,17,0.9999647,thymbra,thymbra,Correct
361,thymbra/x40 f (6)-1.png,17,17,0.9089835,thymbra,thymbra,Correct
362,thymbra/x40 f (6)-16.png,17,17,1.0,thymbra,thymbra,Correct
363,thymbra/x40 f (6)-2.png,17,17,0.60644674,thymbra,thymbra,Correct
364,thymbra/x40 f (7)-6.png,17,17,0.9999962,thymbra,thymbra,Correct
365,urginea/Asp.U.marX400wF(5317)(0)A-4.png,18,18,0.99999344,urginea,urginea,Correct
366,urginea/Asp.U.marX400wF(5317)(0)A-8.png,18,18,0.99999905,urginea,urginea,Correct
367,urginea/Asp.U.marX400wF(5319)(0)C-11.png,18,18,0.9999995,urginea,urginea,Correct
368,urginea/Asp.U.marX400wF(5319)(0)C-3.png,18,18,0.9999914,urginea,urginea,Correct
369,urginea/Asp.U.marX400wF(5319)(0)C-9.png,18,18,0.9999999,urginea,urginea,Correct
370,urginea/Asp.U.marX400wF(5321)(0)E-1.png,18,18,0.9999987,urginea,urginea,Correct
371,urginea/Asp.U.marX400wF(5321)(0)E-12.png,18,18,0.9938606,urginea,urginea,Correct
372,urginea/Asp.U.marX400wF(5322)(0)F-8.png,18,18,0.99999857,urginea,urginea,Correct
373,urginea/Asp.U.marX400wF(5323)(0)G-11.png,18,18,0.99998426,urginea,urginea,Correct
374,urginea/Asp.U.marX400wF(5324)(0)H-2.png,18,18,0.99999845,urginea,urginea,Correct
375,urginea/Asp.U.marX400wF(5324)(0)H-6.png,18,18,0.99997795,urginea,urginea,Correct
376,vitis/Vit.V.viniX400wF(4978)(0)A-10.png,19,19,0.99999547,vitis,vitis,Correct
377,vitis/Vit.V.viniX400wF(4979)(0)B-14.png,19,19,0.9975746,vitis,vitis,Correct
379,vitis/Vit.V.viniX400wF(4980)(0)C-1.png,19,19,0.99996626,vitis,vitis,Correct
380,vitis/Vit.V.viniX400wF(4980)(0)C-11.png,19,19,0.99950683,vitis,vitis,Correct
381,vitis/Vit.V.viniX400wF(4980)(0)C-28.png,19,19,0.9999939,vitis,vitis,Correct
382,vitis/Vit.V.viniX400wF(4980)(0)C-4.png,19,19,0.99999976,vitis,vitis,Correct
383,vitis/Vit.V.viniX400wF(4980)(0)C-6.png,19,19,0.9999932,vitis,vitis,Correct
384,vitis/Vit.V.viniX400wF(4980)(0)C-8.png,19,19,0.9999126,vitis,vitis,Correct
385,vitis/Vit.V.viniX400wF(4981)(0)D-10.png,19,19,0.9999995,vitis,vitis,Correct
386,vitis/Vit.V.viniX400wF(4981)(0)D-15.png,19,19,0.99999976,vitis,vitis,Correct
387,vitis/Vit.V.viniX400wF(4981)(0)D-33.png,19,19,0.9999901,vitis,vitis,Correct
388,vitis/Vit.V.viniX400wF(4982)(0)E-10.png,19,19,0.9999579,vitis,vitis,Correct
389,vitis/Vit.V.viniX400wF(4982)(0)E-25.png,19,19,0.99999964,vitis,vitis,Correct
390,vitis/Vit.V.viniX400wF(4982)(0)E-33.png,19,19,0.9944517,vitis,vitis,Correct
391,vitis/Vit.V.viniX400wF(4983)(0)F-12.png,19,19,0.9999995,vitis,vitis,Correct
392,vitis/Vit.V.viniX400wF(4983)(0)F-17.png,19,19,1.0,vitis,vitis,Correct
393,vitis/Vit.V.viniX400wF(4983)(0)F-21.png,19,19,0.999998,vitis,vitis,Correct
394,vitis/Vit.V.viniX400wF(4984)(0)G-11.png,19,19,0.9999832,vitis,vitis,Correct
395,vitis/Vit.V.viniX400wF(4984)(0)G-38.png,19,19,0.9991986,vitis,vitis,Correct
396,vitis/Vit.V.viniX400wF(4984)(0)G-47.png,19,19,0.9980305,vitis,vitis,Correct
397,vitis/Vit.V.viniX400wF(4984)(0)G-48.png,19,19,0.9997799,vitis,vitis,Correct
398,vitis/Vit.V.viniX400wF(4985)(0)H-14.png,19,19,0.9999999,vitis,vitis,Correct
399,vitis/Vit.V.viniX400wF(4985)(0)H-25.png,19,19,0.99999964,vitis,vitis,Correct
400,vitis/Vit.V.viniX400wF(4985)(0)H-27.png,19,19,0.9999956,vitis,vitis,Correct
401,vitis/Vit.V.viniX400wF(4985)(0)H-3.png,19,19,0.9999999,vitis,vitis,Correct
402,vitis/Vit.V.viniX400wF(4985)(0)H-33.png,19,19,0.9999999,vitis,vitis,Correct
0,asphodelus/Asp.A.ramX400wF(1984)(0)A-2.png,0,0,0.9967283,asphodelus,asphodelus,Correct
1,asphodelus/Asp.A.ramX400wF(1985)(0)B-3.png,0,0,0.9993998,asphodelus,asphodelus,Correct
2,asphodelus/Asp.A.ramX400wF(1987)(0)D-3.png,0,0,0.9999999,asphodelus,asphodelus,Correct
3,asphodelus/Asp.A.ramX400wF(1989)(0)F-3.png,0,0,0.99999845,asphodelus,asphodelus,Correct
4,calicotome/Fab.C.vilX400wF(2016)(0)A-13.png,1,1,0.99998796,calicotome,calicotome,Correct
5,calicotome/Fab.C.vilX400wF(2016)(0)A-2.png,1,1,0.9990134,calicotome,calicotome,Correct
6,calicotome/Fab.C.vilX400wF(2017)(0)B-15.png,1,1,0.9999709,calicotome,calicotome,Correct
7,calicotome/Fab.C.vilX400wF(2017)(0)B-18.png,1,1,0.99999833,calicotome,calicotome,Correct
8,calicotome/Fab.C.vilX400wF(2017)(0)B-6.png,1,1,1.0,calicotome,calicotome,Correct
9,calicotome/Fab.C.vilX400wF(2018)(0)C-10.png,1,1,0.99990475,calicotome,calicotome,Correct
10,calicotome/Fab.C.vilX400wF(2018)(0)C-13.png,1,1,0.9999994,calicotome,calicotome,Correct
11,calicotome/Fab.C.vilX400wF(2018)(0)C-15.png,1,1,0.99998486,calicotome,calicotome,Correct
12,calicotome/Fab.C.vilX400wF(2018)(0)C-20.png,1,1,0.98232263,calicotome,calicotome,Correct
14,calicotome/Fab.C.vilX400wF(2018)(0)C-4.png,1,1,0.9999809,calicotome,calicotome,Correct
15,calicotome/Fab.C.vilX400wF(2018)(0)C-6.png,1,1,0.9999974,calicotome,calicotome,Correct
16,calicotome/Fab.C.vilX400wF(2019)(0)D-1.png,1,1,0.9996598,calicotome,calicotome,Correct
17,calicotome/Fab.C.vilX400wF(2019)(0)D-102.png,1,1,1.0,calicotome,calicotome,Correct
18,calicotome/Fab.C.vilX400wF(2019)(0)D-122.png,1,1,1.0,calicotome,calicotome,Correct
19,calicotome/Fab.C.vilX400wF(2019)(0)D-56.png,1,1,0.99999964,calicotome,calicotome,Correct
21,calicotome/Fab.C.vilX400wF(2019)(0)D-59.png,1,1,0.90105873,calicotome,calicotome,Correct
22,calicotome/Fab.C.vilX400wF(2019)(0)D-83.png,1,1,0.9999994,calicotome,calicotome,Correct
23,calicotome/Fab.C.vilX400wF(2020)(0)E-107.png,1,1,0.9999063,calicotome,calicotome,Correct
24,calicotome/Fab.C.vilX400wF(2020)(0)E-114.png,1,1,1.0,calicotome,calicotome,Correct
25,calicotome/Fab.C.vilX400wF(2020)(0)E-115.png,1,1,1.0,calicotome,calicotome,Correct
26,calicotome/Fab.C.vilX400wF(2020)(0)E-117.png,1,1,0.999866,calicotome,calicotome,Correct
27,calicotome/Fab.C.vilX400wF(2020)(0)E-22.png,1,1,0.9999995,calicotome,calicotome,Correct
28,calicotome/Fab.C.vilX400wF(2020)(0)E-3.png,1,1,0.9999901,calicotome,calicotome,Correct
29,calicotome/Fab.C.vilX400wF(2020)(0)E-57.png,1,1,0.99998116,calicotome,calicotome,Correct
30,calicotome/Fab.C.vilX400wF(2020)(0)E-60.png,1,1,0.9999999,calicotome,calicotome,Correct
31,calicotome/Fab.C.vilX400wF(2020)(0)E-62.png,1,1,1.0,calicotome,calicotome,Correct
32,calicotome/Fab.C.vilX400wF(2020)(0)E-89.png,1,1,0.9999999,calicotome,calicotome,Correct
33,castanea/Fag.C.satX400wF(781)(0)A-21.png,2,2,1.0,castanea,castanea,Correct
34,castanea/Fag.C.satX400wF(781)(0)A-24.png,2,2,0.99989796,castanea,castanea,Correct
35,castanea/Fag.C.satX400wF(781)(0)A-29.png,2,2,0.99999404,castanea,castanea,Correct
36,castanea/Fag.C.satX400wF(781)(0)A-45.png,2,2,0.9999968,castanea,castanea,Correct
37,castanea/Fag.C.satX400wF(781)(0)A-46.png,2,2,0.9999999,castanea,castanea,Correct
38,castanea/Fag.C.satX400wF(782)(0)B-13.png,2,2,0.9999958,castanea,castanea,Correct
39,castanea/Fag.C.satX400wF(783)(0)C-7.png,2,2,0.9999993,castanea,castanea,Correct
40,castanea/Fag.C.satX400wF(784)(0)D-10.png,2,2,0.9999989,castanea,castanea,Correct
41,castanea/Fag.C.satX400wF(785)(0)E-1.png,2,2,0.999997,castanea,castanea,Correct
42,castanea/Fag.C.satX400wF(786)(0)F-8.png,2,2,0.9999813,castanea,castanea,Correct
43,castanea/Fag.C.satX400wF(792)(781)G-32.png,2,2,1.0,castanea,castanea,Correct
44,castanea/Fag.C.satX400wF(792)(781)G-34.png,2,2,1.0,castanea,castanea,Correct
45,castanea/Fag.C.satX400wF(792)(781)G-36.png,2,2,0.99999714,castanea,castanea,Correct
46,castanea/Fag.C.satX400wF(792)(781)G-38.png,2,2,0.99999654,castanea,castanea,Correct
47,castanea/Fag.C.satX400wF(792)(781)G-42.png,2,2,0.99999905,castanea,castanea,Correct
48,castanea/Fag.C.satX400wF(793)(781)H-12.png,2,2,1.0,castanea,castanea,Correct
49,castanea/Fag.C.satX400wF(793)(781)H-15.png,2,2,1.0,castanea,castanea,Correct
50,castanea/Fag.C.satX400wF(793)(781)H-20.png,2,2,0.99999917,castanea,castanea,Correct
51,castanea/Fag.C.satX400wF(793)(781)H-31.png,2,2,0.9999995,castanea,castanea,Correct
52,castanea/Fag.C.satX400wF(793)(781)H-37.png,2,2,0.99999344,castanea,castanea,Correct
53,castanea/Fag.C.satX400wF(793)(781)H-48.png,2,2,0.9999963,castanea,castanea,Correct
54,castanea/Fag.C.satX400wF(793)(781)H-50.png,2,2,0.9999999,castanea,castanea,Correct
55,ceratonia/Fab.C.silX400wF(475)(0)A-1.png,3,3,0.9179309,ceratonia,ceratonia,Correct
56,ceratonia/Fab.C.silX400wF(475)(0)A-17.png,3,3,0.9999714,ceratonia,ceratonia,Correct
57,ceratonia/Fab.C.silX400wF(475)(0)A-3.png,3,3,0.76402855,ceratonia,ceratonia,Correct
58,ceratonia/Fab.C.silX400wF(476)(0)B-6.png,3,3,0.9724664,ceratonia,ceratonia,Correct
59,ceratonia/Fab.C.silX400wF(477)(0)C-4.png,3,3,0.99241287,ceratonia,ceratonia,Correct
60,ceratonia/Fab.C.silX400wF(478)(0)D-12.png,3,3,0.9999702,ceratonia,ceratonia,Correct
61,ceratonia/Fab.C.silX400wF(478)(0)D-6.png,3,3,0.9912781,ceratonia,ceratonia,Correct
62,ceratonia/Fab.C.silX400wF(478)(0)D-7.png,3,3,0.99997056,ceratonia,ceratonia,Correct
63,ceratonia/Fab.C.silX400wF(479)(0)E-5.png,3,3,0.9950152,ceratonia,ceratonia,Correct
64,ceratonia/Fab.C.silX400wF(480)(0)F-9.png,3,3,0.99998987,ceratonia,ceratonia,Correct
65,ebenus/Fab.E.creX400wF(694)(0)B-3.png,4,4,1.0,ebenus,ebenus,Correct
66,ebenus/Fab.E.creX400wF(695)(0)C-3.png,4,4,0.9999999,ebenus,ebenus,Correct
67,erica/Eri.E.maniX400wF(5355)(0)A-11.png,5,5,0.9999838,erica,erica,Correct
68,erica/Eri.E.maniX400wF(5355)(0)A-15.png,5,5,0.9999999,erica,erica,Correct
69,erica/Eri.E.maniX400wF(5355)(0)A-16.png,5,5,0.9999994,erica,erica,Correct
70,erica/Eri.E.maniX400wF(5355)(0)A-21.png,5,5,0.9999883,erica,erica,Correct
71,erica/Eri.E.maniX400wF(5356)(0)B-11.png,5,5,1.0,erica,erica,Correct
72,erica/Eri.E.maniX400wF(5356)(0)B-13.png,5,5,0.99998474,erica,erica,Correct
73,erica/Eri.E.maniX400wF(5356)(0)B-4.png,5,5,0.99995923,erica,erica,Correct
74,erica/Eri.E.maniX400wF(5357)(0)C-26.png,5,5,0.9999999,erica,erica,Correct
75,erica/Eri.E.maniX400wF(5358)(0)D-11.png,5,5,0.9999783,erica,erica,Correct
76,erica/Eri.E.maniX400wF(5358)(0)D-16.png,5,5,0.99816495,erica,erica,Correct
77,erica/Eri.E.maniX400wF(5359)(0)E-20.png,5,5,0.99999464,erica,erica,Correct
78,erica/Eri.E.maniX400wF(5359)(0)E-29.png,5,5,1.0,erica,erica,Correct
79,erica/Eri.E.maniX400wF(5359)(0)E-8.png,5,5,1.0,erica,erica,Correct
80,erica/Eri.E.maniX400wF(5361)(0)G-4.png,5,5,0.99995947,erica,erica,Correct
81,erica/Eri.E.maniX400wF(5362)(0)H-21.png,5,5,0.9999759,erica,erica,Correct
82,erica/Eri.E.maniX400wF(5362)(0)H-26.png,5,5,0.9999989,erica,erica,Correct
83,erica/Eri.E.maniX400wF(5362)(0)H-5.png,5,5,0.9999995,erica,erica,Correct
84,erica/Eri.E.maniX400wF(5363)(0)I-18.png,5,5,0.9999993,erica,erica,Correct
85,eucalyptus/Myr.E.camaX400wF(1866)(0)A-5.png,6,6,0.9850131,eucalyptus,eucalyptus,Correct
86,eucalyptus/Myr.E.camaX400wF(1866)(0)A-7.png,6,6,0.9978103,eucalyptus,eucalyptus,Correct
87,eucalyptus/Myr.E.camaX400wF(1868)(0)C-6.png,6,6,0.99841774,eucalyptus,eucalyptus,Correct
88,eucalyptus/Myr.E.camaX400wF(1869)(0)D-11.png,6,6,0.98820066,eucalyptus,eucalyptus,Correct
89,eucalyptus/Myr.E.camaX400wF(1869)(0)D-8.png,6,6,0.96743226,eucalyptus,eucalyptus,Correct
90,eucalyptus/Myr.E.camaX400wF(1872)(0)G-11.png,6,6,0.9445315,eucalyptus,eucalyptus,Correct
91,eucalyptus/Myr.E.camaX400wF(1872)(0)G-12.png,6,6,0.9962553,eucalyptus,eucalyptus,Correct
92,eucalyptus/Myr.E.camaX400wF(1872)(0)G-9.png,6,6,0.9999137,eucalyptus,eucalyptus,Correct
93,eucalyptus/Myr.E.camaX400wF(2962)(0)H-18.png,6,6,0.9993623,eucalyptus,eucalyptus,Correct
94,eucalyptus/Myr.E.camaX400wF(2962)(0)H-22.png,6,6,0.99517834,eucalyptus,eucalyptus,Correct
95,eucalyptus/Myr.E.camaX400wF(2962)(0)H-29.png,6,6,0.9976591,eucalyptus,eucalyptus,Correct
96,eucalyptus/Myr.E.camaX400wF(2962)(0)H-3.png,6,6,0.99999857,eucalyptus,eucalyptus,Correct
97,eucalyptus/Myr.E.camaX400wF(2964)(0)J-13.png,6,6,0.9994241,eucalyptus,eucalyptus,Correct
98,eucalyptus/Myr.E.camaX400wF(2964)(0)J-25.png,6,6,0.9999939,eucalyptus,eucalyptus,Correct
99,eucalyptus/Myr.E.camaX400wF(2964)(0)J-32.png,6,6,0.9999987,eucalyptus,eucalyptus,Correct
100,eucalyptus/Myr.E.camaX400wF(2964)(0)J-8.png,6,6,0.9999937,eucalyptus,eucalyptus,Correct
101,eucalyptus/Myr.E.camaX400wF(2966)(0)L-4.png,6,6,0.9999995,eucalyptus,eucalyptus,Correct
102,ferula/Api.F.comX400wF(2135)(0)A-8.png,7,7,1.0,ferula,ferula,Correct
103,ferula/Api.F.comX400wF(2136)(0)B-11.png,7,7,0.9999982,ferula,ferula,Correct
104,ferula/Api.F.comX400wF(2136)(0)B-3.png,7,7,1.0,ferula,ferula,Correct
105,ferula/Api.F.comX400wF(2138)(0)D-10.png,7,7,0.9982494,ferula,ferula,Correct
106,ferula/Api.F.comX400wF(2138)(0)D-19.png,7,7,1.0,ferula,ferula,Correct
107,ferula/Api.F.comX400wF(2138)(0)D-4.png,7,7,0.9999614,ferula,ferula,Correct
108,ferula/Api.F.comX400wF(2138)(0)D-6.png,7,7,0.99999416,ferula,ferula,Correct
109,ferula/Api.F.comX400wF(2139)(0)E-13.png,7,7,0.8685321,ferula,ferula,Correct
110,ferula/Api.F.comX400wF(2139)(0)E-17.png,7,7,0.9999995,ferula,ferula,Correct
111,myrtus/IMG_3734-101.png,8,8,0.9999999,myrtus,myrtus,Correct
112,myrtus/IMG_3734-103.png,8,8,1.0,myrtus,myrtus,Correct
113,myrtus/IMG_3734-115.png,8,8,1.0,myrtus,myrtus,Correct
114,myrtus/IMG_3734-17.png,8,8,0.9999926,myrtus,myrtus,Correct
115,myrtus/IMG_3734-76.png,8,8,0.9999999,myrtus,myrtus,Correct
116,myrtus/IMG_3734-77.png,8,8,0.99999976,myrtus,myrtus,Correct
117,myrtus/IMG_3734-90.png,8,8,1.0,myrtus,myrtus,Correct
118,myrtus/IMG_3734-99.png,8,8,0.9999975,myrtus,myrtus,Correct
119,myrtus/IMG_3735-12.png,8,8,0.99999964,myrtus,myrtus,Correct
120,myrtus/IMG_3735-28.png,8,8,1.0,myrtus,myrtus,Correct
121,myrtus/IMG_3735-4.png,8,8,1.0,myrtus,myrtus,Correct
122,myrtus/IMG_3736-11.png,8,8,1.0,myrtus,myrtus,Correct
123,myrtus/IMG_3736-18.png,8,8,1.0,myrtus,myrtus,Correct
124,myrtus/IMG_3736-24.png,8,8,1.0,myrtus,myrtus,Correct
125,myrtus/IMG_3736-25.png,8,8,1.0,myrtus,myrtus,Correct
126,myrtus/IMG_3736-40.png,8,8,0.9999999,myrtus,myrtus,Correct
127,myrtus/IMG_3736-6.png,8,8,0.9999999,myrtus,myrtus,Correct
128,myrtus/IMG_3736-74.png,8,8,1.0,myrtus,myrtus,Correct
129,myrtus/IMG_3736-80.png,8,8,1.0,myrtus,myrtus,Correct
130,myrtus/IMG_3737-33.png,8,8,0.9999995,myrtus,myrtus,Correct
131,myrtus/IMG_3737-34.png,8,8,1.0,myrtus,myrtus,Correct
132,myrtus/IMG_3737-43.png,8,8,0.99999917,myrtus,myrtus,Correct
133,myrtus/IMG_3737-68.png,8,8,0.9999999,myrtus,myrtus,Correct
134,myrtus/IMG_3737-7.png,8,8,0.9999999,myrtus,myrtus,Correct
135,myrtus/IMG_3737-71.png,8,8,0.9999994,myrtus,myrtus,Correct
136,myrtus/IMG_3738-106.png,8,8,0.99999297,myrtus,myrtus,Correct
137,myrtus/IMG_3738-118.png,8,8,0.9999999,myrtus,myrtus,Correct
138,myrtus/IMG_3738-120.png,8,8,1.0,myrtus,myrtus,Correct
139,myrtus/IMG_3738-137.png,8,8,0.9999944,myrtus,myrtus,Correct
140,myrtus/IMG_3738-145.png,8,8,0.9999999,myrtus,myrtus,Correct
141,myrtus/IMG_3738-151.png,8,8,0.9995958,myrtus,myrtus,Correct
142,myrtus/IMG_3738-154.png,8,8,1.0,myrtus,myrtus,Correct
143,myrtus/IMG_3738-43.png,8,8,1.0,myrtus,myrtus,Correct
144,myrtus/IMG_3738-48.png,8,8,1.0,myrtus,myrtus,Correct
145,myrtus/IMG_3738-59.png,8,8,0.99994814,myrtus,myrtus,Correct
146,myrtus/IMG_3738-71.png,8,8,0.99999976,myrtus,myrtus,Correct
147,myrtus/IMG_3738-74.png,8,8,1.0,myrtus,myrtus,Correct
148,myrtus/IMG_3738-79.png,8,8,1.0,myrtus,myrtus,Correct
149,myrtus/IMG_3738-91.png,8,8,0.99999714,myrtus,myrtus,Correct
150,myrtus/IMG_3738-93.png,8,8,1.0,myrtus,myrtus,Correct
151,myrtus/IMG_3741-11.png,8,8,0.9999987,myrtus,myrtus,Correct
152,myrtus/IMG_3741-12.png,8,8,1.0,myrtus,myrtus,Correct
153,myrtus/IMG_3741-14.png,8,8,0.9999993,myrtus,myrtus,Correct
154,myrtus/IMG_3741-53.png,8,8,1.0,myrtus,myrtus,Correct
155,myrtus/IMG_3742-25.png,8,8,1.0,myrtus,myrtus,Correct
156,myrtus/IMG_3742-27.png,8,8,0.9999999,myrtus,myrtus,Correct
157,myrtus/IMG_3742-30.png,8,8,0.9999982,myrtus,myrtus,Correct
158,myrtus/IMG_3743-21.png,8,8,1.0,myrtus,myrtus,Correct
159,myrtus/IMG_3743-26.png,8,8,0.9999937,myrtus,myrtus,Correct
160,myrtus/IMG_3743-29.png,8,8,1.0,myrtus,myrtus,Correct
161,myrtus/IMG_3743-3.png,8,8,0.99998426,myrtus,myrtus,Correct
162,myrtus/IMG_3743-40.png,8,8,0.99999774,myrtus,myrtus,Correct
163,myrtus/IMG_3743-41.png,8,8,0.9999994,myrtus,myrtus,Correct
164,myrtus/IMG_3743-42.png,8,8,0.99914074,myrtus,myrtus,Correct
165,myrtus/IMG_3744-23.png,8,8,0.9999999,myrtus,myrtus,Correct
166,myrtus/IMG_3744-45.png,8,8,1.0,myrtus,myrtus,Correct
167,myrtus/IMG_3744-46.png,8,8,1.0,myrtus,myrtus,Correct
168,myrtus/IMG_3744-52.png,8,8,1.0,myrtus,myrtus,Correct
169,myrtus/Myr.M.comX400wF(1095)(1091)A-20.png,8,8,0.9999995,myrtus,myrtus,Correct
170,myrtus/Myr.M.comX400wF(1095)(1091)A-24.png,8,8,0.9999981,myrtus,myrtus,Correct
171,myrtus/Myr.M.comX400wF(1095)(1091)A-28.png,8,8,1.0,myrtus,myrtus,Correct
172,myrtus/Myr.M.comX400wF(1095)(1091)A-3.png,8,8,1.0,myrtus,myrtus,Correct
173,myrtus/Myr.M.comX400wF(1095)(1091)A-31.png,8,8,0.9999988,myrtus,myrtus,Correct
174,myrtus/Myr.M.comX400wF(1095)(1091)A-35.png,8,8,0.9999999,myrtus,myrtus,Correct
175,myrtus/Myr.M.comX400wF(1095)(1091)A-4.png,8,8,1.0,myrtus,myrtus,Correct
176,myrtus/Myr.M.comX400wF(1095)(1091)A-40.png,8,8,0.9999993,myrtus,myrtus,Correct
177,myrtus/Myr.M.comX400wF(1095)(1091)A-45.png,8,8,0.99996746,myrtus,myrtus,Correct
178,myrtus/Myr.M.comX400wF(1095)(1091)A-54.png,8,8,0.9999962,myrtus,myrtus,Correct
179,myrtus/Myr.M.comX400wF(1095)(1091)A-73.png,8,8,1.0,myrtus,myrtus,Correct
180,myrtus/Myr.M.comX400wF(1095)(1091)A-9.png,8,8,0.9999999,myrtus,myrtus,Correct
181,myrtus/Myr.M.comX400wF(1095)(1091)A-92.png,8,8,0.99999964,myrtus,myrtus,Correct
182,myrtus/Myr.M.comX400wF(1097)(1090)C-14.png,8,8,0.99999595,myrtus,myrtus,Correct
183,myrtus/Myr.M.comX400wF(1097)(1090)C-28.png,8,8,0.999785,myrtus,myrtus,Correct
184,myrtus/Myr.M.comX400wF(1097)(1090)C-44.png,8,8,0.9999994,myrtus,myrtus,Correct
185,myrtus/Myr.M.comX400wF(1097)(1090)C-61.png,8,8,0.9999976,myrtus,myrtus,Correct
186,myrtus/Myr.M.comX400wF(1097)(1090)C-63.png,8,8,1.0,myrtus,myrtus,Correct
187,myrtus/Myr.M.comX400wF(1097)(1090)C-75.png,8,8,0.9999938,myrtus,myrtus,Correct
188,myrtus/Myr.M.comX400wF(1097)(1090)C-87.png,8,8,0.9999995,myrtus,myrtus,Correct
189,olea/Ole.O.euroX400wF(4261)(0)A-10.png,9,9,0.99999976,olea,olea,Correct
190,olea/Ole.O.euroX400wF(4261)(0)A-14.png,9,9,0.99999595,olea,olea,Correct
191,olea/Ole.O.euroX400wF(4261)(0)A-33.png,9,9,0.99999917,olea,olea,Correct
192,olea/Ole.O.euroX400wF(4261)(0)A-41.png,9,9,0.99999475,olea,olea,Correct
193,olea/Ole.O.euroX400wF(4261)(0)A-48.png,9,9,0.99995613,olea,olea,Correct
194,olea/Ole.O.euroX400wF(4261)(0)A-57.png,9,9,0.99999845,olea,olea,Correct
195,olea/Ole.O.euroX400wF(4262)(0)B-28.png,9,9,0.9999968,olea,olea,Correct
196,olea/Ole.O.euroX400wF(4262)(0)B-3.png,9,9,0.99981636,olea,olea,Correct
197,olea/Ole.O.euroX400wF(4262)(0)B-8.png,9,9,0.99998915,olea,olea,Correct
198,olea/Ole.O.euroX400wF(4263)(0)C-110.png,9,9,0.9999999,olea,olea,Correct
199,olea/Ole.O.euroX400wF(4263)(0)C-124.png,9,9,0.99645543,olea,olea,Correct
200,olea/Ole.O.euroX400wF(4263)(0)C-141.png,9,9,1.0,olea,olea,Correct
201,olea/Ole.O.euroX400wF(4263)(0)C-144.png,9,9,1.0,olea,olea,Correct
202,olea/Ole.O.euroX400wF(4263)(0)C-148.png,9,9,0.99999976,olea,olea,Correct
204,olea/Ole.O.euroX400wF(4263)(0)C-189.png,9,9,1.0,olea,olea,Correct
205,olea/Ole.O.euroX400wF(4263)(0)C-30.png,9,9,0.9999974,olea,olea,Correct
206,olea/Ole.O.euroX400wF(4263)(0)C-38.png,9,9,0.99995947,olea,olea,Correct
207,olea/Ole.O.euroX400wF(4263)(0)C-39.png,9,9,0.99999976,olea,olea,Correct
208,olea/Ole.O.euroX400wF(4263)(0)C-50.png,9,9,0.9990729,olea,olea,Correct
209,olea/Ole.O.euroX400wF(4263)(0)C-51.png,9,9,0.9999976,olea,olea,Correct
210,olea/Ole.O.euroX400wF(4263)(0)C-65.png,9,9,0.99999917,olea,olea,Correct
211,olea/Ole.O.euroX400wF(4263)(0)C-94.png,9,9,0.9999908,olea,olea,Correct
212,olea/Ole.O.euroX400wF(4264)(0)D-10.png,9,9,0.9999988,olea,olea,Correct
213,olea/Ole.O.euroX400wF(4264)(0)D-101.png,9,9,0.99999976,olea,olea,Correct
214,olea/Ole.O.euroX400wF(4264)(0)D-107.png,9,9,0.99999964,olea,olea,Correct
215,olea/Ole.O.euroX400wF(4264)(0)D-110.png,9,9,0.9999989,olea,olea,Correct
216,olea/Ole.O.euroX400wF(4264)(0)D-115.png,9,9,0.99999833,olea,olea,Correct
217,olea/Ole.O.euroX400wF(4264)(0)D-117.png,9,9,0.9999968,olea,olea,Correct
218,olea/Ole.O.euroX400wF(4264)(0)D-125.png,9,9,0.99998915,olea,olea,Correct
219,olea/Ole.O.euroX400wF(4264)(0)D-133.png,9,9,0.99999964,olea,olea,Correct
220,olea/Ole.O.euroX400wF(4264)(0)D-18.png,9,9,0.99999833,olea,olea,Correct
221,olea/Ole.O.euroX400wF(4264)(0)D-39.png,9,9,0.9999987,olea,olea,Correct
222,olea/Ole.O.euroX400wF(4264)(0)D-46.png,9,9,0.99999964,olea,olea,Correct
223,olea/Ole.O.euroX400wF(4264)(0)D-56.png,9,9,0.99999964,olea,olea,Correct
224,olea/Ole.O.euroX400wF(4264)(0)D-61.png,9,9,0.99996185,olea,olea,Correct
225,olea/Ole.O.euroX400wF(4264)(0)D-69.png,9,9,0.99999356,olea,olea,Correct
226,olea/Ole.O.euroX400wF(4264)(0)D-73.png,9,9,0.99999976,olea,olea,Correct
227,olea/Ole.O.euroX400wF(4264)(0)D-75.png,9,9,0.998403,olea,olea,Correct
228,olea/Ole.O.euroX400wF(4264)(0)D-87.png,9,9,1.0,olea,olea,Correct
229,olea/Ole.O.euroX400wF(4265)(0)E-118.png,9,9,0.99999547,olea,olea,Correct
230,olea/Ole.O.euroX400wF(4265)(0)E-121.png,9,9,0.9999995,olea,olea,Correct
231,olea/Ole.O.euroX400wF(4265)(0)E-141.png,9,9,0.99973017,olea,olea,Correct
232,olea/Ole.O.euroX400wF(4265)(0)E-146.png,9,9,0.99999976,olea,olea,Correct
233,olea/Ole.O.euroX400wF(4265)(0)E-148.png,9,9,0.9997718,olea,olea,Correct
234,olea/Ole.O.euroX400wF(4265)(0)E-149.png,9,9,0.99998176,olea,olea,Correct
235,olea/Ole.O.euroX400wF(4265)(0)E-15.png,9,9,0.9999993,olea,olea,Correct
236,olea/Ole.O.euroX400wF(4265)(0)E-154.png,9,9,1.0,olea,olea,Correct
237,olea/Ole.O.euroX400wF(4265)(0)E-200.png,9,9,0.99999666,olea,olea,Correct
238,olea/Ole.O.euroX400wF(4265)(0)E-213.png,9,9,0.9999994,olea,olea,Correct
239,olea/Ole.O.euroX400wF(4265)(0)E-217.png,9,9,0.9999989,olea,olea,Correct
240,olea/Ole.O.euroX400wF(4265)(0)E-222.png,9,9,0.99999654,olea,olea,Correct
241,olea/Ole.O.euroX400wF(4265)(0)E-30.png,9,9,0.9995937,olea,olea,Correct
242,olea/Ole.O.euroX400wF(4265)(0)E-38.png,9,9,0.9999999,olea,olea,Correct
243,olea/Ole.O.euroX400wF(4265)(0)E-42.png,9,9,0.99999833,olea,olea,Correct
244,olea/Ole.O.euroX400wF(4265)(0)E-52.png,9,9,0.99999964,olea,olea,Correct
245,olea/Ole.O.euroX400wF(4265)(0)E-67.png,9,9,1.0,olea,olea,Correct
246,olea/Ole.O.euroX400wF(4265)(0)E-71.png,9,9,0.9999993,olea,olea,Correct
247,olea/Ole.O.euroX400wF(4265)(0)E-72.png,9,9,1.0,olea,olea,Correct
248,olea/Ole.O.euroX400wF(4265)(0)E-79.png,9,9,1.0,olea,olea,Correct
249,olea/Ole.O.euroX400wF(4265)(0)E-82.png,9,9,0.99999845,olea,olea,Correct
250,olea/Ole.O.euroX400wF(4265)(0)E-94.png,9,9,0.9999999,olea,olea,Correct
251,olea/Ole.O.euroX400wF(4266)(0)F-1.png,9,9,0.9996092,olea,olea,Correct
252,olea/Ole.O.euroX400wF(4266)(0)F-11.png,9,9,0.9999999,olea,olea,Correct
253,olea/Ole.O.euroX400wF(4266)(0)F-112.png,9,9,1.0,olea,olea,Correct
254,olea/Ole.O.euroX400wF(4266)(0)F-123.png,9,9,0.9999993,olea,olea,Correct
255,olea/Ole.O.euroX400wF(4266)(0)F-126.png,9,9,0.9999925,olea,olea,Correct
256,olea/Ole.O.euroX400wF(4266)(0)F-4.png,9,9,1.0,olea,olea,Correct
257,olea/Ole.O.euroX400wF(4266)(0)F-40.png,9,9,0.99999964,olea,olea,Correct
258,olea/Ole.O.euroX400wF(4266)(0)F-56.png,9,9,0.9999994,olea,olea,Correct
259,olea/Ole.O.euroX400wF(4266)(0)F-64.png,9,9,0.9999747,olea,olea,Correct
260,olea/Ole.O.euroX400wF(4266)(0)F-76.png,9,9,0.9999715,olea,olea,Correct
261,olea/Ole.O.euroX400wF(4267)(0)G-16.png,9,9,0.9998516,olea,olea,Correct
262,olea/Ole.O.euroX400wF(4267)(0)G-25.png,9,9,0.9999995,olea,olea,Correct
263,olea/Ole.O.euroX400wF(4267)(0)G-27.png,9,9,0.9999999,olea,olea,Correct
264,olea/Ole.O.euroX400wF(4267)(0)G-39.png,9,9,0.99999964,olea,olea,Correct
265,olea/Ole.O.euroX400wF(4267)(0)G-50.png,9,9,0.9999976,olea,olea,Correct
266,olea/Ole.O.euroX400wF(4267)(0)G-54.png,9,9,0.9999914,olea,olea,Correct
267,olea/Ole.O.euroX400wF(4267)(0)G-55.png,9,9,0.99946886,olea,olea,Correct
268,origanum/Lam.O.micX400wF(884)(0)A-10.png,10,10,0.999627,origanum,origanum,Correct
269,origanum/Lam.O.micX400wF(885)(0)B-11.png,10,10,0.99997425,origanum,origanum,Correct
270,origanum/Lam.O.micX400wF(886)(0)C-1.png,10,10,0.9999995,origanum,origanum,Correct
271,origanum/Lam.O.micX400wF(886)(0)C-11.png,10,10,1.0,origanum,origanum,Correct
272,origanum/Lam.O.micX400wF(886)(0)C-22.png,10,10,0.99999976,origanum,origanum,Correct
273,origanum/Lam.O.micX400wF(886)(0)C-50.png,10,10,0.9999999,origanum,origanum,Correct
274,origanum/Lam.O.micX400wF(886)(0)C-52.png,10,10,0.9999999,origanum,origanum,Correct
275,origanum/Lam.O.micX400wF(886)(0)C-57.png,10,10,0.99999976,origanum,origanum,Correct
276,origanum/Lam.O.micX400wF(888)(0)E-1.png,10,10,0.99999917,origanum,origanum,Correct
277,origanum/Lam.O.micX400wF(888)(0)E-3.png,10,10,0.99998987,origanum,origanum,Correct
278,origanum/Lam.O.micX400wF(889)(0)F-16.png,10,10,0.99999976,origanum,origanum,Correct
279,origanum/Lam.O.micX400wF(889)(0)F-48.png,10,10,0.9999982,origanum,origanum,Correct
280,origanum/Lam.O.micX400wF(889)(0)F-56.png,10,10,0.99999845,origanum,origanum,Correct
281,origanum/Lam.O.micX400wF(889)(0)F-59.png,10,10,0.9999999,origanum,origanum,Correct
282,origanum/Lam.O.micX400wF(889)(0)F-61.png,10,10,1.0,origanum,origanum,Correct
283,origanum/Lam.O.micX400wF(889)(0)F-64.png,10,10,0.99999964,origanum,origanum,Correct
284,origanum/Lam.O.micX400wF(889)(0)F-65.png,10,10,1.0,origanum,origanum,Correct
285,oxalis/Oxa.O.pes.cX400wF(1733)(0)A-10.png,11,11,0.9999976,oxalis,oxalis,Correct
286,oxalis/Oxa.O.pes.cX400wF(1733)(0)A-14.png,11,11,1.0,oxalis,oxalis,Correct
287,oxalis/Oxa.O.pes.cX400wF(1733)(0)A-2.png,11,11,1.0,oxalis,oxalis,Correct
288,oxalis/Oxa.O.pes.cX400wF(1736)(0)D-10.png,11,11,1.0,oxalis,oxalis,Correct
289,oxalis/Oxa.O.pes.cX400wF(1736)(0)D-3.png,11,11,1.0,oxalis,oxalis,Correct
290,oxalis/Oxa.O.pes.cX400wF(1738)(0)F-4.png,11,11,0.9999138,oxalis,oxalis,Correct
291,oxalis/Oxa.O.pes.cX400wF(1738)(0)F-6.png,11,11,0.9998361,oxalis,oxalis,Correct
292,oxalis/Oxa.O.pes.cX400wF(1739)(0)G-1.png,11,11,0.9999633,oxalis,oxalis,Correct
293,oxalis/Oxa.O.pes.cX400wF(1740)(0)H-1.png,11,11,0.9999925,oxalis,oxalis,Correct
294,oxalis/Oxa.O.pes.cX400wF(1740)(0)H-11.png,11,11,1.0,oxalis,oxalis,Correct
295,oxalis/Oxa.O.pes.cX400wF(1740)(0)H-4.png,11,11,0.9999994,oxalis,oxalis,Correct
296,oxalis/Oxa.O.pes.cX400wF(1741)(0)I-8.png,11,11,0.9999832,oxalis,oxalis,Correct
297,oxalis/Oxa.O.pes.cX400wF(1743)(0)K-14.png,11,11,0.9999999,oxalis,oxalis,Correct
298,oxalis/Oxa.O.pes.cX400wF(1743)(0)K-5.png,11,11,0.99999976,oxalis,oxalis,Correct
299,pinus/Pin.P.brutX400wF(3171)(0)A-1.png,12,12,1.0,pinus,pinus,Correct
300,pinus/Pin.P.brutX400wF(3172)(0)B-1.png,12,12,1.0,pinus,pinus,Correct
301,pinus/Pin.P.brutX400wF(3177)(0)G-4.png,12,12,1.0,pinus,pinus,Correct
302,pistacia/Ana.P.tereX400wF(3222)(0)A-1.png,13,13,0.99999976,pistacia,pistacia,Correct
303,pistacia/Ana.P.tereX400wF(3222)(0)A-4.png,13,13,0.9999999,pistacia,pistacia,Correct
304,pistacia/Ana.P.tereX400wF(3222)(0)A-5.png,13,13,0.99999976,pistacia,pistacia,Correct
305,pistacia/Ana.P.tereX400wF(3227)(0)F-1.png,13,13,0.9999968,pistacia,pistacia,Correct
306,salvia/Lam.S.triX400wF(2188)(0)A-5.png,14,14,0.9999906,salvia,salvia,Correct
307,salvia/Lam.S.triX400wF(2189)(0)B-19.png,14,14,0.99999976,salvia,salvia,Correct
308,salvia/Lam.S.triX400wF(2189)(0)B-25.png,14,14,0.99999726,salvia,salvia,Correct
309,salvia/Lam.S.triX400wF(2189)(0)B-27.png,14,14,0.999739,salvia,salvia,Correct
310,salvia/Lam.S.triX400wF(2189)(0)B-33.png,14,14,0.9963672,salvia,salvia,Correct
311,salvia/Lam.S.triX400wF(2189)(0)B-46.png,14,14,0.9999956,salvia,salvia,Correct
312,salvia/Lam.S.triX400wF(2189)(0)B-47.png,14,14,0.99994636,salvia,salvia,Correct
313,salvia/Lam.S.triX400wF(2189)(0)B-7.png,14,14,0.7323534,salvia,salvia,Correct
314,salvia/Lam.S.triX400wF(2190)(0)C-20.png,14,14,0.99999964,salvia,salvia,Correct
315,salvia/Lam.S.triX400wF(2190)(0)C-26.png,14,14,0.9999964,salvia,salvia,Correct
316,salvia/Lam.S.triX400wF(2190)(0)C-34.png,14,14,0.9996799,salvia,salvia,Correct
317,salvia/Lam.S.triX400wF(2190)(0)C-5.png,14,14,0.99999964,salvia,salvia,Correct
318,salvia/Lam.S.triX400wF(2191)(0)D-25.png,14,14,0.9999999,salvia,salvia,Correct
319,salvia/Lam.S.triX400wF(2191)(0)D-34.png,14,14,0.99999595,salvia,salvia,Correct
320,salvia/Lam.S.triX400wF(2191)(0)D-47.png,14,14,0.99999857,salvia,salvia,Correct
321,salvia/Lam.S.triX400wF(2193)(0)F-18.png,14,14,0.9999771,salvia,salvia,Correct
322,salvia/Lam.S.triX400wF(2193)(0)F-22.png,14,14,0.99993885,salvia,salvia,Correct
323,satureja/Lam.S.thyX400wF(941)(937)A-11.png,15,15,0.98668355,satureja,satureja,Correct
324,satureja/Lam.S.thyX400wF(941)(937)A-12.png,15,15,0.9992986,satureja,satureja,Correct
325,satureja/Lam.S.thyX400wF(941)(937)A-5.png,15,15,0.99999475,satureja,satureja,Correct
326,satureja/Lam.S.thyX400wF(943)(990)C-1.png,15,15,0.97491723,satureja,satureja,Correct
327,satureja/Lam.S.thyX400wF(943)(990)C-8.png,15,15,0.9991566,satureja,satureja,Correct
328,satureja/Lam.S.thyX400wF(944)(940)E-21.png,15,15,0.99683434,satureja,satureja,Correct
329,satureja/Lam.S.thyX400wF(944)(940)E-22.png,15,15,0.99994206,satureja,satureja,Correct
330,satureja/Lam.S.thyX400wF(944)(940)E-9.png,15,15,0.99995184,satureja,satureja,Correct
331,sinapis/Bra.S.albX400wF(2151)(0)B-10.png,16,16,1.0,sinapis,sinapis,Correct
332,sinapis/Bra.S.albX400wF(2151)(0)B-3.png,16,16,1.0,sinapis,sinapis,Correct
333,sinapis/Bra.S.albX400wF(2152)(0)C-1.png,16,16,0.9999989,sinapis,sinapis,Correct
334,sinapis/Bra.S.albX400wF(2152)(0)C-11.png,16,16,0.9988876,sinapis,sinapis,Correct
335,sinapis/Bra.S.albX400wF(2152)(0)C-19.png,16,16,0.99999976,sinapis,sinapis,Correct
336,sinapis/Bra.S.albX400wF(2152)(0)C-25.png,16,16,1.0,sinapis,sinapis,Correct
337,sinapis/Bra.S.albX400wF(2152)(0)C-28.png,16,16,0.9999509,sinapis,sinapis,Correct
338,sinapis/Bra.S.albX400wF(2152)(0)C-3.png,16,16,0.83657706,sinapis,sinapis,Correct
339,sinapis/Bra.S.albX400wF(2152)(0)C-8.png,16,16,0.9979411,sinapis,sinapis,Correct
340,sinapis/Bra.S.albX400wF(2153)(0)D-15.png,16,16,0.99999964,sinapis,sinapis,Correct
342,sinapis/Bra.S.albX400wF(2154)(0)E-18.png,16,16,0.9999995,sinapis,sinapis,Correct
343,sinapis/Bra.S.albX400wF(2155)(0)F-13.png,16,16,0.9999987,sinapis,sinapis,Correct
344,sinapis/Bra.S.albX400wF(2155)(0)F-24.png,16,16,0.9969465,sinapis,sinapis,Correct
345,sinapis/IMG_3701-3.png,16,16,0.9999126,sinapis,sinapis,Correct
346,sinapis/IMG_3706-1.png,16,16,0.9999999,sinapis,sinapis,Correct
347,sinapis/IMG_3706-2.png,16,16,0.99998593,sinapis,sinapis,Correct
348,sinapis/IMG_3708-13.png,16,16,0.9999999,sinapis,sinapis,Correct
349,sinapis/IMG_3708-6.png,16,16,1.0,sinapis,sinapis,Correct
350,thymbra/Lam.T.capX400wF(1029)(0)A-20.png,17,17,0.9999864,thymbra,thymbra,Correct
351,thymbra/Lam.T.capX400wF(1029)(0)A-21.png,17,17,0.99999714,thymbra,thymbra,Correct
352,thymbra/Lam.T.capX400wF(1029)(0)A-22.png,17,17,0.9999864,thymbra,thymbra,Correct
353,thymbra/Lam.T.capX400wF(1029)(0)A-4.png,17,17,0.9911377,thymbra,thymbra,Correct
354,thymbra/Lam.T.capX400wF(1029)(0)A-9.png,17,17,0.99963534,thymbra,thymbra,Correct
355,thymbra/Lam.T.capX400wF(1031)(0)C-10.png,17,17,0.99997437,thymbra,thymbra,Correct
356,thymbra/Lam.T.capX400wF(1031)(0)C-4.png,17,17,0.6566835,thymbra,thymbra,Correct
357,thymbra/Lam.T.capX400wF(1031)(0)C-8.png,17,17,0.99779665,thymbra,thymbra,Correct
358,thymbra/Lam.T.capX400wF(1032)(0)D-3.png,17,17,0.9998503,thymbra,thymbra,Correct
359,thymbra/Lam.T.capX400wF(1033)(0)E-12.png,17,17,0.9999862,thymbra,thymbra,Correct
360,thymbra/Lam.T.capX400wF(1033)(0)E-9.png,17,17,0.9999883,thymbra,thymbra,Correct
361,thymbra/x40 f (2)-4.png,17,17,0.99962556,thymbra,thymbra,Correct
362,thymbra/x40 f (4)-15.png,17,17,0.9997837,thymbra,thymbra,Correct
363,thymbra/x40 f (5)-8.png,17,17,0.9973755,thymbra,thymbra,Correct
364,thymbra/x40 f (6)-12.png,17,17,0.9999294,thymbra,thymbra,Correct
365,urginea/Asp.U.marX400wF(5318)(0)B-11.png,18,18,0.9999999,urginea,urginea,Correct
366,urginea/Asp.U.marX400wF(5318)(0)B-6.png,18,18,1.0,urginea,urginea,Correct
367,urginea/Asp.U.marX400wF(5318)(0)B-8.png,18,18,1.0,urginea,urginea,Correct
368,urginea/Asp.U.marX400wF(5319)(0)C-13.png,18,18,1.0,urginea,urginea,Correct
369,urginea/Asp.U.marX400wF(5319)(0)C-5.png,18,18,1.0,urginea,urginea,Correct
370,urginea/Asp.U.marX400wF(5319)(0)C-6.png,18,18,1.0,urginea,urginea,Correct
371,urginea/Asp.U.marX400wF(5320)(0)D-10.png,18,18,1.0,urginea,urginea,Correct
372,urginea/Asp.U.marX400wF(5320)(0)D-9.png,18,18,1.0,urginea,urginea,Correct
373,urginea/Asp.U.marX400wF(5322)(0)F-5.png,18,18,0.99999964,urginea,urginea,Correct
374,urginea/Asp.U.marX400wF(5323)(0)G-13.png,18,18,1.0,urginea,urginea,Correct
375,urginea/Asp.U.marX400wF(5323)(0)G-2.png,18,18,1.0,urginea,urginea,Correct
376,vitis/Vit.V.viniX400wF(4978)(0)A-14.png,19,19,0.99809355,vitis,vitis,Correct
377,vitis/Vit.V.viniX400wF(4978)(0)A-20.png,19,19,0.9999993,vitis,vitis,Correct
378,vitis/Vit.V.viniX400wF(4978)(0)A-21.png,19,19,0.9997305,vitis,vitis,Correct
379,vitis/Vit.V.viniX400wF(4979)(0)B-17.png,19,19,0.9999926,vitis,vitis,Correct
380,vitis/Vit.V.viniX400wF(4980)(0)C-12.png,19,19,0.99999964,vitis,vitis,Correct
381,vitis/Vit.V.viniX400wF(4981)(0)D-16.png,19,19,0.9999819,vitis,vitis,Correct
382,vitis/Vit.V.viniX400wF(4981)(0)D-18.png,19,19,0.98010373,vitis,vitis,Correct
383,vitis/Vit.V.viniX400wF(4981)(0)D-39.png,19,19,1.0,vitis,vitis,Correct
384,vitis/Vit.V.viniX400wF(4981)(0)D-42.png,19,19,1.0,vitis,vitis,Correct
385,vitis/Vit.V.viniX400wF(4981)(0)D-5.png,19,19,0.97654164,vitis,vitis,Correct
386,vitis/Vit.V.viniX400wF(4982)(0)E-12.png,19,19,0.9998987,vitis,vitis,Correct
387,vitis/Vit.V.viniX400wF(4982)(0)E-14.png,19,19,1.0,vitis,vitis,Correct
388,vitis/Vit.V.viniX400wF(4982)(0)E-31.png,19,19,0.99994326,vitis,vitis,Correct
389,vitis/Vit.V.viniX400wF(4982)(0)E-41.png,19,19,1.0,vitis,vitis,Correct
390,vitis/Vit.V.viniX400wF(4982)(0)E-5.png,19,19,0.9999999,vitis,vitis,Correct
391,vitis/Vit.V.viniX400wF(4982)(0)E-7.png,19,19,0.99999917,vitis,vitis,Correct
392,vitis/Vit.V.viniX400wF(4983)(0)F-27.png,19,19,0.99999917,vitis,vitis,Correct
393,vitis/Vit.V.viniX400wF(4983)(0)F-5.png,19,19,0.9992803,vitis,vitis,Correct
394,vitis/Vit.V.viniX400wF(4984)(0)G-16.png,19,19,0.9999982,vitis,vitis,Correct
396,vitis/Vit.V.viniX400wF(4985)(0)H-11.png,19,19,0.9999999,vitis,vitis,Correct
397,vitis/Vit.V.viniX400wF(4985)(0)H-15.png,19,19,0.9999999,vitis,vitis,Correct
398,vitis/Vit.V.viniX400wF(4985)(0)H-39.png,19,19,0.99999976,vitis,vitis,Correct
399,vitis/Vit.V.viniX400wF(4985)(0)H-4.png,19,19,0.9999999,vitis,vitis,Correct
400,vitis/Vit.V.viniX400wF(4985)(0)H-42.png,19,19,0.9999995,vitis,vitis,Correct
401,vitis/Vit.V.viniX400wF(4985)(0)H-7.png,19,19,0.99998784,vitis,vitis,Correct
402,vitis/Vit.V.viniX400wF(4985)(0)H-9.png,19,19,1.0,vitis,vitis,Correct
0,asphodelus/Asp.A.ramX400wF(1984)(0)A-5.png,0,0,0.99999964,asphodelus,asphodelus,Correct
1,asphodelus/Asp.A.ramX400wF(1984)(0)A-7.png,0,0,0.9999999,asphodelus,asphodelus,Correct
2,asphodelus/Asp.A.ramX400wF(1987)(0)D-4.png,0,0,0.99998605,asphodelus,asphodelus,Correct
3,calicotome/Fab.C.vilX400wF(2016)(0)A-15.png,1,1,0.9998385,calicotome,calicotome,Correct
4,calicotome/Fab.C.vilX400wF(2016)(0)A-16.png,1,1,1.0,calicotome,calicotome,Correct
5,calicotome/Fab.C.vilX400wF(2016)(0)A-6.png,1,1,0.99998593,calicotome,calicotome,Correct
6,calicotome/Fab.C.vilX400wF(2017)(0)B-3.png,1,1,0.9999995,calicotome,calicotome,Correct
7,calicotome/Fab.C.vilX400wF(2018)(0)C-22.png,1,1,0.99997294,calicotome,calicotome,Correct
8,calicotome/Fab.C.vilX400wF(2018)(0)C-9.png,1,1,0.9998976,calicotome,calicotome,Correct
9,calicotome/Fab.C.vilX400wF(2019)(0)D-108.png,1,1,1.0,calicotome,calicotome,Correct
10,calicotome/Fab.C.vilX400wF(2019)(0)D-115.png,1,1,1.0,calicotome,calicotome,Correct
11,calicotome/Fab.C.vilX400wF(2019)(0)D-123.png,1,1,1.0,calicotome,calicotome,Correct
12,calicotome/Fab.C.vilX400wF(2019)(0)D-13.png,1,1,1.0,calicotome,calicotome,Correct
13,calicotome/Fab.C.vilX400wF(2019)(0)D-2.png,1,1,1.0,calicotome,calicotome,Correct
14,calicotome/Fab.C.vilX400wF(2019)(0)D-23.png,1,1,1.0,calicotome,calicotome,Correct
15,calicotome/Fab.C.vilX400wF(2019)(0)D-55.png,1,1,1.0,calicotome,calicotome,Correct
16,calicotome/Fab.C.vilX400wF(2019)(0)D-71.png,1,1,1.0,calicotome,calicotome,Correct
17,calicotome/Fab.C.vilX400wF(2019)(0)D-72.png,1,1,1.0,calicotome,calicotome,Correct
18,calicotome/Fab.C.vilX400wF(2019)(0)D-88.png,1,1,0.99999964,calicotome,calicotome,Correct
19,calicotome/Fab.C.vilX400wF(2019)(0)D-97.png,1,1,0.9999999,calicotome,calicotome,Correct
20,calicotome/Fab.C.vilX400wF(2020)(0)E-14.png,1,1,0.99999535,calicotome,calicotome,Correct
21,calicotome/Fab.C.vilX400wF(2020)(0)E-18.png,1,1,0.9999994,calicotome,calicotome,Correct
22,calicotome/Fab.C.vilX400wF(2020)(0)E-25.png,1,1,1.0,calicotome,calicotome,Correct
23,calicotome/Fab.C.vilX400wF(2020)(0)E-33.png,1,1,0.99999976,calicotome,calicotome,Correct
24,calicotome/Fab.C.vilX400wF(2020)(0)E-37.png,1,1,0.999997,calicotome,calicotome,Correct
25,calicotome/Fab.C.vilX400wF(2020)(0)E-39.png,1,1,0.9999999,calicotome,calicotome,Correct
26,calicotome/Fab.C.vilX400wF(2020)(0)E-53.png,1,1,0.99996924,calicotome,calicotome,Correct
27,calicotome/Fab.C.vilX400wF(2020)(0)E-59.png,1,1,1.0,calicotome,calicotome,Correct
28,calicotome/Fab.C.vilX400wF(2020)(0)E-6.png,1,1,0.99995947,calicotome,calicotome,Correct
29,calicotome/Fab.C.vilX400wF(2020)(0)E-67.png,1,1,1.0,calicotome,calicotome,Correct
30,calicotome/Fab.C.vilX400wF(2020)(0)E-70.png,1,1,1.0,calicotome,calicotome,Correct
31,calicotome/Fab.C.vilX400wF(2020)(0)E-73.png,1,1,0.9999999,calicotome,calicotome,Correct
32,calicotome/Fab.C.vilX400wF(2020)(0)E-93.png,1,1,0.99999917,calicotome,calicotome,Correct
33,castanea/Fag.C.satX400wF(781)(0)A-25.png,2,2,1.0,castanea,castanea,Correct
34,castanea/Fag.C.satX400wF(781)(0)A-42.png,2,2,0.99997294,castanea,castanea,Correct
35,castanea/Fag.C.satX400wF(781)(0)A-43.png,2,2,0.99999964,castanea,castanea,Correct
36,castanea/Fag.C.satX400wF(781)(0)A-44.png,2,2,0.9999893,castanea,castanea,Correct
37,castanea/Fag.C.satX400wF(782)(0)B-12.png,2,2,0.99999857,castanea,castanea,Correct
38,castanea/Fag.C.satX400wF(782)(0)B-15.png,2,2,1.0,castanea,castanea,Correct
39,castanea/Fag.C.satX400wF(782)(0)B-3.png,2,2,0.9999722,castanea,castanea,Correct
40,castanea/Fag.C.satX400wF(783)(0)C-2.png,2,2,0.99994934,castanea,castanea,Correct
41,castanea/Fag.C.satX400wF(783)(0)C-4.png,2,2,0.99999774,castanea,castanea,Correct
42,castanea/Fag.C.satX400wF(784)(0)D-23.png,2,2,0.99999535,castanea,castanea,Correct
43,castanea/Fag.C.satX400wF(784)(0)D-6.png,2,2,0.99999976,castanea,castanea,Correct
44,castanea/Fag.C.satX400wF(792)(781)G-11.png,2,2,1.0,castanea,castanea,Correct
45,castanea/Fag.C.satX400wF(792)(781)G-22.png,2,2,0.9996797,castanea,castanea,Correct
46,castanea/Fag.C.satX400wF(792)(781)G-30.png,2,2,1.0,castanea,castanea,Correct
47,castanea/Fag.C.satX400wF(792)(781)G-43.png,2,2,0.9999999,castanea,castanea,Correct
48,castanea/Fag.C.satX400wF(792)(781)G-54.png,2,2,1.0,castanea,castanea,Correct
49,castanea/Fag.C.satX400wF(792)(781)G-6.png,2,2,0.9999999,castanea,castanea,Correct
50,castanea/Fag.C.satX400wF(793)(781)H-11.png,2,2,0.99999976,castanea,castanea,Correct
51,castanea/Fag.C.satX400wF(793)(781)H-13.png,2,2,0.99999464,castanea,castanea,Correct
52,castanea/Fag.C.satX400wF(793)(781)H-34.png,2,2,0.9999988,castanea,castanea,Correct
53,castanea/Fag.C.satX400wF(793)(781)H-41.png,2,2,0.9999298,castanea,castanea,Correct
54,castanea/Fag.C.satX400wF(793)(781)H-5.png,2,2,1.0,castanea,castanea,Correct
55,ceratonia/Fab.C.silX400wF(475)(0)A-12.png,3,3,0.999998,ceratonia,ceratonia,Correct
56,ceratonia/Fab.C.silX400wF(475)(0)A-2.png,3,3,0.7346402,ceratonia,ceratonia,Correct
57,ceratonia/Fab.C.silX400wF(475)(0)A-8.png,3,3,0.9936825,ceratonia,ceratonia,Correct
58,ceratonia/Fab.C.silX400wF(475)(0)A-9.png,3,3,0.83325756,ceratonia,ceratonia,Correct
59,ceratonia/Fab.C.silX400wF(477)(0)C-7.png,3,3,0.99000496,ceratonia,ceratonia,Correct
60,ceratonia/Fab.C.silX400wF(478)(0)D-8.png,3,3,0.99997854,ceratonia,ceratonia,Correct
61,ceratonia/Fab.C.silX400wF(479)(0)E-13.png,3,3,0.9985739,ceratonia,ceratonia,Correct
62,ceratonia/Fab.C.silX400wF(479)(0)E-8.png,3,3,0.9337185,ceratonia,ceratonia,Correct
63,ceratonia/Fab.C.silX400wF(480)(0)F-2.png,3,3,0.99763775,ceratonia,ceratonia,Correct
64,ceratonia/Fab.C.silX400wF(481)(0)G-7.png,3,3,0.9997943,ceratonia,ceratonia,Correct
65,ebenus/Fab.E.creX400wF(697)(0)E-3.png,4,4,0.9955829,ebenus,ebenus,Correct
66,ebenus/Fab.E.creX400wF(698)(0)F-1.png,4,4,0.99345934,ebenus,ebenus,Correct
67,erica/Eri.E.maniX400wF(5355)(0)A-18.png,5,5,1.0,erica,erica,Correct
68,erica/Eri.E.maniX400wF(5356)(0)B-9.png,5,5,0.99999917,erica,erica,Correct
69,erica/Eri.E.maniX400wF(5357)(0)C-17.png,5,5,0.9999944,erica,erica,Correct
70,erica/Eri.E.maniX400wF(5357)(0)C-28.png,5,5,1.0,erica,erica,Correct
71,erica/Eri.E.maniX400wF(5357)(0)C-9.png,5,5,1.0,erica,erica,Correct
72,erica/Eri.E.maniX400wF(5358)(0)D-1.png,5,5,1.0,erica,erica,Correct
73,erica/Eri.E.maniX400wF(5358)(0)D-6.png,5,5,0.99999964,erica,erica,Correct
74,erica/Eri.E.maniX400wF(5359)(0)E-14.png,5,5,1.0,erica,erica,Correct
75,erica/Eri.E.maniX400wF(5359)(0)E-3.png,5,5,0.9999529,erica,erica,Correct
76,erica/Eri.E.maniX400wF(5360)(0)F-16.png,5,5,0.99999905,erica,erica,Correct
77,erica/Eri.E.maniX400wF(5360)(0)F-18.png,5,5,1.0,erica,erica,Correct
78,erica/Eri.E.maniX400wF(5360)(0)F-43.png,5,5,0.9999944,erica,erica,Correct
79,erica/Eri.E.maniX400wF(5361)(0)G-2.png,5,5,0.99999917,erica,erica,Correct
80,erica/Eri.E.maniX400wF(5361)(0)G-3.png,5,5,1.0,erica,erica,Correct
81,erica/Eri.E.maniX400wF(5361)(0)G-6.png,5,5,1.0,erica,erica,Correct
82,erica/Eri.E.maniX400wF(5362)(0)H-28.png,5,5,1.0,erica,erica,Correct
83,erica/Eri.E.maniX400wF(5363)(0)I-1.png,5,5,0.9999999,erica,erica,Correct
84,erica/Eri.E.maniX400wF(5363)(0)I-7.png,5,5,1.0,erica,erica,Correct
85,eucalyptus/Myr.E.camaX400wF(1868)(0)C-11.png,6,6,0.9999672,eucalyptus,eucalyptus,Correct
86,eucalyptus/Myr.E.camaX400wF(1869)(0)D-6.png,6,6,0.99926454,eucalyptus,eucalyptus,Correct
87,eucalyptus/Myr.E.camaX400wF(1870)(0)E-3.png,6,6,0.98243064,eucalyptus,eucalyptus,Correct
88,eucalyptus/Myr.E.camaX400wF(1871)(0)F-4.png,6,6,0.99511635,eucalyptus,eucalyptus,Correct
90,eucalyptus/Myr.E.camaX400wF(2962)(0)H-15.png,6,6,0.9999989,eucalyptus,eucalyptus,Correct
91,eucalyptus/Myr.E.camaX400wF(2962)(0)H-23.png,6,6,0.9995053,eucalyptus,eucalyptus,Correct
92,eucalyptus/Myr.E.camaX400wF(2962)(0)H-24.png,6,6,0.9978631,eucalyptus,eucalyptus,Correct
93,eucalyptus/Myr.E.camaX400wF(2963)(0)I-13.png,6,6,0.99991596,eucalyptus,eucalyptus,Correct
94,eucalyptus/Myr.E.camaX400wF(2963)(0)I-3.png,6,6,0.99062914,eucalyptus,eucalyptus,Correct
95,eucalyptus/Myr.E.camaX400wF(2963)(0)I-6.png,6,6,0.99427235,eucalyptus,eucalyptus,Correct
96,eucalyptus/Myr.E.camaX400wF(2964)(0)J-14.png,6,6,0.9999993,eucalyptus,eucalyptus,Correct
97,eucalyptus/Myr.E.camaX400wF(2964)(0)J-29.png,6,6,0.99980825,eucalyptus,eucalyptus,Correct
98,eucalyptus/Myr.E.camaX400wF(2964)(0)J-9.png,6,6,0.9999472,eucalyptus,eucalyptus,Correct
99,eucalyptus/Myr.E.camaX400wF(2965)(0)K-1.png,6,6,0.9932888,eucalyptus,eucalyptus,Correct
100,eucalyptus/Myr.E.camaX400wF(2965)(0)K-8.png,6,6,1.0,eucalyptus,eucalyptus,Correct
101,eucalyptus/Myr.E.camaX400wF(2966)(0)L-3.png,6,6,0.9999956,eucalyptus,eucalyptus,Correct
102,ferula/Api.F.comX400wF(2135)(0)A-5.png,7,7,1.0,ferula,ferula,Correct
103,ferula/Api.F.comX400wF(2136)(0)B-5.png,7,7,0.9991461,ferula,ferula,Correct
104,ferula/Api.F.comX400wF(2137)(0)C-10.png,7,7,1.0,ferula,ferula,Correct
105,ferula/Api.F.comX400wF(2138)(0)D-18.png,7,7,1.0,ferula,ferula,Correct
106,ferula/Api.F.comX400wF(2139)(0)E-11.png,7,7,0.9999999,ferula,ferula,Correct
107,ferula/Api.F.comX400wF(2139)(0)E-16.png,7,7,0.9999927,ferula,ferula,Correct
108,ferula/Api.F.comX400wF(2139)(0)E-2.png,7,7,0.99999976,ferula,ferula,Correct
109,ferula/Api.F.comX400wF(2139)(0)E-24.png,7,7,1.0,ferula,ferula,Correct
110,ferula/Api.F.comX400wF(2139)(0)E-9.png,7,7,0.9999999,ferula,ferula,Correct
111,myrtus/IMG_3734-107.png,8,8,1.0,myrtus,myrtus,Correct
112,myrtus/IMG_3734-111.png,8,8,1.0,myrtus,myrtus,Correct
113,myrtus/IMG_3734-112.png,8,8,0.999998,myrtus,myrtus,Correct
114,myrtus/IMG_3734-114.png,8,8,1.0,myrtus,myrtus,Correct
115,myrtus/IMG_3734-132.png,8,8,1.0,myrtus,myrtus,Correct
116,myrtus/IMG_3734-42.png,8,8,0.9999993,myrtus,myrtus,Correct
117,myrtus/IMG_3734-49.png,8,8,1.0,myrtus,myrtus,Correct
118,myrtus/IMG_3734-62.png,8,8,1.0,myrtus,myrtus,Correct
119,myrtus/IMG_3734-84.png,8,8,1.0,myrtus,myrtus,Correct
120,myrtus/IMG_3735-17.png,8,8,0.9999988,myrtus,myrtus,Correct
121,myrtus/IMG_3735-37.png,8,8,1.0,myrtus,myrtus,Correct
122,myrtus/IMG_3736-34.png,8,8,0.9999999,myrtus,myrtus,Correct
123,myrtus/IMG_3736-45.png,8,8,1.0,myrtus,myrtus,Correct
124,myrtus/IMG_3736-50.png,8,8,1.0,myrtus,myrtus,Correct
125,myrtus/IMG_3736-65.png,8,8,0.9999999,myrtus,myrtus,Correct
126,myrtus/IMG_3736-77.png,8,8,1.0,myrtus,myrtus,Correct
127,myrtus/IMG_3737-11.png,8,8,0.9999993,myrtus,myrtus,Correct
128,myrtus/IMG_3737-12.png,8,8,0.99999714,myrtus,myrtus,Correct
129,myrtus/IMG_3737-19.png,8,8,0.9999999,myrtus,myrtus,Correct
130,myrtus/IMG_3737-26.png,8,8,0.9999999,myrtus,myrtus,Correct
131,myrtus/IMG_3737-27.png,8,8,1.0,myrtus,myrtus,Correct
132,myrtus/IMG_3737-3.png,8,8,1.0,myrtus,myrtus,Correct
133,myrtus/IMG_3737-44.png,8,8,1.0,myrtus,myrtus,Correct
134,myrtus/IMG_3737-56.png,8,8,0.9999994,myrtus,myrtus,Correct
135,myrtus/IMG_3737-57.png,8,8,0.99999523,myrtus,myrtus,Correct
136,myrtus/IMG_3737-59.png,8,8,0.9999994,myrtus,myrtus,Correct
137,myrtus/IMG_3737-6.png,8,8,0.99999976,myrtus,myrtus,Correct
138,myrtus/IMG_3738-100.png,8,8,1.0,myrtus,myrtus,Correct
139,myrtus/IMG_3738-122.png,8,8,0.9998765,myrtus,myrtus,Correct
140,myrtus/IMG_3738-125.png,8,8,1.0,myrtus,myrtus,Correct
141,myrtus/IMG_3738-131.png,8,8,0.99997187,myrtus,myrtus,Correct
142,myrtus/IMG_3738-135.png,8,8,1.0,myrtus,myrtus,Correct
143,myrtus/IMG_3738-153.png,8,8,0.99999976,myrtus,myrtus,Correct
144,myrtus/IMG_3738-155.png,8,8,0.9999974,myrtus,myrtus,Correct
145,myrtus/IMG_3738-25.png,8,8,0.9999999,myrtus,myrtus,Correct
146,myrtus/IMG_3738-40.png,8,8,0.9999995,myrtus,myrtus,Correct
147,myrtus/IMG_3738-55.png,8,8,0.99999964,myrtus,myrtus,Correct
148,myrtus/IMG_3738-62.png,8,8,0.99999833,myrtus,myrtus,Correct
149,myrtus/IMG_3738-7.png,8,8,1.0,myrtus,myrtus,Correct
150,myrtus/IMG_3738-75.png,8,8,0.9999962,myrtus,myrtus,Correct
151,myrtus/IMG_3738-81.png,8,8,0.9998925,myrtus,myrtus,Correct
152,myrtus/IMG_3738-85.png,8,8,1.0,myrtus,myrtus,Correct
153,myrtus/IMG_3741-18.png,8,8,0.9999999,myrtus,myrtus,Correct
154,myrtus/IMG_3741-51.png,8,8,0.99995446,myrtus,myrtus,Correct
155,myrtus/IMG_3741-62.png,8,8,0.9999976,myrtus,myrtus,Correct
156,myrtus/IMG_3741-63.png,8,8,0.9999988,myrtus,myrtus,Correct
157,myrtus/IMG_3741-9.png,8,8,0.99999523,myrtus,myrtus,Correct
158,myrtus/IMG_3742-18.png,8,8,0.99999917,myrtus,myrtus,Correct
159,myrtus/IMG_3742-29.png,8,8,1.0,myrtus,myrtus,Correct
160,myrtus/IMG_3742-36.png,8,8,0.9999999,myrtus,myrtus,Correct
161,myrtus/IMG_3742-49.png,8,8,1.0,myrtus,myrtus,Correct
163,myrtus/IMG_3742-8.png,8,8,1.0,myrtus,myrtus,Correct
164,myrtus/IMG_3743-13.png,8,8,0.9950001,myrtus,myrtus,Correct
165,myrtus/IMG_3743-38.png,8,8,0.9999995,myrtus,myrtus,Correct
166,myrtus/IMG_3744-41.png,8,8,0.9999999,myrtus,myrtus,Correct
167,myrtus/IMG_3744-49.png,8,8,0.9999999,myrtus,myrtus,Correct
168,myrtus/IMG_3744-53.png,8,8,1.0,myrtus,myrtus,Correct
169,myrtus/Myr.M.comX400wF(1095)(1091)A-11.png,8,8,1.0,myrtus,myrtus,Correct
170,myrtus/Myr.M.comX400wF(1095)(1091)A-12.png,8,8,0.9999982,myrtus,myrtus,Correct
171,myrtus/Myr.M.comX400wF(1095)(1091)A-14.png,8,8,0.99999976,myrtus,myrtus,Correct
172,myrtus/Myr.M.comX400wF(1095)(1091)A-32.png,8,8,0.9999999,myrtus,myrtus,Correct
173,myrtus/Myr.M.comX400wF(1095)(1091)A-44.png,8,8,0.99995697,myrtus,myrtus,Correct
174,myrtus/Myr.M.comX400wF(1095)(1091)A-58.png,8,8,0.9994567,myrtus,myrtus,Correct
175,myrtus/Myr.M.comX400wF(1095)(1091)A-64.png,8,8,0.9999999,myrtus,myrtus,Correct
176,myrtus/Myr.M.comX400wF(1095)(1091)A-70.png,8,8,0.9999914,myrtus,myrtus,Correct
177,myrtus/Myr.M.comX400wF(1095)(1091)A-76.png,8,8,0.9999999,myrtus,myrtus,Correct
178,myrtus/Myr.M.comX400wF(1095)(1091)A-78.png,8,8,0.99999964,myrtus,myrtus,Correct
179,myrtus/Myr.M.comX400wF(1095)(1091)A-84.png,8,8,0.9999609,myrtus,myrtus,Correct
180,myrtus/Myr.M.comX400wF(1095)(1091)A-85.png,8,8,0.99999845,myrtus,myrtus,Correct
181,myrtus/Myr.M.comX400wF(1097)(1090)C-10.png,8,8,1.0,myrtus,myrtus,Correct
182,myrtus/Myr.M.comX400wF(1097)(1090)C-24.png,8,8,0.99999833,myrtus,myrtus,Correct
183,myrtus/Myr.M.comX400wF(1097)(1090)C-30.png,8,8,1.0,myrtus,myrtus,Correct
184,myrtus/Myr.M.comX400wF(1097)(1090)C-42.png,8,8,1.0,myrtus,myrtus,Correct
185,myrtus/Myr.M.comX400wF(1097)(1090)C-45.png,8,8,0.9999999,myrtus,myrtus,Correct
186,myrtus/Myr.M.comX400wF(1097)(1090)C-53.png,8,8,0.99999213,myrtus,myrtus,Correct
187,myrtus/Myr.M.comX400wF(1097)(1090)C-71.png,8,8,0.99999976,myrtus,myrtus,Correct
188,myrtus/Myr.M.comX400wF(1097)(1090)C-73.png,8,8,1.0,myrtus,myrtus,Correct
189,olea/Ole.O.euroX400wF(4261)(0)A-1.png,9,9,0.99989295,olea,olea,Correct
190,olea/Ole.O.euroX400wF(4261)(0)A-11.png,9,9,0.99999666,olea,olea,Correct
191,olea/Ole.O.euroX400wF(4261)(0)A-12.png,9,9,1.0,olea,olea,Correct
192,olea/Ole.O.euroX400wF(4261)(0)A-19.png,9,9,0.9996692,olea,olea,Correct
193,olea/Ole.O.euroX400wF(4261)(0)A-22.png,9,9,0.999951,olea,olea,Correct
194,olea/Ole.O.euroX400wF(4261)(0)A-29.png,9,9,0.9999974,olea,olea,Correct
195,olea/Ole.O.euroX400wF(4261)(0)A-39.png,9,9,0.999866,olea,olea,Correct
196,olea/Ole.O.euroX400wF(4261)(0)A-50.png,9,9,0.99925095,olea,olea,Correct
197,olea/Ole.O.euroX400wF(4262)(0)B-17.png,9,9,0.9999999,olea,olea,Correct
198,olea/Ole.O.euroX400wF(4262)(0)B-20.png,9,9,0.99761546,olea,olea,Correct
199,olea/Ole.O.euroX400wF(4262)(0)B-29.png,9,9,0.9998472,olea,olea,Correct
200,olea/Ole.O.euroX400wF(4262)(0)B-32.png,9,9,0.9999907,olea,olea,Correct
201,olea/Ole.O.euroX400wF(4262)(0)B-33.png,9,9,0.98103106,olea,olea,Correct
202,olea/Ole.O.euroX400wF(4262)(0)B-34.png,9,9,0.99994695,olea,olea,Correct
203,olea/Ole.O.euroX400wF(4262)(0)B-5.png,9,9,0.9999747,olea,olea,Correct
204,olea/Ole.O.euroX400wF(4263)(0)C-101.png,9,9,0.9984211,olea,olea,Correct
205,olea/Ole.O.euroX400wF(4263)(0)C-113.png,9,9,0.99503136,olea,olea,Correct
206,olea/Ole.O.euroX400wF(4263)(0)C-114.png,9,9,0.9990959,olea,olea,Correct
207,olea/Ole.O.euroX400wF(4263)(0)C-115.png,9,9,0.9984705,olea,olea,Correct
208,olea/Ole.O.euroX400wF(4263)(0)C-140.png,9,9,0.99999905,olea,olea,Correct
209,olea/Ole.O.euroX400wF(4263)(0)C-157.png,9,9,0.9873444,olea,olea,Correct
210,olea/Ole.O.euroX400wF(4263)(0)C-163.png,9,9,0.991582,olea,olea,Correct
211,olea/Ole.O.euroX400wF(4263)(0)C-164.png,9,9,0.9999962,olea,olea,Correct
212,olea/Ole.O.euroX400wF(4263)(0)C-177.png,9,9,0.9997008,olea,olea,Correct
213,olea/Ole.O.euroX400wF(4263)(0)C-18.png,9,9,0.9931283,olea,olea,Correct
214,olea/Ole.O.euroX400wF(4263)(0)C-186.png,9,9,0.99998474,olea,olea,Correct
215,olea/Ole.O.euroX400wF(4263)(0)C-3.png,9,9,0.9999982,olea,olea,Correct
216,olea/Ole.O.euroX400wF(4263)(0)C-35.png,9,9,0.99979454,olea,olea,Correct
217,olea/Ole.O.euroX400wF(4263)(0)C-44.png,9,9,0.99999547,olea,olea,Correct
218,olea/Ole.O.euroX400wF(4263)(0)C-48.png,9,9,0.9999597,olea,olea,Correct
219,olea/Ole.O.euroX400wF(4263)(0)C-53.png,9,9,1.0,olea,olea,Correct
220,olea/Ole.O.euroX400wF(4263)(0)C-57.png,9,9,0.9629073,olea,olea,Correct
221,olea/Ole.O.euroX400wF(4263)(0)C-61.png,9,9,0.96028125,olea,olea,Correct
222,olea/Ole.O.euroX400wF(4263)(0)C-71.png,9,9,0.9999995,olea,olea,Correct
223,olea/Ole.O.euroX400wF(4263)(0)C-92.png,9,9,0.9999995,olea,olea,Correct
224,olea/Ole.O.euroX400wF(4264)(0)D-119.png,9,9,0.9999931,olea,olea,Correct
225,olea/Ole.O.euroX400wF(4264)(0)D-140.png,9,9,0.999706,olea,olea,Correct
226,olea/Ole.O.euroX400wF(4264)(0)D-148.png,9,9,0.99999845,olea,olea,Correct
227,olea/Ole.O.euroX400wF(4264)(0)D-163.png,9,9,0.9999633,olea,olea,Correct
228,olea/Ole.O.euroX400wF(4264)(0)D-26.png,9,9,1.0,olea,olea,Correct
229,olea/Ole.O.euroX400wF(4264)(0)D-28.png,9,9,1.0,olea,olea,Correct
230,olea/Ole.O.euroX400wF(4264)(0)D-43.png,9,9,1.0,olea,olea,Correct
231,olea/Ole.O.euroX400wF(4264)(0)D-48.png,9,9,0.9995802,olea,olea,Correct
232,olea/Ole.O.euroX400wF(4264)(0)D-5.png,9,9,0.9999999,olea,olea,Correct
233,olea/Ole.O.euroX400wF(4264)(0)D-58.png,9,9,0.9999993,olea,olea,Correct
234,olea/Ole.O.euroX400wF(4264)(0)D-60.png,9,9,0.99999523,olea,olea,Correct
235,olea/Ole.O.euroX400wF(4264)(0)D-64.png,9,9,1.0,olea,olea,Correct
236,olea/Ole.O.euroX400wF(4264)(0)D-66.png,9,9,0.9999999,olea,olea,Correct
237,olea/Ole.O.euroX400wF(4264)(0)D-67.png,9,9,0.9999968,olea,olea,Correct
238,olea/Ole.O.euroX400wF(4264)(0)D-8.png,9,9,0.9999999,olea,olea,Correct
239,olea/Ole.O.euroX400wF(4264)(0)D-88.png,9,9,0.99999976,olea,olea,Correct
240,olea/Ole.O.euroX400wF(4265)(0)E-116.png,9,9,0.99998736,olea,olea,Correct
241,olea/Ole.O.euroX400wF(4265)(0)E-120.png,9,9,0.9831375,olea,olea,Correct
242,olea/Ole.O.euroX400wF(4265)(0)E-176.png,9,9,0.9939892,olea,olea,Correct
243,olea/Ole.O.euroX400wF(4265)(0)E-189.png,9,9,0.999526,olea,olea,Correct
244,olea/Ole.O.euroX400wF(4265)(0)E-2.png,9,9,0.9998528,olea,olea,Correct
245,olea/Ole.O.euroX400wF(4265)(0)E-218.png,9,9,0.9999995,olea,olea,Correct
246,olea/Ole.O.euroX400wF(4265)(0)E-3.png,9,9,0.9999993,olea,olea,Correct
247,olea/Ole.O.euroX400wF(4265)(0)E-39.png,9,9,0.9999864,olea,olea,Correct
248,olea/Ole.O.euroX400wF(4265)(0)E-5.png,9,9,0.9999833,olea,olea,Correct
249,olea/Ole.O.euroX400wF(4265)(0)E-58.png,9,9,0.99982834,olea,olea,Correct
250,olea/Ole.O.euroX400wF(4265)(0)E-6.png,9,9,1.0,olea,olea,Correct
251,olea/Ole.O.euroX400wF(4265)(0)E-76.png,9,9,0.9999927,olea,olea,Correct
252,olea/Ole.O.euroX400wF(4265)(0)E-88.png,9,9,0.99970835,olea,olea,Correct
253,olea/Ole.O.euroX400wF(4265)(0)E-98.png,9,9,0.99996006,olea,olea,Correct
254,olea/Ole.O.euroX400wF(4266)(0)F-122.png,9,9,0.9999999,olea,olea,Correct
255,olea/Ole.O.euroX400wF(4266)(0)F-145.png,9,9,0.99906343,olea,olea,Correct
256,olea/Ole.O.euroX400wF(4266)(0)F-146.png,9,9,0.9999914,olea,olea,Correct
257,olea/Ole.O.euroX400wF(4266)(0)F-18.png,9,9,0.9999989,olea,olea,Correct
258,olea/Ole.O.euroX400wF(4266)(0)F-36.png,9,9,0.99999857,olea,olea,Correct
259,olea/Ole.O.euroX400wF(4266)(0)F-47.png,9,9,0.99868697,olea,olea,Correct
260,olea/Ole.O.euroX400wF(4266)(0)F-7.png,9,9,0.99977595,olea,olea,Correct
261,olea/Ole.O.euroX400wF(4266)(0)F-88.png,9,9,1.0,olea,olea,Correct
262,olea/Ole.O.euroX400wF(4266)(0)F-9.png,9,9,0.9999685,olea,olea,Correct
263,olea/Ole.O.euroX400wF(4266)(0)F-97.png,9,9,0.99938047,olea,olea,Correct
264,olea/Ole.O.euroX400wF(4267)(0)G-30.png,9,9,0.9998,olea,olea,Correct
265,olea/Ole.O.euroX400wF(4267)(0)G-37.png,9,9,1.0,olea,olea,Correct
266,olea/Ole.O.euroX400wF(4267)(0)G-52.png,9,9,0.99802977,olea,olea,Correct
267,olea/Ole.O.euroX400wF(4267)(0)G-9.png,9,9,0.9922436,olea,olea,Correct
268,origanum/Lam.O.micX400wF(885)(0)B-10.png,10,10,0.99998796,origanum,origanum,Correct
269,origanum/Lam.O.micX400wF(886)(0)C-20.png,10,10,0.9999933,origanum,origanum,Correct
270,origanum/Lam.O.micX400wF(886)(0)C-25.png,10,10,0.9999672,origanum,origanum,Correct
271,origanum/Lam.O.micX400wF(886)(0)C-36.png,10,10,0.99999106,origanum,origanum,Correct
272,origanum/Lam.O.micX400wF(886)(0)C-63.png,10,10,0.99994564,origanum,origanum,Correct
273,origanum/Lam.O.micX400wF(887)(0)D-11.png,10,10,0.99997497,origanum,origanum,Correct
274,origanum/Lam.O.micX400wF(887)(0)D-5.png,10,10,0.9997869,origanum,origanum,Correct
275,origanum/Lam.O.micX400wF(888)(0)E-2.png,10,10,0.99999726,origanum,origanum,Correct
276,origanum/Lam.O.micX400wF(889)(0)F-11.png,10,10,0.99960643,origanum,origanum,Correct
277,origanum/Lam.O.micX400wF(889)(0)F-13.png,10,10,0.99998605,origanum,origanum,Correct
278,origanum/Lam.O.micX400wF(889)(0)F-20.png,10,10,0.99987257,origanum,origanum,Correct
279,origanum/Lam.O.micX400wF(889)(0)F-23.png,10,10,0.9999932,origanum,origanum,Correct
280,origanum/Lam.O.micX400wF(889)(0)F-25.png,10,10,0.9991227,origanum,origanum,Correct
281,origanum/Lam.O.micX400wF(889)(0)F-31.png,10,10,0.9999391,origanum,origanum,Correct
282,origanum/Lam.O.micX400wF(889)(0)F-34.png,10,10,0.7050013,origanum,origanum,Correct
283,origanum/Lam.O.micX400wF(889)(0)F-42.png,10,10,0.9999088,origanum,origanum,Correct
284,origanum/Lam.O.micX400wF(889)(0)F-63.png,10,10,0.99999654,origanum,origanum,Correct
285,oxalis/Oxa.O.pes.cX400wF(1733)(0)A-13.png,11,11,1.0,oxalis,oxalis,Correct
286,oxalis/Oxa.O.pes.cX400wF(1734)(0)B-2.png,11,11,0.99999976,oxalis,oxalis,Correct
287,oxalis/Oxa.O.pes.cX400wF(1735)(0)C-5.png,11,11,0.99999976,oxalis,oxalis,Correct
288,oxalis/Oxa.O.pes.cX400wF(1738)(0)F-14.png,11,11,1.0,oxalis,oxalis,Correct
290,oxalis/Oxa.O.pes.cX400wF(1739)(0)G-5.png,11,11,0.9999844,oxalis,oxalis,Correct
291,oxalis/Oxa.O.pes.cX400wF(1741)(0)I-1.png,11,11,1.0,oxalis,oxalis,Correct
292,oxalis/Oxa.O.pes.cX400wF(1741)(0)I-12.png,11,11,0.99999964,oxalis,oxalis,Correct
293,oxalis/Oxa.O.pes.cX400wF(1741)(0)I-13.png,11,11,0.99999297,oxalis,oxalis,Correct
294,oxalis/Oxa.O.pes.cX400wF(1741)(0)I-4.png,11,11,1.0,oxalis,oxalis,Correct
295,oxalis/Oxa.O.pes.cX400wF(1741)(0)I-7.png,11,11,0.9999987,oxalis,oxalis,Correct
296,oxalis/Oxa.O.pes.cX400wF(1743)(0)K-18.png,11,11,1.0,oxalis,oxalis,Correct
297,oxalis/Oxa.O.pes.cX400wF(1743)(0)K-20.png,11,11,1.0,oxalis,oxalis,Correct
298,oxalis/Oxa.O.pes.cX400wF(1743)(0)K-22.png,11,11,1.0,oxalis,oxalis,Correct
299,pinus/Pin.P.brutX400wF(3171)(0)A-3.png,12,12,1.0,pinus,pinus,Correct
300,pinus/Pin.P.brutX400wF(3174)(0)D-2.png,12,12,1.0,pinus,pinus,Correct
301,pinus/Pin.P.brutX400wF(3176)(0)F-1.png,12,12,1.0,pinus,pinus,Correct
302,pistacia/Ana.P.tereX400wF(3223)(0)B-1.png,13,13,0.99999964,pistacia,pistacia,Correct
303,pistacia/Ana.P.tereX400wF(3224)(0)C-11.png,13,13,0.99999976,pistacia,pistacia,Correct
304,pistacia/Ana.P.tereX400wF(3226)(0)E-2.png,13,13,0.9999964,pistacia,pistacia,Correct
305,pistacia/Ana.P.tereX400wF(3227)(0)F-3.png,13,13,1.0,pistacia,pistacia,Correct
306,salvia/Lam.S.triX400wF(2189)(0)B-1.png,14,14,0.9999982,salvia,salvia,Correct
307,salvia/Lam.S.triX400wF(2189)(0)B-64.png,14,14,1.0,salvia,salvia,Correct
308,salvia/Lam.S.triX400wF(2189)(0)B-65.png,14,14,0.99999917,salvia,salvia,Correct
309,salvia/Lam.S.triX400wF(2190)(0)C-16.png,14,14,1.0,salvia,salvia,Correct
310,salvia/Lam.S.triX400wF(2190)(0)C-32.png,14,14,1.0,salvia,salvia,Correct
311,salvia/Lam.S.triX400wF(2190)(0)C-33.png,14,14,0.9999999,salvia,salvia,Correct
312,salvia/Lam.S.triX400wF(2190)(0)C-35.png,14,14,1.0,salvia,salvia,Correct
313,salvia/Lam.S.triX400wF(2191)(0)D-17.png,14,14,1.0,salvia,salvia,Correct
314,salvia/Lam.S.triX400wF(2191)(0)D-20.png,14,14,1.0,salvia,salvia,Correct
315,salvia/Lam.S.triX400wF(2191)(0)D-26.png,14,14,1.0,salvia,salvia,Correct
316,salvia/Lam.S.triX400wF(2191)(0)D-27.png,14,14,1.0,salvia,salvia,Correct
317,salvia/Lam.S.triX400wF(2191)(0)D-28.png,14,14,0.99996984,salvia,salvia,Correct
318,salvia/Lam.S.triX400wF(2191)(0)D-31.png,14,14,0.9999976,salvia,salvia,Correct
319,salvia/Lam.S.triX400wF(2191)(0)D-38.png,14,14,1.0,salvia,salvia,Correct
320,salvia/Lam.S.triX400wF(2193)(0)F-17.png,14,14,1.0,salvia,salvia,Correct
321,salvia/Lam.S.triX400wF(2193)(0)F-23.png,14,14,0.99999857,salvia,salvia,Correct
322,salvia/Lam.S.triX400wF(2193)(0)F-5.png,14,14,0.99999976,salvia,salvia,Correct
323,satureja/Lam.S.thyX400wF(943)(990)C-3.png,15,15,0.9996393,satureja,satureja,Correct
324,satureja/Lam.S.thyX400wF(943)(990)C-6.png,15,15,0.99999857,satureja,satureja,Correct
325,satureja/Lam.S.thyX400wF(944)(940)E-10.png,15,15,0.99948657,satureja,satureja,Correct
326,satureja/Lam.S.thyX400wF(944)(940)E-13.png,15,15,0.9999368,satureja,satureja,Correct
327,satureja/Lam.S.thyX400wF(944)(940)E-25.png,15,15,0.99946386,satureja,satureja,Correct
328,satureja/Lam.S.thyX400wF(944)(940)E-3.png,15,15,0.99999905,satureja,satureja,Correct
329,satureja/Lam.S.thyX400wF(944)(940)E-8.png,15,15,0.97840106,satureja,satureja,Correct
331,sinapis/Bra.S.albX400wF(2150)(0)A-2.png,16,16,0.9999999,sinapis,sinapis,Correct
332,sinapis/Bra.S.albX400wF(2150)(0)A-5.png,16,16,0.99991846,sinapis,sinapis,Correct
333,sinapis/Bra.S.albX400wF(2151)(0)B-6.png,16,16,0.9999999,sinapis,sinapis,Correct
334,sinapis/Bra.S.albX400wF(2153)(0)D-10.png,16,16,0.9999999,sinapis,sinapis,Correct
335,sinapis/Bra.S.albX400wF(2153)(0)D-12.png,16,16,1.0,sinapis,sinapis,Correct
336,sinapis/Bra.S.albX400wF(2153)(0)D-20.png,16,16,0.9999999,sinapis,sinapis,Correct
337,sinapis/Bra.S.albX400wF(2154)(0)E-10.png,16,16,0.9999968,sinapis,sinapis,Correct
338,sinapis/Bra.S.albX400wF(2154)(0)E-13.png,16,16,1.0,sinapis,sinapis,Correct
339,sinapis/Bra.S.albX400wF(2154)(0)E-14.png,16,16,0.9999999,sinapis,sinapis,Correct
340,sinapis/Bra.S.albX400wF(2155)(0)F-14.png,16,16,0.9999597,sinapis,sinapis,Correct
341,sinapis/Bra.S.albX400wF(2155)(0)F-2.png,16,16,0.99999976,sinapis,sinapis,Correct
342,sinapis/Bra.S.albX400wF(2155)(0)F-23.png,16,16,1.0,sinapis,sinapis,Correct
343,sinapis/Bra.S.albX400wF(2155)(0)F-6.png,16,16,0.9999999,sinapis,sinapis,Correct
344,sinapis/IMG_3701-1.png,16,16,0.99999857,sinapis,sinapis,Correct
345,sinapis/IMG_3704-12.png,16,16,0.99999976,sinapis,sinapis,Correct
346,sinapis/IMG_3706-10.png,16,16,1.0,sinapis,sinapis,Correct
347,sinapis/IMG_3706-14.png,16,16,0.9999975,sinapis,sinapis,Correct
348,sinapis/IMG_3706-9.png,16,16,0.9999999,sinapis,sinapis,Correct
349,sinapis/IMG_3708-2.png,16,16,0.9999999,sinapis,sinapis,Correct
350,thymbra/Lam.T.capX400wF(1029)(0)A-2.png,17,17,0.9999937,thymbra,thymbra,Correct
351,thymbra/Lam.T.capX400wF(1030)(0)B-3.png,17,17,1.0,thymbra,thymbra,Correct
352,thymbra/Lam.T.capX400wF(1030)(0)B-6.png,17,17,1.0,thymbra,thymbra,Correct
353,thymbra/Lam.T.capX400wF(1031)(0)C-3.png,17,17,0.9999614,thymbra,thymbra,Correct
354,thymbra/Lam.T.capX400wF(1032)(0)D-14.png,17,17,0.5951389,thymbra,thymbra,Correct
355,thymbra/Lam.T.capX400wF(1032)(0)D-2.png,17,17,0.99999964,thymbra,thymbra,Correct
356,thymbra/Lam.T.capX400wF(1033)(0)E-3.png,17,17,1.0,thymbra,thymbra,Correct
357,thymbra/x40 f (2)-1.png,17,17,0.48377153,thymbra,thymbra,Correct
358,thymbra/x40 f (3)-4.png,17,17,0.9999938,thymbra,thymbra,Correct
359,thymbra/x40 f (3)-8.png,17,17,0.9999653,thymbra,thymbra,Correct
360,thymbra/x40 f (4)-10.png,17,17,0.99999905,thymbra,thymbra,Correct
361,thymbra/x40 f (6)-10.png,17,17,0.9999819,thymbra,thymbra,Correct
362,thymbra/x40 f (6)-15.png,17,17,0.9999993,thymbra,thymbra,Correct
363,thymbra/x40 f (7)-1.png,17,17,0.9999957,thymbra,thymbra,Correct
365,urginea/Asp.U.marX400wF(5317)(0)A-10.png,18,18,0.9997811,urginea,urginea,Correct
366,urginea/Asp.U.marX400wF(5317)(0)A-12.png,18,18,0.9999969,urginea,urginea,Correct
367,urginea/Asp.U.marX400wF(5317)(0)A-7.png,18,18,0.99972695,urginea,urginea,Correct
368,urginea/Asp.U.marX400wF(5319)(0)C-12.png,18,18,0.9999968,urginea,urginea,Correct
369,urginea/Asp.U.marX400wF(5319)(0)C-16.png,18,18,0.9993536,urginea,urginea,Correct
370,urginea/Asp.U.marX400wF(5321)(0)E-5.png,18,18,0.9999976,urginea,urginea,Correct
371,urginea/Asp.U.marX400wF(5321)(0)E-6.png,18,18,0.99999714,urginea,urginea,Correct
372,urginea/Asp.U.marX400wF(5323)(0)G-10.png,18,18,0.99876404,urginea,urginea,Correct
373,urginea/Asp.U.marX400wF(5323)(0)G-8.png,18,18,0.9999994,urginea,urginea,Correct
374,urginea/Asp.U.marX400wF(5324)(0)H-3.png,18,18,0.99999976,urginea,urginea,Correct
375,urginea/Asp.U.marX400wF(5324)(0)H-8.png,18,18,0.9999732,urginea,urginea,Correct
376,vitis/Vit.V.viniX400wF(4978)(0)A-16.png,19,19,0.99999654,vitis,vitis,Correct
377,vitis/Vit.V.viniX400wF(4978)(0)A-3.png,19,19,0.9999994,vitis,vitis,Correct
378,vitis/Vit.V.viniX400wF(4978)(0)A-8.png,19,19,0.9999993,vitis,vitis,Correct
379,vitis/Vit.V.viniX400wF(4979)(0)B-12.png,19,19,0.9998832,vitis,vitis,Correct
380,vitis/Vit.V.viniX400wF(4980)(0)C-20.png,19,19,0.99989796,vitis,vitis,Correct
381,vitis/Vit.V.viniX400wF(4981)(0)D-28.png,19,19,1.0,vitis,vitis,Correct
382,vitis/Vit.V.viniX400wF(4981)(0)D-29.png,19,19,0.99999917,vitis,vitis,Correct
383,vitis/Vit.V.viniX400wF(4981)(0)D-34.png,19,19,1.0,vitis,vitis,Correct
384,vitis/Vit.V.viniX400wF(4981)(0)D-40.png,19,19,0.9999989,vitis,vitis,Correct
385,vitis/Vit.V.viniX400wF(4982)(0)E-17.png,19,19,1.0,vitis,vitis,Correct
386,vitis/Vit.V.viniX400wF(4982)(0)E-2.png,19,19,1.0,vitis,vitis,Correct
387,vitis/Vit.V.viniX400wF(4982)(0)E-23.png,19,19,1.0,vitis,vitis,Correct
388,vitis/Vit.V.viniX400wF(4982)(0)E-26.png,19,19,0.99999833,vitis,vitis,Correct
389,vitis/Vit.V.viniX400wF(4982)(0)E-30.png,19,19,0.9998734,vitis,vitis,Correct
390,vitis/Vit.V.viniX400wF(4982)(0)E-39.png,19,19,1.0,vitis,vitis,Correct
391,vitis/Vit.V.viniX400wF(4983)(0)F-11.png,19,19,1.0,vitis,vitis,Correct
392,vitis/Vit.V.viniX400wF(4983)(0)F-16.png,19,19,1.0,vitis,vitis,Correct
393,vitis/Vit.V.viniX400wF(4983)(0)F-6.png,19,19,1.0,vitis,vitis,Correct
394,vitis/Vit.V.viniX400wF(4984)(0)G-13.png,19,19,0.9944877,vitis,vitis,Correct
395,vitis/Vit.V.viniX400wF(4984)(0)G-29.png,19,19,0.9995022,vitis,vitis,Correct
396,vitis/Vit.V.viniX400wF(4984)(0)G-51.png,19,19,0.9993389,vitis,vitis,Correct
397,vitis/Vit.V.viniX400wF(4984)(0)G-57.png,19,19,0.9999652,vitis,vitis,Correct
398,vitis/Vit.V.viniX400wF(4984)(0)G-58.png,19,19,0.9999956,vitis,vitis,Correct
399,vitis/Vit.V.viniX400wF(4985)(0)H-17.png,19,19,0.99994695,vitis,vitis,Correct
400,vitis/Vit.V.viniX400wF(4985)(0)H-24.png,19,19,0.99999976,vitis,vitis,Correct
401,vitis/Vit.V.viniX400wF(4985)(0)H-32.png,19,19,0.9999994,vitis,vitis,Correct
402,vitis/Vit.V.viniX400wF(4985)(0)H-6.png,19,19,1.0,vitis,vitis,Correct
0,asphodelus/Asp.A.ramX400wF(1984)(0)A-1.png,0,0,1.0,asphodelus,asphodelus,Correct
1,asphodelus/Asp.A.ramX400wF(1984)(0)A-4.png,0,0,0.9999999,asphodelus,asphodelus,Correct
2,asphodelus/Asp.A.ramX400wF(1990)(0)G-1.png,0,0,0.99999785,asphodelus,asphodelus,Correct
3,calicotome/Fab.C.vilX400wF(2016)(0)A-14.png,1,1,0.9999937,calicotome,calicotome,Correct
4,calicotome/Fab.C.vilX400wF(2016)(0)A-22.png,1,1,0.98505706,calicotome,calicotome,Correct
5,calicotome/Fab.C.vilX400wF(2016)(0)A-9.png,1,1,0.99970645,calicotome,calicotome,Correct
6,calicotome/Fab.C.vilX400wF(2017)(0)B-11.png,1,1,0.9999988,calicotome,calicotome,Correct
7,calicotome/Fab.C.vilX400wF(2017)(0)B-12.png,1,1,1.0,calicotome,calicotome,Correct
8,calicotome/Fab.C.vilX400wF(2017)(0)B-13.png,1,1,1.0,calicotome,calicotome,Correct
9,calicotome/Fab.C.vilX400wF(2018)(0)C-12.png,1,1,0.99995923,calicotome,calicotome,Correct
10,calicotome/Fab.C.vilX400wF(2018)(0)C-18.png,1,1,0.9908805,calicotome,calicotome,Correct
11,calicotome/Fab.C.vilX400wF(2018)(0)C-24.png,1,1,0.9897008,calicotome,calicotome,Correct
12,calicotome/Fab.C.vilX400wF(2019)(0)D-11.png,1,1,0.99999905,calicotome,calicotome,Correct
13,calicotome/Fab.C.vilX400wF(2019)(0)D-112.png,1,1,0.9999999,calicotome,calicotome,Correct
14,calicotome/Fab.C.vilX400wF(2019)(0)D-118.png,1,1,0.9999988,calicotome,calicotome,Correct
15,calicotome/Fab.C.vilX400wF(2019)(0)D-27.png,1,1,0.9999999,calicotome,calicotome,Correct
16,calicotome/Fab.C.vilX400wF(2019)(0)D-47.png,1,1,0.9999932,calicotome,calicotome,Correct
17,calicotome/Fab.C.vilX400wF(2019)(0)D-49.png,1,1,0.9998379,calicotome,calicotome,Correct
18,calicotome/Fab.C.vilX400wF(2019)(0)D-51.png,1,1,0.9975643,calicotome,calicotome,Correct
19,calicotome/Fab.C.vilX400wF(2019)(0)D-66.png,1,1,0.9999999,calicotome,calicotome,Correct
20,calicotome/Fab.C.vilX400wF(2019)(0)D-67.png,1,1,0.99999785,calicotome,calicotome,Correct
21,calicotome/Fab.C.vilX400wF(2019)(0)D-73.png,1,1,0.9999908,calicotome,calicotome,Correct
22,calicotome/Fab.C.vilX400wF(2019)(0)D-82.png,1,1,0.99999976,calicotome,calicotome,Correct
23,calicotome/Fab.C.vilX400wF(2019)(0)D-94.png,1,1,0.99999034,calicotome,calicotome,Correct
24,calicotome/Fab.C.vilX400wF(2020)(0)E-104.png,1,1,0.98518986,calicotome,calicotome,Correct
25,calicotome/Fab.C.vilX400wF(2020)(0)E-105.png,1,1,0.99999833,calicotome,calicotome,Correct
26,calicotome/Fab.C.vilX400wF(2020)(0)E-110.png,1,1,0.99999714,calicotome,calicotome,Correct
27,calicotome/Fab.C.vilX400wF(2020)(0)E-13.png,1,1,0.99999976,calicotome,calicotome,Correct
28,calicotome/Fab.C.vilX400wF(2020)(0)E-20.png,1,1,1.0,calicotome,calicotome,Correct
29,calicotome/Fab.C.vilX400wF(2020)(0)E-31.png,1,1,0.99998856,calicotome,calicotome,Correct
30,calicotome/Fab.C.vilX400wF(2020)(0)E-38.png,1,1,0.9999963,calicotome,calicotome,Correct
31,calicotome/Fab.C.vilX400wF(2020)(0)E-79.png,1,1,0.9999907,calicotome,calicotome,Correct
32,calicotome/Fab.C.vilX400wF(2020)(0)E-83.png,1,1,0.99950147,calicotome,calicotome,Correct
33,castanea/Fag.C.satX400wF(781)(0)A-19.png,2,2,0.9989298,castanea,castanea,Correct
34,castanea/Fag.C.satX400wF(781)(0)A-40.png,2,2,0.999337,castanea,castanea,Correct
35,castanea/Fag.C.satX400wF(781)(0)A-5.png,2,2,0.9999882,castanea,castanea,Correct
36,castanea/Fag.C.satX400wF(782)(0)B-1.png,2,2,0.9998777,castanea,castanea,Correct
37,castanea/Fag.C.satX400wF(782)(0)B-9.png,2,2,0.9997527,castanea,castanea,Correct
38,castanea/Fag.C.satX400wF(784)(0)D-12.png,2,2,0.99998736,castanea,castanea,Correct
39,castanea/Fag.C.satX400wF(784)(0)D-2.png,2,2,0.9996691,castanea,castanea,Correct
40,castanea/Fag.C.satX400wF(784)(0)D-20.png,2,2,0.9997745,castanea,castanea,Correct
41,castanea/Fag.C.satX400wF(785)(0)E-3.png,2,2,0.9999993,castanea,castanea,Correct
42,castanea/Fag.C.satX400wF(786)(0)F-7.png,2,2,0.9998847,castanea,castanea,Correct
43,castanea/Fag.C.satX400wF(792)(781)G-16.png,2,2,0.999595,castanea,castanea,Correct
44,castanea/Fag.C.satX400wF(792)(781)G-19.png,2,2,0.9995603,castanea,castanea,Correct
45,castanea/Fag.C.satX400wF(792)(781)G-27.png,2,2,0.9999751,castanea,castanea,Correct
46,castanea/Fag.C.satX400wF(792)(781)G-46.png,2,2,0.99955267,castanea,castanea,Correct
47,castanea/Fag.C.satX400wF(792)(781)G-50.png,2,2,1.0,castanea,castanea,Correct
48,castanea/Fag.C.satX400wF(793)(781)H-21.png,2,2,0.99998474,castanea,castanea,Correct
49,castanea/Fag.C.satX400wF(793)(781)H-25.png,2,2,0.99999595,castanea,castanea,Correct
50,castanea/Fag.C.satX400wF(793)(781)H-30.png,2,2,0.9999671,castanea,castanea,Correct
51,castanea/Fag.C.satX400wF(793)(781)H-39.png,2,2,0.9999999,castanea,castanea,Correct
52,castanea/Fag.C.satX400wF(793)(781)H-42.png,2,2,0.99948955,castanea,castanea,Correct
53,castanea/Fag.C.satX400wF(793)(781)H-49.png,2,2,0.99996424,castanea,castanea,Correct
54,castanea/Fag.C.satX400wF(793)(781)H-8.png,2,2,0.99996996,castanea,castanea,Correct
55,ceratonia/Fab.C.silX400wF(475)(0)A-13.png,3,3,0.9999995,ceratonia,ceratonia,Correct
56,ceratonia/Fab.C.silX400wF(476)(0)B-2.png,3,3,0.9486494,ceratonia,ceratonia,Correct
57,ceratonia/Fab.C.silX400wF(480)(0)F-10.png,3,3,0.996842,ceratonia,ceratonia,Correct
58,ceratonia/Fab.C.silX400wF(480)(0)F-11.png,3,3,0.99991,ceratonia,ceratonia,Correct
59,ceratonia/Fab.C.silX400wF(480)(0)F-12.png,3,3,0.89780444,ceratonia,ceratonia,Correct
60,ceratonia/Fab.C.silX400wF(481)(0)G-10.png,3,3,0.994476,ceratonia,ceratonia,Correct
61,ceratonia/Fab.C.silX400wF(481)(0)G-15.png,3,3,0.97642183,ceratonia,ceratonia,Correct
62,ceratonia/Fab.C.silX400wF(481)(0)G-18.png,3,3,0.9311697,ceratonia,ceratonia,Correct
64,ceratonia/Fab.C.silX400wF(481)(0)G-8.png,3,3,0.9993806,ceratonia,ceratonia,Correct
65,ebenus/Fab.E.creX400wF(695)(0)C-1.png,4,4,0.9999466,ebenus,ebenus,Correct
66,ebenus/Fab.E.creX400wF(698)(0)F-4.png,4,4,0.99987745,ebenus,ebenus,Correct
67,erica/Eri.E.maniX400wF(5355)(0)A-12.png,5,5,1.0,erica,erica,Correct
68,erica/Eri.E.maniX400wF(5355)(0)A-14.png,5,5,0.9999567,erica,erica,Correct
69,erica/Eri.E.maniX400wF(5355)(0)A-9.png,5,5,1.0,erica,erica,Correct
70,erica/Eri.E.maniX400wF(5356)(0)B-5.png,5,5,0.9999999,erica,erica,Correct
71,erica/Eri.E.maniX400wF(5357)(0)C-15.png,5,5,0.99999833,erica,erica,Correct
72,erica/Eri.E.maniX400wF(5357)(0)C-18.png,5,5,0.99999905,erica,erica,Correct
73,erica/Eri.E.maniX400wF(5357)(0)C-24.png,5,5,0.99999905,erica,erica,Correct
74,erica/Eri.E.maniX400wF(5357)(0)C-7.png,5,5,0.9999629,erica,erica,Correct
75,erica/Eri.E.maniX400wF(5358)(0)D-10.png,5,5,0.99994814,erica,erica,Correct
76,erica/Eri.E.maniX400wF(5359)(0)E-13.png,5,5,0.9956215,erica,erica,Correct
77,erica/Eri.E.maniX400wF(5359)(0)E-17.png,5,5,1.0,erica,erica,Correct
78,erica/Eri.E.maniX400wF(5359)(0)E-21.png,5,5,0.99999356,erica,erica,Correct
79,erica/Eri.E.maniX400wF(5360)(0)F-23.png,5,5,0.9997969,erica,erica,Correct
80,erica/Eri.E.maniX400wF(5360)(0)F-25.png,5,5,0.9999862,erica,erica,Correct
81,erica/Eri.E.maniX400wF(5361)(0)G-15.png,5,5,0.9999988,erica,erica,Correct
82,erica/Eri.E.maniX400wF(5362)(0)H-18.png,5,5,1.0,erica,erica,Correct
83,erica/Eri.E.maniX400wF(5363)(0)I-16.png,5,5,0.99991536,erica,erica,Correct
85,eucalyptus/Myr.E.camaX400wF(1867)(0)B-3.png,6,6,0.9999417,eucalyptus,eucalyptus,Correct
86,eucalyptus/Myr.E.camaX400wF(1868)(0)C-8.png,6,6,0.999708,eucalyptus,eucalyptus,Correct
87,eucalyptus/Myr.E.camaX400wF(1869)(0)D-10.png,6,6,0.9976386,eucalyptus,eucalyptus,Correct
88,eucalyptus/Myr.E.camaX400wF(1869)(0)D-4.png,6,6,0.99931896,eucalyptus,eucalyptus,Correct
89,eucalyptus/Myr.E.camaX400wF(1869)(0)D-5.png,6,6,0.8174168,eucalyptus,eucalyptus,Correct
90,eucalyptus/Myr.E.camaX400wF(1870)(0)E-1.png,6,6,0.9981059,eucalyptus,eucalyptus,Correct
91,eucalyptus/Myr.E.camaX400wF(1870)(0)E-4.png,6,6,0.96297145,eucalyptus,eucalyptus,Correct
92,eucalyptus/Myr.E.camaX400wF(1872)(0)G-3.png,6,6,0.9970392,eucalyptus,eucalyptus,Correct
93,eucalyptus/Myr.E.camaX400wF(2962)(0)H-12.png,6,6,0.99998665,eucalyptus,eucalyptus,Correct
94,eucalyptus/Myr.E.camaX400wF(2962)(0)H-19.png,6,6,1.0,eucalyptus,eucalyptus,Correct
95,eucalyptus/Myr.E.camaX400wF(2962)(0)H-21.png,6,6,0.9999999,eucalyptus,eucalyptus,Correct
96,eucalyptus/Myr.E.camaX400wF(2963)(0)I-10.png,6,6,0.9997882,eucalyptus,eucalyptus,Correct
97,eucalyptus/Myr.E.camaX400wF(2963)(0)I-4.png,6,6,1.0,eucalyptus,eucalyptus,Correct
98,eucalyptus/Myr.E.camaX400wF(2964)(0)J-12.png,6,6,0.99749434,eucalyptus,eucalyptus,Correct
99,eucalyptus/Myr.E.camaX400wF(2964)(0)J-16.png,6,6,0.99999976,eucalyptus,eucalyptus,Correct
100,eucalyptus/Myr.E.camaX400wF(2966)(0)L-1.png,6,6,0.9996146,eucalyptus,eucalyptus,Correct
101,eucalyptus/Myr.E.camaX400wF(2966)(0)L-9.png,6,6,0.92187345,eucalyptus,eucalyptus,Correct
102,ferula/Api.F.comX400wF(2137)(0)C-4.png,7,7,0.9997973,ferula,ferula,Correct
103,ferula/Api.F.comX400wF(2137)(0)C-8.png,7,7,1.0,ferula,ferula,Correct
104,ferula/Api.F.comX400wF(2138)(0)D-1.png,7,7,0.9708818,ferula,ferula,Correct
105,ferula/Api.F.comX400wF(2138)(0)D-11.png,7,7,0.9999975,ferula,ferula,Correct
106,ferula/Api.F.comX400wF(2138)(0)D-21.png,7,7,0.99999976,ferula,ferula,Correct
107,ferula/Api.F.comX400wF(2139)(0)E-1.png,7,7,1.0,ferula,ferula,Correct
108,ferula/Api.F.comX400wF(2139)(0)E-18.png,7,7,0.9999863,ferula,ferula,Correct
109,ferula/Api.F.comX400wF(2139)(0)E-27.png,7,7,0.99999976,ferula,ferula,Correct
110,ferula/Api.F.comX400wF(2139)(0)E-6.png,7,7,0.99226826,ferula,ferula,Correct
111,myrtus/IMG_3734-10.png,8,8,0.999998,myrtus,myrtus,Correct
112,myrtus/IMG_3734-110.png,8,8,0.99999607,myrtus,myrtus,Correct
113,myrtus/IMG_3734-118.png,8,8,0.9999999,myrtus,myrtus,Correct
114,myrtus/IMG_3734-119.png,8,8,0.99999607,myrtus,myrtus,Correct
115,myrtus/IMG_3734-123.png,8,8,1.0,myrtus,myrtus,Correct
116,myrtus/IMG_3734-127.png,8,8,0.9999993,myrtus,myrtus,Correct
117,myrtus/IMG_3734-133.png,8,8,0.9999099,myrtus,myrtus,Correct
118,myrtus/IMG_3734-43.png,8,8,0.9999809,myrtus,myrtus,Correct
119,myrtus/IMG_3734-46.png,8,8,0.9999912,myrtus,myrtus,Correct
120,myrtus/IMG_3734-52.png,8,8,0.9999616,myrtus,myrtus,Correct
121,myrtus/IMG_3734-58.png,8,8,0.9999852,myrtus,myrtus,Correct
122,myrtus/IMG_3734-6.png,8,8,0.99684393,myrtus,myrtus,Correct
123,myrtus/IMG_3734-73.png,8,8,0.9999995,myrtus,myrtus,Correct
124,myrtus/IMG_3734-75.png,8,8,0.99999774,myrtus,myrtus,Correct
125,myrtus/IMG_3735-24.png,8,8,0.9999999,myrtus,myrtus,Correct
126,myrtus/IMG_3735-42.png,8,8,0.99997854,myrtus,myrtus,Correct
127,myrtus/IMG_3735-5.png,8,8,0.99980396,myrtus,myrtus,Correct
128,myrtus/IMG_3735-8.png,8,8,0.9999933,myrtus,myrtus,Correct
129,myrtus/IMG_3736-14.png,8,8,0.9999933,myrtus,myrtus,Correct
130,myrtus/IMG_3736-20.png,8,8,0.99992406,myrtus,myrtus,Correct
131,myrtus/IMG_3736-21.png,8,8,0.9999993,myrtus,myrtus,Correct
132,myrtus/IMG_3736-23.png,8,8,0.9999871,myrtus,myrtus,Correct
133,myrtus/IMG_3736-27.png,8,8,0.9999714,myrtus,myrtus,Correct
134,myrtus/IMG_3736-46.png,8,8,0.99999917,myrtus,myrtus,Correct
135,myrtus/IMG_3736-54.png,8,8,0.9999988,myrtus,myrtus,Correct
136,myrtus/IMG_3736-58.png,8,8,0.9999993,myrtus,myrtus,Correct
137,myrtus/IMG_3736-81.png,8,8,0.99999976,myrtus,myrtus,Correct
138,myrtus/IMG_3736-83.png,8,8,0.9999999,myrtus,myrtus,Correct
139,myrtus/IMG_3737-28.png,8,8,0.9999994,myrtus,myrtus,Correct
140,myrtus/IMG_3737-37.png,8,8,0.9999999,myrtus,myrtus,Correct
141,myrtus/IMG_3737-38.png,8,8,0.9999975,myrtus,myrtus,Correct
142,myrtus/IMG_3737-42.png,8,8,0.9999995,myrtus,myrtus,Correct
143,myrtus/IMG_3737-48.png,8,8,0.99999833,myrtus,myrtus,Correct
144,myrtus/IMG_3737-5.png,8,8,0.9999684,myrtus,myrtus,Correct
145,myrtus/IMG_3737-60.png,8,8,0.99999225,myrtus,myrtus,Correct
146,myrtus/IMG_3737-62.png,8,8,0.9999995,myrtus,myrtus,Correct
147,myrtus/IMG_3737-64.png,8,8,0.99999964,myrtus,myrtus,Correct
148,myrtus/IMG_3737-65.png,8,8,0.9999999,myrtus,myrtus,Correct
149,myrtus/IMG_3737-67.png,8,8,0.99980015,myrtus,myrtus,Correct
150,myrtus/IMG_3737-70.png,8,8,0.99980015,myrtus,myrtus,Correct
151,myrtus/IMG_3738-105.png,8,8,0.99999654,myrtus,myrtus,Correct
152,myrtus/IMG_3738-108.png,8,8,0.9999999,myrtus,myrtus,Correct
153,myrtus/IMG_3738-114.png,8,8,1.0,myrtus,myrtus,Correct
154,myrtus/IMG_3738-117.png,8,8,0.9999995,myrtus,myrtus,Correct
155,myrtus/IMG_3738-15.png,8,8,0.99979097,myrtus,myrtus,Correct
156,myrtus/IMG_3738-2.png,8,8,0.99999976,myrtus,myrtus,Correct
157,myrtus/IMG_3738-22.png,8,8,0.99998534,myrtus,myrtus,Correct
158,myrtus/IMG_3738-41.png,8,8,0.9998597,myrtus,myrtus,Correct
159,myrtus/IMG_3738-49.png,8,8,0.9999999,myrtus,myrtus,Correct
160,myrtus/IMG_3738-72.png,8,8,0.9990044,myrtus,myrtus,Correct
161,myrtus/IMG_3741-2.png,8,8,0.99977714,myrtus,myrtus,Correct
162,myrtus/IMG_3741-25.png,8,8,0.9963701,myrtus,myrtus,Correct
163,myrtus/IMG_3741-26.png,8,8,1.0,myrtus,myrtus,Correct
164,myrtus/IMG_3741-27.png,8,8,0.99999976,myrtus,myrtus,Correct
165,myrtus/IMG_3741-31.png,8,8,0.99999785,myrtus,myrtus,Correct
166,myrtus/IMG_3741-45.png,8,8,0.98357934,myrtus,myrtus,Correct
167,myrtus/IMG_3741-55.png,8,8,1.0,myrtus,myrtus,Correct
168,myrtus/IMG_3741-59.png,8,8,0.9999999,myrtus,myrtus,Correct
169,myrtus/IMG_3741-66.png,8,8,0.99999976,myrtus,myrtus,Correct
170,myrtus/IMG_3742-21.png,8,8,0.9999974,myrtus,myrtus,Correct
171,myrtus/IMG_3742-45.png,8,8,0.9999995,myrtus,myrtus,Correct
172,myrtus/IMG_3742-5.png,8,8,0.99997866,myrtus,myrtus,Correct
173,myrtus/IMG_3742-7.png,8,8,0.9998549,myrtus,myrtus,Correct
174,myrtus/IMG_3743-22.png,8,8,0.9999999,myrtus,myrtus,Correct
175,myrtus/IMG_3743-27.png,8,8,0.99999976,myrtus,myrtus,Correct
176,myrtus/IMG_3743-30.png,8,8,0.9999989,myrtus,myrtus,Correct
177,myrtus/IMG_3743-32.png,8,8,0.99999964,myrtus,myrtus,Correct
178,myrtus/IMG_3743-34.png,8,8,0.99988866,myrtus,myrtus,Correct
179,myrtus/IMG_3744-57.png,8,8,0.9997873,myrtus,myrtus,Correct
180,myrtus/Myr.M.comX400wF(1095)(1091)A-39.png,8,8,0.9999999,myrtus,myrtus,Correct
181,myrtus/Myr.M.comX400wF(1095)(1091)A-49.png,8,8,0.9999999,myrtus,myrtus,Correct
182,myrtus/Myr.M.comX400wF(1095)(1091)A-55.png,8,8,1.0,myrtus,myrtus,Correct
183,myrtus/Myr.M.comX400wF(1097)(1090)C-19.png,8,8,0.99999976,myrtus,myrtus,Correct
184,myrtus/Myr.M.comX400wF(1097)(1090)C-37.png,8,8,0.99999976,myrtus,myrtus,Correct
185,myrtus/Myr.M.comX400wF(1097)(1090)C-4.png,8,8,0.9999919,myrtus,myrtus,Correct
186,myrtus/Myr.M.comX400wF(1097)(1090)C-7.png,8,8,0.9999993,myrtus,myrtus,Correct
187,myrtus/Myr.M.comX400wF(1097)(1090)C-78.png,8,8,1.0,myrtus,myrtus,Correct
188,myrtus/Myr.M.comX400wF(1097)(1090)C-8.png,8,8,1.0,myrtus,myrtus,Correct
189,olea/Ole.O.euroX400wF(4261)(0)A-38.png,9,9,0.30885458,olea,olea,Correct
190,olea/Ole.O.euroX400wF(4261)(0)A-44.png,9,9,0.9984712,olea,olea,Correct
191,olea/Ole.O.euroX400wF(4261)(0)A-47.png,9,9,0.99999976,olea,olea,Correct
192,olea/Ole.O.euroX400wF(4262)(0)B-23.png,9,9,0.99989736,olea,olea,Correct
193,olea/Ole.O.euroX400wF(4262)(0)B-31.png,9,9,0.9999989,olea,olea,Correct
194,olea/Ole.O.euroX400wF(4263)(0)C-102.png,9,9,0.9999683,olea,olea,Correct
195,olea/Ole.O.euroX400wF(4263)(0)C-104.png,9,9,0.99651885,olea,olea,Correct
196,olea/Ole.O.euroX400wF(4263)(0)C-107.png,9,9,0.9987979,olea,olea,Correct
197,olea/Ole.O.euroX400wF(4263)(0)C-123.png,9,9,0.99997056,olea,olea,Correct
199,olea/Ole.O.euroX400wF(4263)(0)C-128.png,9,9,0.99992144,olea,olea,Correct
200,olea/Ole.O.euroX400wF(4263)(0)C-132.png,9,9,0.9998481,olea,olea,Correct
201,olea/Ole.O.euroX400wF(4263)(0)C-135.png,9,9,0.9970952,olea,olea,Correct
202,olea/Ole.O.euroX400wF(4263)(0)C-142.png,9,9,0.9997279,olea,olea,Correct
203,olea/Ole.O.euroX400wF(4263)(0)C-143.png,9,9,0.99978334,olea,olea,Correct
205,olea/Ole.O.euroX400wF(4263)(0)C-165.png,9,9,0.9999856,olea,olea,Correct
206,olea/Ole.O.euroX400wF(4263)(0)C-172.png,9,9,0.9996717,olea,olea,Correct
207,olea/Ole.O.euroX400wF(4263)(0)C-178.png,9,9,0.9999347,olea,olea,Correct
208,olea/Ole.O.euroX400wF(4263)(0)C-196.png,9,9,0.9999856,olea,olea,Correct
209,olea/Ole.O.euroX400wF(4263)(0)C-2.png,9,9,0.99998665,olea,olea,Correct
210,olea/Ole.O.euroX400wF(4263)(0)C-29.png,9,9,0.99999714,olea,olea,Correct
211,olea/Ole.O.euroX400wF(4263)(0)C-47.png,9,9,0.9999745,olea,olea,Correct
212,olea/Ole.O.euroX400wF(4263)(0)C-70.png,9,9,0.9999039,olea,olea,Correct
213,olea/Ole.O.euroX400wF(4263)(0)C-8.png,9,9,0.9999416,olea,olea,Correct
214,olea/Ole.O.euroX400wF(4263)(0)C-86.png,9,9,0.9999801,olea,olea,Correct
215,olea/Ole.O.euroX400wF(4264)(0)D-118.png,9,9,0.99874973,olea,olea,Correct
216,olea/Ole.O.euroX400wF(4264)(0)D-131.png,9,9,0.99999404,olea,olea,Correct
217,olea/Ole.O.euroX400wF(4264)(0)D-136.png,9,9,0.9999615,olea,olea,Correct
218,olea/Ole.O.euroX400wF(4264)(0)D-137.png,9,9,0.9977793,olea,olea,Correct
219,olea/Ole.O.euroX400wF(4264)(0)D-159.png,9,9,0.9989519,olea,olea,Correct
220,olea/Ole.O.euroX400wF(4264)(0)D-16.png,9,9,0.9990638,olea,olea,Correct
221,olea/Ole.O.euroX400wF(4264)(0)D-19.png,9,9,0.99911577,olea,olea,Correct
222,olea/Ole.O.euroX400wF(4264)(0)D-24.png,9,9,0.997707,olea,olea,Correct
223,olea/Ole.O.euroX400wF(4264)(0)D-36.png,9,9,0.962237,olea,olea,Correct
224,olea/Ole.O.euroX400wF(4264)(0)D-44.png,9,9,0.99952006,olea,olea,Correct
225,olea/Ole.O.euroX400wF(4264)(0)D-6.png,9,9,0.99977475,olea,olea,Correct
226,olea/Ole.O.euroX400wF(4264)(0)D-62.png,9,9,0.9999765,olea,olea,Correct
227,olea/Ole.O.euroX400wF(4264)(0)D-85.png,9,9,0.9998522,olea,olea,Correct
228,olea/Ole.O.euroX400wF(4264)(0)D-96.png,9,9,0.9999325,olea,olea,Correct
229,olea/Ole.O.euroX400wF(4265)(0)E-111.png,9,9,0.9994659,olea,olea,Correct
230,olea/Ole.O.euroX400wF(4265)(0)E-125.png,9,9,0.9999993,olea,olea,Correct
231,olea/Ole.O.euroX400wF(4265)(0)E-144.png,9,9,0.99984384,olea,olea,Correct
232,olea/Ole.O.euroX400wF(4265)(0)E-161.png,9,9,0.99917895,olea,olea,Correct
233,olea/Ole.O.euroX400wF(4265)(0)E-172.png,9,9,0.9999763,olea,olea,Correct
234,olea/Ole.O.euroX400wF(4265)(0)E-173.png,9,9,0.9999994,olea,olea,Correct
235,olea/Ole.O.euroX400wF(4265)(0)E-175.png,9,9,0.9985802,olea,olea,Correct
236,olea/Ole.O.euroX400wF(4265)(0)E-191.png,9,9,0.99997234,olea,olea,Correct
237,olea/Ole.O.euroX400wF(4265)(0)E-198.png,9,9,0.9999976,olea,olea,Correct
238,olea/Ole.O.euroX400wF(4265)(0)E-20.png,9,9,0.99979347,olea,olea,Correct
239,olea/Ole.O.euroX400wF(4265)(0)E-210.png,9,9,0.99955827,olea,olea,Correct
240,olea/Ole.O.euroX400wF(4265)(0)E-29.png,9,9,0.9998965,olea,olea,Correct
241,olea/Ole.O.euroX400wF(4265)(0)E-35.png,9,9,0.9999938,olea,olea,Correct
242,olea/Ole.O.euroX400wF(4265)(0)E-48.png,9,9,0.99999785,olea,olea,Correct
243,olea/Ole.O.euroX400wF(4265)(0)E-61.png,9,9,0.99989736,olea,olea,Correct
244,olea/Ole.O.euroX400wF(4265)(0)E-70.png,9,9,0.9999906,olea,olea,Correct
245,olea/Ole.O.euroX400wF(4265)(0)E-73.png,9,9,0.9995815,olea,olea,Correct
246,olea/Ole.O.euroX400wF(4265)(0)E-83.png,9,9,0.9999486,olea,olea,Correct
247,olea/Ole.O.euroX400wF(4265)(0)E-91.png,9,9,0.9999968,olea,olea,Correct
248,olea/Ole.O.euroX400wF(4265)(0)E-96.png,9,9,0.9999988,olea,olea,Correct
249,olea/Ole.O.euroX400wF(4266)(0)F-105.png,9,9,0.9999995,olea,olea,Correct
250,olea/Ole.O.euroX400wF(4266)(0)F-121.png,9,9,0.67614996,olea,olea,Correct
251,olea/Ole.O.euroX400wF(4266)(0)F-133.png,9,9,0.99976915,olea,olea,Correct
252,olea/Ole.O.euroX400wF(4266)(0)F-147.png,9,9,0.9999926,olea,olea,Correct
253,olea/Ole.O.euroX400wF(4266)(0)F-16.png,9,9,0.99999475,olea,olea,Correct
254,olea/Ole.O.euroX400wF(4266)(0)F-3.png,9,9,0.99996305,olea,olea,Correct
255,olea/Ole.O.euroX400wF(4266)(0)F-30.png,9,9,0.9997298,olea,olea,Correct
256,olea/Ole.O.euroX400wF(4266)(0)F-39.png,9,9,0.9996383,olea,olea,Correct
257,olea/Ole.O.euroX400wF(4266)(0)F-42.png,9,9,0.9999968,olea,olea,Correct
259,olea/Ole.O.euroX400wF(4266)(0)F-67.png,9,9,0.999936,olea,olea,Correct
260,olea/Ole.O.euroX400wF(4266)(0)F-73.png,9,9,1.0,olea,olea,Correct
261,olea/Ole.O.euroX400wF(4266)(0)F-81.png,9,9,0.99999166,olea,olea,Correct
262,olea/Ole.O.euroX400wF(4266)(0)F-82.png,9,9,0.99982965,olea,olea,Correct
263,olea/Ole.O.euroX400wF(4267)(0)G-21.png,9,9,0.99999976,olea,olea,Correct
264,olea/Ole.O.euroX400wF(4267)(0)G-29.png,9,9,0.999671,olea,olea,Correct
265,olea/Ole.O.euroX400wF(4267)(0)G-33.png,9,9,0.9998454,olea,olea,Correct
266,olea/Ole.O.euroX400wF(4267)(0)G-42.png,9,9,0.9999862,olea,olea,Correct
267,olea/Ole.O.euroX400wF(4267)(0)G-6.png,9,9,0.9983113,olea,olea,Correct
268,origanum/Lam.O.micX400wF(884)(0)A-15.png,10,10,0.99995697,origanum,origanum,Correct
269,origanum/Lam.O.micX400wF(884)(0)A-7.png,10,10,0.99994767,origanum,origanum,Correct
271,origanum/Lam.O.micX400wF(885)(0)B-13.png,10,10,0.9999999,origanum,origanum,Correct
272,origanum/Lam.O.micX400wF(886)(0)C-13.png,10,10,0.99982494,origanum,origanum,Correct
273,origanum/Lam.O.micX400wF(886)(0)C-30.png,10,10,0.99998736,origanum,origanum,Correct
274,origanum/Lam.O.micX400wF(886)(0)C-35.png,10,10,0.99999595,origanum,origanum,Correct
275,origanum/Lam.O.micX400wF(886)(0)C-41.png,10,10,0.9999423,origanum,origanum,Correct
276,origanum/Lam.O.micX400wF(886)(0)C-45.png,10,10,0.99997854,origanum,origanum,Correct
277,origanum/Lam.O.micX400wF(886)(0)C-48.png,10,10,0.9997987,origanum,origanum,Correct
278,origanum/Lam.O.micX400wF(886)(0)C-55.png,10,10,1.0,origanum,origanum,Correct
279,origanum/Lam.O.micX400wF(886)(0)C-7.png,10,10,1.0,origanum,origanum,Correct
280,origanum/Lam.O.micX400wF(887)(0)D-9.png,10,10,0.9999993,origanum,origanum,Correct
281,origanum/Lam.O.micX400wF(888)(0)E-6.png,10,10,0.94936264,origanum,origanum,Correct
282,origanum/Lam.O.micX400wF(888)(0)E-7.png,10,10,0.9999658,origanum,origanum,Correct
283,origanum/Lam.O.micX400wF(889)(0)F-2.png,10,10,1.0,origanum,origanum,Correct
284,origanum/Lam.O.micX400wF(889)(0)F-33.png,10,10,1.0,origanum,origanum,Correct
285,oxalis/Oxa.O.pes.cX400wF(1734)(0)B-4.png,11,11,0.9999939,oxalis,oxalis,Correct
286,oxalis/Oxa.O.pes.cX400wF(1734)(0)B-5.png,11,11,0.9999999,oxalis,oxalis,Correct
287,oxalis/Oxa.O.pes.cX400wF(1734)(0)B-7.png,11,11,0.99999976,oxalis,oxalis,Correct
288,oxalis/Oxa.O.pes.cX400wF(1734)(0)B-8.png,11,11,0.9999999,oxalis,oxalis,Correct
289,oxalis/Oxa.O.pes.cX400wF(1735)(0)C-11.png,11,11,0.99994576,oxalis,oxalis,Correct
290,oxalis/Oxa.O.pes.cX400wF(1736)(0)D-1.png,11,11,0.98512864,oxalis,oxalis,Correct
291,oxalis/Oxa.O.pes.cX400wF(1736)(0)D-6.png,11,11,1.0,oxalis,oxalis,Correct
292,oxalis/Oxa.O.pes.cX400wF(1736)(0)D-8.png,11,11,0.9999999,oxalis,oxalis,Correct
293,oxalis/Oxa.O.pes.cX400wF(1737)(1736)E-6.png,11,11,0.99999726,oxalis,oxalis,Correct
294,oxalis/Oxa.O.pes.cX400wF(1737)(1736)E-8.png,11,11,0.99999976,oxalis,oxalis,Correct
295,oxalis/Oxa.O.pes.cX400wF(1739)(0)G-7.png,11,11,0.99999714,oxalis,oxalis,Correct
296,oxalis/Oxa.O.pes.cX400wF(1740)(0)H-3.png,11,11,0.9999664,oxalis,oxalis,Correct
297,oxalis/Oxa.O.pes.cX400wF(1741)(0)I-6.png,11,11,0.99985826,oxalis,oxalis,Correct
298,oxalis/Oxa.O.pes.cX400wF(1743)(0)K-12.png,11,11,0.9999999,oxalis,oxalis,Correct
299,pinus/Pin.P.brutX400wF(3173)(0)C-3.png,12,12,1.0,pinus,pinus,Correct
300,pinus/Pin.P.brutX400wF(3175)(0)E-1.png,12,12,1.0,pinus,pinus,Correct
301,pinus/Pin.P.brutX400wF(3177)(0)G-1.png,12,12,1.0,pinus,pinus,Correct
302,pistacia/Ana.P.tereX400wF(3226)(0)E-9.png,13,13,0.9995185,pistacia,pistacia,Correct
303,pistacia/Ana.P.tereX400wF(3227)(0)F-2.png,13,13,0.9999677,pistacia,pistacia,Correct
304,pistacia/Ana.P.tereX400wF(3227)(0)F-4.png,13,13,0.99997616,pistacia,pistacia,Correct
305,salvia/Lam.S.triX400wF(2189)(0)B-14.png,14,14,1.0,salvia,salvia,Correct
306,salvia/Lam.S.triX400wF(2189)(0)B-16.png,14,14,1.0,salvia,salvia,Correct
307,salvia/Lam.S.triX400wF(2189)(0)B-21.png,14,14,0.9982204,salvia,salvia,Correct
308,salvia/Lam.S.triX400wF(2189)(0)B-24.png,14,14,1.0,salvia,salvia,Correct
309,salvia/Lam.S.triX400wF(2189)(0)B-30.png,14,14,0.99999046,salvia,salvia,Correct
310,salvia/Lam.S.triX400wF(2189)(0)B-57.png,14,14,1.0,salvia,salvia,Correct
311,salvia/Lam.S.triX400wF(2190)(0)C-38.png,14,14,1.0,salvia,salvia,Correct
312,salvia/Lam.S.triX400wF(2191)(0)D-13.png,14,14,1.0,salvia,salvia,Correct
313,salvia/Lam.S.triX400wF(2191)(0)D-42.png,14,14,1.0,salvia,salvia,Correct
314,salvia/Lam.S.triX400wF(2191)(0)D-43.png,14,14,1.0,salvia,salvia,Correct
315,salvia/Lam.S.triX400wF(2191)(0)D-5.png,14,14,1.0,salvia,salvia,Correct
316,salvia/Lam.S.triX400wF(2192)(0)E-5.png,14,14,0.99999964,salvia,salvia,Correct
317,salvia/Lam.S.triX400wF(2193)(0)F-1.png,14,14,0.9998319,salvia,salvia,Correct
318,salvia/Lam.S.triX400wF(2193)(0)F-12.png,14,14,1.0,salvia,salvia,Correct
319,salvia/Lam.S.triX400wF(2193)(0)F-14.png,14,14,1.0,salvia,salvia,Correct
320,salvia/Lam.S.triX400wF(2193)(0)F-16.png,14,14,1.0,salvia,salvia,Correct
321,salvia/Lam.S.triX400wF(2193)(0)F-7.png,14,14,0.9999999,salvia,salvia,Correct
322,salvia/Lam.S.triX400wF(2193)(0)F-9.png,14,14,0.99999964,salvia,salvia,Correct
323,satureja/Lam.S.thyX400wF(941)(937)A-7.png,15,15,0.99999976,satureja,satureja,Correct
324,satureja/Lam.S.thyX400wF(941)(937)A-8.png,15,15,0.9991584,satureja,satureja,Correct
325,satureja/Lam.S.thyX400wF(942)(935)B-9.png,15,15,0.99878746,satureja,satureja,Correct
326,satureja/Lam.S.thyX400wF(943)(990)C-10.png,15,15,0.99999976,satureja,satureja,Correct
327,satureja/Lam.S.thyX400wF(944)(940)E-5.png,15,15,0.99623907,satureja,satureja,Correct
328,satureja/Lam.S.thyX400wF(947)(0)H-1.png,15,15,0.9942677,satureja,satureja,Correct
329,satureja/Lam.S.thyX400wF(947)(0)H-6.png,15,15,0.9999063,satureja,satureja,Correct
330,sinapis/Bra.S.albX400wF(2150)(0)A-12.png,16,16,1.0,sinapis,sinapis,Correct
331,sinapis/Bra.S.albX400wF(2150)(0)A-13.png,16,16,0.99999654,sinapis,sinapis,Correct
332,sinapis/Bra.S.albX400wF(2150)(0)A-15.png,16,16,0.99999917,sinapis,sinapis,Correct
333,sinapis/Bra.S.albX400wF(2151)(0)B-13.png,16,16,1.0,sinapis,sinapis,Correct
334,sinapis/Bra.S.albX400wF(2151)(0)B-15.png,16,16,0.99994016,sinapis,sinapis,Correct
335,sinapis/Bra.S.albX400wF(2152)(0)C-10.png,16,16,0.9999999,sinapis,sinapis,Correct
336,sinapis/Bra.S.albX400wF(2152)(0)C-16.png,16,16,0.9398444,sinapis,sinapis,Correct
337,sinapis/Bra.S.albX400wF(2152)(0)C-20.png,16,16,0.9874578,sinapis,sinapis,Correct
338,sinapis/Bra.S.albX400wF(2152)(0)C-21.png,16,16,0.9999995,sinapis,sinapis,Correct
339,sinapis/Bra.S.albX400wF(2152)(0)C-22.png,16,16,0.99755055,sinapis,sinapis,Correct
340,sinapis/Bra.S.albX400wF(2152)(0)C-26.png,16,16,1.0,sinapis,sinapis,Correct
341,sinapis/Bra.S.albX400wF(2152)(0)C-29.png,16,16,0.9062504,sinapis,sinapis,Correct
342,sinapis/Bra.S.albX400wF(2153)(0)D-16.png,16,16,1.0,sinapis,sinapis,Correct
343,sinapis/Bra.S.albX400wF(2153)(0)D-21.png,16,16,0.9981489,sinapis,sinapis,Correct
344,sinapis/Bra.S.albX400wF(2153)(0)D-4.png,16,16,0.999997,sinapis,sinapis,Correct
345,sinapis/Bra.S.albX400wF(2155)(0)F-17.png,16,16,0.9999987,sinapis,sinapis,Correct
346,sinapis/Bra.S.albX400wF(2155)(0)F-3.png,16,16,0.9524725,sinapis,sinapis,Correct
347,sinapis/IMG_3704-15.png,16,16,0.9998186,sinapis,sinapis,Correct
348,sinapis/IMG_3704-19.png,16,16,0.99537283,sinapis,sinapis,Correct
349,sinapis/IMG_3708-10.png,16,16,0.90628415,sinapis,sinapis,Correct
350,thymbra/Lam.T.capX400wF(1029)(0)A-24.png,17,17,0.9983784,thymbra,thymbra,Correct
351,thymbra/Lam.T.capX400wF(1029)(0)A-7.png,17,17,0.99995625,thymbra,thymbra,Correct
352,thymbra/Lam.T.capX400wF(1031)(0)C-5.png,17,17,0.9972235,thymbra,thymbra,Correct
353,thymbra/Lam.T.capX400wF(1031)(0)C-7.png,17,17,0.9992949,thymbra,thymbra,Correct
354,thymbra/Lam.T.capX400wF(1031)(0)C-9.png,17,17,0.7900096,thymbra,thymbra,Correct
355,thymbra/Lam.T.capX400wF(1032)(0)D-7.png,17,17,0.99983346,thymbra,thymbra,Correct
356,thymbra/Lam.T.capX400wF(1033)(0)E-2.png,17,17,0.9999831,thymbra,thymbra,Correct
358,thymbra/x40 f (1)-3.png,17,17,0.9999205,thymbra,thymbra,Correct
359,thymbra/x40 f (2)-2.png,17,17,0.906582,thymbra,thymbra,Correct
360,thymbra/x40 f (3)-9.png,17,17,0.99358,thymbra,thymbra,Correct
361,thymbra/x40 f (4)-1.png,17,17,0.99992085,thymbra,thymbra,Correct
362,thymbra/x40 f (5)-16.png,17,17,0.9998166,thymbra,thymbra,Correct
363,thymbra/x40 f (5)-2.png,17,17,0.9999697,thymbra,thymbra,Correct
364,thymbra/x40 f (6)-6.png,17,17,1.0,thymbra,thymbra,Correct
365,urginea/Asp.U.marX400wF(5318)(0)B-10.png,18,18,1.0,urginea,urginea,Correct
366,urginea/Asp.U.marX400wF(5318)(0)B-5.png,18,18,1.0,urginea,urginea,Correct
367,urginea/Asp.U.marX400wF(5318)(0)B-7.png,18,18,0.9999999,urginea,urginea,Correct
368,urginea/Asp.U.marX400wF(5319)(0)C-4.png,18,18,1.0,urginea,urginea,Correct
369,urginea/Asp.U.marX400wF(5320)(0)D-4.png,18,18,1.0,urginea,urginea,Correct
370,urginea/Asp.U.marX400wF(5320)(0)D-6.png,18,18,1.0,urginea,urginea,Correct
371,urginea/Asp.U.marX400wF(5321)(0)E-13.png,18,18,1.0,urginea,urginea,Correct
372,urginea/Asp.U.marX400wF(5321)(0)E-4.png,18,18,1.0,urginea,urginea,Correct
373,urginea/Asp.U.marX400wF(5322)(0)F-6.png,18,18,0.99999964,urginea,urginea,Correct
374,urginea/Asp.U.marX400wF(5323)(0)G-9.png,18,18,0.99999964,urginea,urginea,Correct
375,urginea/Asp.U.marX400wF(5324)(0)H-5.png,18,18,1.0,urginea,urginea,Correct
376,vitis/Vit.V.viniX400wF(4978)(0)A-11.png,19,19,0.99951756,vitis,vitis,Correct
377,vitis/Vit.V.viniX400wF(4978)(0)A-15.png,19,19,0.99999964,vitis,vitis,Correct
378,vitis/Vit.V.viniX400wF(4978)(0)A-22.png,19,19,0.99999523,vitis,vitis,Correct
379,vitis/Vit.V.viniX400wF(4979)(0)B-1.png,19,19,0.9999701,vitis,vitis,Correct
380,vitis/Vit.V.viniX400wF(4979)(0)B-19.png,19,19,1.0,vitis,vitis,Correct
381,vitis/Vit.V.viniX400wF(4979)(0)B-2.png,19,19,0.9998821,vitis,vitis,Correct
382,vitis/Vit.V.viniX400wF(4979)(0)B-21.png,19,19,0.9999999,vitis,vitis,Correct
383,vitis/Vit.V.viniX400wF(4979)(0)B-6.png,19,19,1.0,vitis,vitis,Correct
384,vitis/Vit.V.viniX400wF(4980)(0)C-18.png,19,19,0.9999994,vitis,vitis,Correct
385,vitis/Vit.V.viniX400wF(4980)(0)C-19.png,19,19,1.0,vitis,vitis,Correct
386,vitis/Vit.V.viniX400wF(4980)(0)C-24.png,19,19,0.99999857,vitis,vitis,Correct
387,vitis/Vit.V.viniX400wF(4980)(0)C-3.png,19,19,0.99999976,vitis,vitis,Correct
388,vitis/Vit.V.viniX400wF(4981)(0)D-13.png,19,19,0.9999993,vitis,vitis,Correct
389,vitis/Vit.V.viniX400wF(4981)(0)D-14.png,19,19,0.9999994,vitis,vitis,Correct
390,vitis/Vit.V.viniX400wF(4981)(0)D-7.png,19,19,0.9999999,vitis,vitis,Correct
391,vitis/Vit.V.viniX400wF(4982)(0)E-1.png,19,19,0.9999988,vitis,vitis,Correct
392,vitis/Vit.V.viniX400wF(4982)(0)E-15.png,19,19,1.0,vitis,vitis,Correct
393,vitis/Vit.V.viniX400wF(4982)(0)E-16.png,19,19,0.9999993,vitis,vitis,Correct
394,vitis/Vit.V.viniX400wF(4983)(0)F-19.png,19,19,0.99999976,vitis,vitis,Correct
395,vitis/Vit.V.viniX400wF(4983)(0)F-7.png,19,19,0.9999999,vitis,vitis,Correct
396,vitis/Vit.V.viniX400wF(4984)(0)G-1.png,19,19,0.9958165,vitis,vitis,Correct
397,vitis/Vit.V.viniX400wF(4984)(0)G-32.png,19,19,0.9779519,vitis,vitis,Correct
398,vitis/Vit.V.viniX400wF(4984)(0)G-41.png,19,19,0.99354136,vitis,vitis,Correct
399,vitis/Vit.V.viniX400wF(4984)(0)G-44.png,19,19,0.98427445,vitis,vitis,Correct
400,vitis/Vit.V.viniX400wF(4985)(0)H-19.png,19,19,1.0,vitis,vitis,Correct
401,vitis/Vit.V.viniX400wF(4985)(0)H-29.png,19,19,0.99999976,vitis,vitis,Correct
0,asphodelus/Asp.A.ramX400wF(1988)(0)E-3.png,0,0,0.9987877,asphodelus,asphodelus,Correct
1,asphodelus/Asp.A.ramX400wF(1989)(0)F-6.png,0,0,0.9999969,asphodelus,asphodelus,Correct
2,asphodelus/Asp.A.ramX400wF(1990)(0)G-3.png,0,0,0.9998971,asphodelus,asphodelus,Correct
3,calicotome/Fab.C.vilX400wF(2016)(0)A-10.png,1,1,0.99686545,calicotome,calicotome,Correct
4,calicotome/Fab.C.vilX400wF(2016)(0)A-11.png,1,1,0.9995555,calicotome,calicotome,Correct
5,calicotome/Fab.C.vilX400wF(2017)(0)B-10.png,1,1,0.99999714,calicotome,calicotome,Correct
6,calicotome/Fab.C.vilX400wF(2017)(0)B-16.png,1,1,0.9969805,calicotome,calicotome,Correct
7,calicotome/Fab.C.vilX400wF(2018)(0)C-14.png,1,1,0.99990237,calicotome,calicotome,Correct
8,calicotome/Fab.C.vilX400wF(2019)(0)D-10.png,1,1,0.99999607,calicotome,calicotome,Correct
9,calicotome/Fab.C.vilX400wF(2019)(0)D-12.png,1,1,0.99982506,calicotome,calicotome,Correct
10,calicotome/Fab.C.vilX400wF(2019)(0)D-121.png,1,1,0.99998856,calicotome,calicotome,Correct
11,calicotome/Fab.C.vilX400wF(2019)(0)D-16.png,1,1,0.95909035,calicotome,calicotome,Correct
12,calicotome/Fab.C.vilX400wF(2019)(0)D-3.png,1,1,0.99987876,calicotome,calicotome,Correct
13,calicotome/Fab.C.vilX400wF(2019)(0)D-63.png,1,1,0.99990535,calicotome,calicotome,Correct
14,calicotome/Fab.C.vilX400wF(2019)(0)D-85.png,1,1,0.99996233,calicotome,calicotome,Correct
15,calicotome/Fab.C.vilX400wF(2020)(0)E-100.png,1,1,0.99904126,calicotome,calicotome,Correct
16,calicotome/Fab.C.vilX400wF(2020)(0)E-109.png,1,1,0.99999297,calicotome,calicotome,Correct
17,calicotome/Fab.C.vilX400wF(2020)(0)E-12.png,1,1,0.9999243,calicotome,calicotome,Correct
18,calicotome/Fab.C.vilX400wF(2020)(0)E-16.png,1,1,0.99999857,calicotome,calicotome,Correct
19,calicotome/Fab.C.vilX400wF(2020)(0)E-21.png,1,1,0.99998,calicotome,calicotome,Correct
20,calicotome/Fab.C.vilX400wF(2020)(0)E-23.png,1,1,0.9930976,calicotome,calicotome,Correct
21,calicotome/Fab.C.vilX400wF(2020)(0)E-29.png,1,1,0.99998915,calicotome,calicotome,Correct
22,calicotome/Fab.C.vilX400wF(2020)(0)E-36.png,1,1,0.99993706,calicotome,calicotome,Correct
23,calicotome/Fab.C.vilX400wF(2020)(0)E-40.png,1,1,0.99993145,calicotome,calicotome,Correct
24,calicotome/Fab.C.vilX400wF(2020)(0)E-41.png,1,1,0.99631244,calicotome,calicotome,Correct
25,calicotome/Fab.C.vilX400wF(2020)(0)E-48.png,1,1,0.99999213,calicotome,calicotome,Correct
26,calicotome/Fab.C.vilX400wF(2020)(0)E-65.png,1,1,0.9999949,calicotome,calicotome,Correct
27,calicotome/Fab.C.vilX400wF(2020)(0)E-7.png,1,1,0.99980944,calicotome,calicotome,Correct
28,calicotome/Fab.C.vilX400wF(2020)(0)E-72.png,1,1,0.9999999,calicotome,calicotome,Correct
29,calicotome/Fab.C.vilX400wF(2020)(0)E-9.png,1,1,0.9999356,calicotome,calicotome,Correct
30,calicotome/Fab.C.vilX400wF(2020)(0)E-92.png,1,1,0.9999957,calicotome,calicotome,Correct
31,calicotome/Fab.C.vilX400wF(2020)(0)E-96.png,1,1,0.9999747,calicotome,calicotome,Correct
32,calicotome/Fab.C.vilX400wF(2020)(0)E-98.png,1,1,0.9999956,calicotome,calicotome,Correct
33,castanea/Fag.C.satX400wF(781)(0)A-15.png,2,2,0.9999989,castanea,castanea,Correct
34,castanea/Fag.C.satX400wF(781)(0)A-26.png,2,2,1.0,castanea,castanea,Correct
35,castanea/Fag.C.satX400wF(781)(0)A-30.png,2,2,0.9999565,castanea,castanea,Correct
36,castanea/Fag.C.satX400wF(781)(0)A-37.png,2,2,1.0,castanea,castanea,Correct
37,castanea/Fag.C.satX400wF(781)(0)A-48.png,2,2,0.9999777,castanea,castanea,Correct
38,castanea/Fag.C.satX400wF(782)(0)B-14.png,2,2,1.0,castanea,castanea,Correct
39,castanea/Fag.C.satX400wF(783)(0)C-6.png,2,2,0.99999857,castanea,castanea,Correct
40,castanea/Fag.C.satX400wF(783)(0)C-9.png,2,2,0.9999982,castanea,castanea,Correct
41,castanea/Fag.C.satX400wF(785)(0)E-4.png,2,2,0.99999976,castanea,castanea,Correct
42,castanea/Fag.C.satX400wF(785)(0)E-8.png,2,2,0.9991399,castanea,castanea,Correct
43,castanea/Fag.C.satX400wF(786)(0)F-1.png,2,2,0.99971026,castanea,castanea,Correct
44,castanea/Fag.C.satX400wF(792)(781)G-14.png,2,2,0.99999976,castanea,castanea,Correct
45,castanea/Fag.C.satX400wF(792)(781)G-21.png,2,2,0.99999964,castanea,castanea,Correct
46,castanea/Fag.C.satX400wF(792)(781)G-24.png,2,2,0.99999833,castanea,castanea,Correct
47,castanea/Fag.C.satX400wF(792)(781)G-29.png,2,2,1.0,castanea,castanea,Correct
48,castanea/Fag.C.satX400wF(792)(781)G-35.png,2,2,0.9999999,castanea,castanea,Correct
49,castanea/Fag.C.satX400wF(792)(781)G-48.png,2,2,0.9999995,castanea,castanea,Correct
50,castanea/Fag.C.satX400wF(792)(781)G-51.png,2,2,0.9999924,castanea,castanea,Correct
51,castanea/Fag.C.satX400wF(793)(781)H-1.png,2,2,0.999998,castanea,castanea,Correct
52,castanea/Fag.C.satX400wF(793)(781)H-19.png,2,2,0.9999496,castanea,castanea,Correct
53,castanea/Fag.C.satX400wF(793)(781)H-29.png,2,2,0.99999976,castanea,castanea,Correct
54,castanea/Fag.C.satX400wF(793)(781)H-47.png,2,2,0.99999976,castanea,castanea,Correct
55,ceratonia/Fab.C.silX400wF(475)(0)A-14.png,3,3,0.9998086,ceratonia,ceratonia,Correct
56,ceratonia/Fab.C.silX400wF(475)(0)A-7.png,3,3,0.9992986,ceratonia,ceratonia,Correct
57,ceratonia/Fab.C.silX400wF(476)(0)B-13.png,3,3,0.9935696,ceratonia,ceratonia,Correct
58,ceratonia/Fab.C.silX400wF(476)(0)B-16.png,3,3,0.95888263,ceratonia,ceratonia,Correct
60,ceratonia/Fab.C.silX400wF(479)(0)E-14.png,3,3,0.91229844,ceratonia,ceratonia,Correct
61,ceratonia/Fab.C.silX400wF(480)(0)F-1.png,3,3,0.99996424,ceratonia,ceratonia,Correct
62,ceratonia/Fab.C.silX400wF(480)(0)F-3.png,3,3,0.99368906,ceratonia,ceratonia,Correct
63,ceratonia/Fab.C.silX400wF(480)(0)F-5.png,3,3,0.9949269,ceratonia,ceratonia,Correct
64,ceratonia/Fab.C.silX400wF(480)(0)F-6.png,3,3,0.9996927,ceratonia,ceratonia,Correct
65,ebenus/Fab.E.creX400wF(693)(0)A-2.png,4,4,0.9999794,ebenus,ebenus,Correct
66,ebenus/Fab.E.creX400wF(697)(0)E-4.png,4,4,0.99998605,ebenus,ebenus,Correct
67,erica/Eri.E.maniX400wF(5356)(0)B-1.png,5,5,0.9999975,erica,erica,Correct
68,erica/Eri.E.maniX400wF(5356)(0)B-2.png,5,5,0.9999378,erica,erica,Correct
69,erica/Eri.E.maniX400wF(5357)(0)C-14.png,5,5,0.9999963,erica,erica,Correct
70,erica/Eri.E.maniX400wF(5357)(0)C-2.png,5,5,0.9999913,erica,erica,Correct
71,erica/Eri.E.maniX400wF(5357)(0)C-22.png,5,5,0.9998605,erica,erica,Correct
72,erica/Eri.E.maniX400wF(5358)(0)D-2.png,5,5,0.99994516,erica,erica,Correct
73,erica/Eri.E.maniX400wF(5358)(0)D-3.png,5,5,0.9999206,erica,erica,Correct
74,erica/Eri.E.maniX400wF(5359)(0)E-2.png,5,5,0.9974062,erica,erica,Correct
75,erica/Eri.E.maniX400wF(5360)(0)F-1.png,5,5,0.9999931,erica,erica,Correct
76,erica/Eri.E.maniX400wF(5360)(0)F-26.png,5,5,0.99998474,erica,erica,Correct
77,erica/Eri.E.maniX400wF(5360)(0)F-38.png,5,5,0.99990654,erica,erica,Correct
78,erica/Eri.E.maniX400wF(5361)(0)G-1.png,5,5,0.99978095,erica,erica,Correct
79,erica/Eri.E.maniX400wF(5361)(0)G-17.png,5,5,0.99996173,erica,erica,Correct
80,erica/Eri.E.maniX400wF(5361)(0)G-21.png,5,5,0.99969494,erica,erica,Correct
81,erica/Eri.E.maniX400wF(5362)(0)H-16.png,5,5,1.0,erica,erica,Correct
82,erica/Eri.E.maniX400wF(5362)(0)H-17.png,5,5,0.9999378,erica,erica,Correct
83,erica/Eri.E.maniX400wF(5363)(0)I-11.png,5,5,0.9997758,erica,erica,Correct
84,erica/Eri.E.maniX400wF(5363)(0)I-15.png,5,5,0.9999436,erica,erica,Correct
86,eucalyptus/Myr.E.camaX400wF(1867)(0)B-2.png,6,6,0.99998915,eucalyptus,eucalyptus,Correct
87,eucalyptus/Myr.E.camaX400wF(1867)(0)B-5.png,6,6,0.9999832,eucalyptus,eucalyptus,Correct
88,eucalyptus/Myr.E.camaX400wF(1868)(0)C-14.png,6,6,0.99954504,eucalyptus,eucalyptus,Correct
89,eucalyptus/Myr.E.camaX400wF(1869)(0)D-1.png,6,6,0.9173203,eucalyptus,eucalyptus,Correct
90,eucalyptus/Myr.E.camaX400wF(1869)(0)D-9.png,6,6,0.9767255,eucalyptus,eucalyptus,Correct
91,eucalyptus/Myr.E.camaX400wF(1870)(0)E-2.png,6,6,0.99250245,eucalyptus,eucalyptus,Correct
92,eucalyptus/Myr.E.camaX400wF(1871)(0)F-10.png,6,6,0.9999161,eucalyptus,eucalyptus,Correct
93,eucalyptus/Myr.E.camaX400wF(1871)(0)F-11.png,6,6,0.9999094,eucalyptus,eucalyptus,Correct
94,eucalyptus/Myr.E.camaX400wF(1872)(0)G-7.png,6,6,0.96445334,eucalyptus,eucalyptus,Correct
95,eucalyptus/Myr.E.camaX400wF(2962)(0)H-20.png,6,6,0.99079895,eucalyptus,eucalyptus,Correct
96,eucalyptus/Myr.E.camaX400wF(2963)(0)I-12.png,6,6,0.9997762,eucalyptus,eucalyptus,Correct
97,eucalyptus/Myr.E.camaX400wF(2964)(0)J-22.png,6,6,0.99492043,eucalyptus,eucalyptus,Correct
98,eucalyptus/Myr.E.camaX400wF(2964)(0)J-24.png,6,6,0.99999213,eucalyptus,eucalyptus,Correct
99,eucalyptus/Myr.E.camaX400wF(2965)(0)K-13.png,6,6,0.9999566,eucalyptus,eucalyptus,Correct
100,eucalyptus/Myr.E.camaX400wF(2965)(0)K-6.png,6,6,0.9997204,eucalyptus,eucalyptus,Correct
101,eucalyptus/Myr.E.camaX400wF(2966)(0)L-11.png,6,6,0.9992422,eucalyptus,eucalyptus,Correct
102,ferula/Api.F.comX400wF(2135)(0)A-10.png,7,7,0.9996418,ferula,ferula,Correct
103,ferula/Api.F.comX400wF(2135)(0)A-14.png,7,7,0.9999676,ferula,ferula,Correct
104,ferula/Api.F.comX400wF(2136)(0)B-4.png,7,7,0.99987555,ferula,ferula,Correct
105,ferula/Api.F.comX400wF(2136)(0)B-7.png,7,7,0.9999201,ferula,ferula,Correct
106,ferula/Api.F.comX400wF(2138)(0)D-12.png,7,7,0.99999785,ferula,ferula,Correct
107,ferula/Api.F.comX400wF(2138)(0)D-13.png,7,7,0.99999,ferula,ferula,Correct
108,ferula/Api.F.comX400wF(2138)(0)D-9.png,7,7,0.99999666,ferula,ferula,Correct
109,ferula/Api.F.comX400wF(2139)(0)E-3.png,7,7,0.99622935,ferula,ferula,Correct
110,myrtus/IMG_3734-105.png,8,8,0.9999964,myrtus,myrtus,Correct
111,myrtus/IMG_3734-108.png,8,8,0.9999999,myrtus,myrtus,Correct
112,myrtus/IMG_3734-47.png,8,8,0.99999917,myrtus,myrtus,Correct
113,myrtus/IMG_3734-63.png,8,8,0.99998,myrtus,myrtus,Correct
114,myrtus/IMG_3734-66.png,8,8,0.9998952,myrtus,myrtus,Correct
115,myrtus/IMG_3734-93.png,8,8,0.9999993,myrtus,myrtus,Correct
116,myrtus/IMG_3735-2.png,8,8,0.99998224,myrtus,myrtus,Correct
117,myrtus/IMG_3735-29.png,8,8,0.99999964,myrtus,myrtus,Correct
118,myrtus/IMG_3735-30.png,8,8,0.99999106,myrtus,myrtus,Correct
119,myrtus/IMG_3735-32.png,8,8,0.9999999,myrtus,myrtus,Correct
120,myrtus/IMG_3735-35.png,8,8,0.9999989,myrtus,myrtus,Correct
121,myrtus/IMG_3735-36.png,8,8,0.99999857,myrtus,myrtus,Correct
122,myrtus/IMG_3736-10.png,8,8,0.9999969,myrtus,myrtus,Correct
123,myrtus/IMG_3736-35.png,8,8,0.9999726,myrtus,myrtus,Correct
124,myrtus/IMG_3736-38.png,8,8,0.9999064,myrtus,myrtus,Correct
125,myrtus/IMG_3736-41.png,8,8,0.99999833,myrtus,myrtus,Correct
126,myrtus/IMG_3736-44.png,8,8,0.9999969,myrtus,myrtus,Correct
127,myrtus/IMG_3736-48.png,8,8,0.99999356,myrtus,myrtus,Correct
128,myrtus/IMG_3736-55.png,8,8,1.0,myrtus,myrtus,Correct
129,myrtus/IMG_3736-63.png,8,8,0.9999994,myrtus,myrtus,Correct
130,myrtus/IMG_3736-67.png,8,8,0.9999926,myrtus,myrtus,Correct
131,myrtus/IMG_3736-75.png,8,8,0.9999894,myrtus,myrtus,Correct
132,myrtus/IMG_3737-39.png,8,8,0.99999917,myrtus,myrtus,Correct
133,myrtus/IMG_3737-41.png,8,8,0.999998,myrtus,myrtus,Correct
134,myrtus/IMG_3737-47.png,8,8,0.9999956,myrtus,myrtus,Correct
135,myrtus/IMG_3737-54.png,8,8,0.99999595,myrtus,myrtus,Correct
136,myrtus/IMG_3737-61.png,8,8,0.99999857,myrtus,myrtus,Correct
137,myrtus/IMG_3737-63.png,8,8,0.99998593,myrtus,myrtus,Correct
138,myrtus/IMG_3737-9.png,8,8,1.0,myrtus,myrtus,Correct
139,myrtus/IMG_3738-10.png,8,8,0.9999987,myrtus,myrtus,Correct
140,myrtus/IMG_3738-123.png,8,8,0.9999461,myrtus,myrtus,Correct
141,myrtus/IMG_3738-129.png,8,8,0.99999976,myrtus,myrtus,Correct
142,myrtus/IMG_3738-139.png,8,8,0.89892334,myrtus,myrtus,Correct
143,myrtus/IMG_3738-156.png,8,8,0.9999831,myrtus,myrtus,Correct
144,myrtus/IMG_3738-3.png,8,8,0.99999547,myrtus,myrtus,Correct
145,myrtus/IMG_3738-31.png,8,8,0.9940574,myrtus,myrtus,Correct
146,myrtus/IMG_3738-33.png,8,8,0.99997926,myrtus,myrtus,Correct
147,myrtus/IMG_3738-42.png,8,8,0.9995946,myrtus,myrtus,Correct
148,myrtus/IMG_3738-46.png,8,8,0.9997439,myrtus,myrtus,Correct
149,myrtus/IMG_3738-51.png,8,8,0.9999999,myrtus,myrtus,Correct
150,myrtus/IMG_3738-6.png,8,8,0.9999894,myrtus,myrtus,Correct
151,myrtus/IMG_3738-60.png,8,8,0.9999994,myrtus,myrtus,Correct
152,myrtus/IMG_3738-73.png,8,8,0.99999917,myrtus,myrtus,Correct
153,myrtus/IMG_3738-78.png,8,8,0.9999999,myrtus,myrtus,Correct
154,myrtus/IMG_3738-90.png,8,8,0.9999362,myrtus,myrtus,Correct
155,myrtus/IMG_3741-17.png,8,8,0.9999957,myrtus,myrtus,Correct
156,myrtus/IMG_3741-4.png,8,8,0.9999975,myrtus,myrtus,Correct
157,myrtus/IMG_3741-49.png,8,8,0.9999988,myrtus,myrtus,Correct
158,myrtus/IMG_3741-61.png,8,8,0.99999976,myrtus,myrtus,Correct
159,myrtus/IMG_3742-46.png,8,8,0.99999833,myrtus,myrtus,Correct
160,myrtus/IMG_3742-48.png,8,8,0.9999877,myrtus,myrtus,Correct
161,myrtus/IMG_3743-24.png,8,8,0.9999995,myrtus,myrtus,Correct
162,myrtus/IMG_3743-39.png,8,8,0.99999964,myrtus,myrtus,Correct
163,myrtus/IMG_3743-6.png,8,8,0.99999785,myrtus,myrtus,Correct
164,myrtus/IMG_3744-12.png,8,8,0.99999964,myrtus,myrtus,Correct
165,myrtus/IMG_3744-42.png,8,8,1.0,myrtus,myrtus,Correct
166,myrtus/IMG_3744-5.png,8,8,0.9988035,myrtus,myrtus,Correct
167,myrtus/Myr.M.comX400wF(1095)(1091)A-29.png,8,8,0.999954,myrtus,myrtus,Correct
168,myrtus/Myr.M.comX400wF(1095)(1091)A-36.png,8,8,0.999997,myrtus,myrtus,Correct
169,myrtus/Myr.M.comX400wF(1095)(1091)A-42.png,8,8,0.99999976,myrtus,myrtus,Correct
170,myrtus/Myr.M.comX400wF(1095)(1091)A-43.png,8,8,0.99986994,myrtus,myrtus,Correct
171,myrtus/Myr.M.comX400wF(1095)(1091)A-50.png,8,8,0.99999917,myrtus,myrtus,Correct
172,myrtus/Myr.M.comX400wF(1095)(1091)A-53.png,8,8,0.9999542,myrtus,myrtus,Correct
173,myrtus/Myr.M.comX400wF(1095)(1091)A-6.png,8,8,0.9998865,myrtus,myrtus,Correct
174,myrtus/Myr.M.comX400wF(1095)(1091)A-68.png,8,8,0.99966145,myrtus,myrtus,Correct
175,myrtus/Myr.M.comX400wF(1095)(1091)A-7.png,8,8,0.9999995,myrtus,myrtus,Correct
176,myrtus/Myr.M.comX400wF(1095)(1091)A-71.png,8,8,0.9999962,myrtus,myrtus,Correct
177,myrtus/Myr.M.comX400wF(1095)(1091)A-72.png,8,8,0.9999962,myrtus,myrtus,Correct
178,myrtus/Myr.M.comX400wF(1095)(1091)A-74.png,8,8,0.99998105,myrtus,myrtus,Correct
179,myrtus/Myr.M.comX400wF(1095)(1091)A-75.png,8,8,0.9999572,myrtus,myrtus,Correct
180,myrtus/Myr.M.comX400wF(1095)(1091)A-89.png,8,8,0.99989665,myrtus,myrtus,Correct
181,myrtus/Myr.M.comX400wF(1097)(1090)C-23.png,8,8,0.9800345,myrtus,myrtus,Correct
182,myrtus/Myr.M.comX400wF(1097)(1090)C-55.png,8,8,0.99999774,myrtus,myrtus,Correct
183,myrtus/Myr.M.comX400wF(1097)(1090)C-57.png,8,8,0.9999945,myrtus,myrtus,Correct
184,myrtus/Myr.M.comX400wF(1097)(1090)C-62.png,8,8,0.9994499,myrtus,myrtus,Correct
185,myrtus/Myr.M.comX400wF(1097)(1090)C-66.png,8,8,0.9999683,myrtus,myrtus,Correct
186,myrtus/Myr.M.comX400wF(1097)(1090)C-81.png,8,8,0.9999999,myrtus,myrtus,Correct
187,myrtus/Myr.M.comX400wF(1097)(1090)C-86.png,8,8,0.9999989,myrtus,myrtus,Correct
188,myrtus/Myr.M.comX400wF(1097)(1090)C-88.png,8,8,0.9999076,myrtus,myrtus,Correct
189,olea/Ole.O.euroX400wF(4261)(0)A-16.png,9,9,0.99799216,olea,olea,Correct
190,olea/Ole.O.euroX400wF(4261)(0)A-2.png,9,9,0.99942124,olea,olea,Correct
191,olea/Ole.O.euroX400wF(4261)(0)A-27.png,9,9,0.99999666,olea,olea,Correct
192,olea/Ole.O.euroX400wF(4261)(0)A-28.png,9,9,0.99993205,olea,olea,Correct
193,olea/Ole.O.euroX400wF(4261)(0)A-31.png,9,9,0.99951553,olea,olea,Correct
194,olea/Ole.O.euroX400wF(4261)(0)A-45.png,9,9,0.9847766,olea,olea,Correct
195,olea/Ole.O.euroX400wF(4261)(0)A-53.png,9,9,0.99920696,olea,olea,Correct
196,olea/Ole.O.euroX400wF(4261)(0)A-8.png,9,9,0.996942,olea,olea,Correct
197,olea/Ole.O.euroX400wF(4263)(0)C-1.png,9,9,0.99991024,olea,olea,Correct
198,olea/Ole.O.euroX400wF(4263)(0)C-103.png,9,9,0.9999989,olea,olea,Correct
199,olea/Ole.O.euroX400wF(4263)(0)C-116.png,9,9,0.9999969,olea,olea,Correct
200,olea/Ole.O.euroX400wF(4263)(0)C-118.png,9,9,0.99999166,olea,olea,Correct
201,olea/Ole.O.euroX400wF(4263)(0)C-131.png,9,9,0.9999944,olea,olea,Correct
202,olea/Ole.O.euroX400wF(4263)(0)C-133.png,9,9,0.99999547,olea,olea,Correct
203,olea/Ole.O.euroX400wF(4263)(0)C-138.png,9,9,0.999967,olea,olea,Correct
204,olea/Ole.O.euroX400wF(4263)(0)C-139.png,9,9,0.999803,olea,olea,Correct
205,olea/Ole.O.euroX400wF(4263)(0)C-16.png,9,9,0.999972,olea,olea,Correct
206,olea/Ole.O.euroX400wF(4263)(0)C-21.png,9,9,0.9999547,olea,olea,Correct
207,olea/Ole.O.euroX400wF(4263)(0)C-56.png,9,9,0.999964,olea,olea,Correct
208,olea/Ole.O.euroX400wF(4263)(0)C-62.png,9,9,0.99994195,olea,olea,Correct
209,olea/Ole.O.euroX400wF(4263)(0)C-64.png,9,9,0.99999046,olea,olea,Correct
210,olea/Ole.O.euroX400wF(4263)(0)C-78.png,9,9,0.9997211,olea,olea,Correct
211,olea/Ole.O.euroX400wF(4263)(0)C-82.png,9,9,0.99980646,olea,olea,Correct
212,olea/Ole.O.euroX400wF(4263)(0)C-84.png,9,9,0.9999951,olea,olea,Correct
213,olea/Ole.O.euroX400wF(4263)(0)C-87.png,9,9,0.9999975,olea,olea,Correct
214,olea/Ole.O.euroX400wF(4263)(0)C-90.png,9,9,0.999998,olea,olea,Correct
215,olea/Ole.O.euroX400wF(4263)(0)C-99.png,9,9,0.99998164,olea,olea,Correct
216,olea/Ole.O.euroX400wF(4264)(0)D-104.png,9,9,0.9998821,olea,olea,Correct
217,olea/Ole.O.euroX400wF(4264)(0)D-105.png,9,9,1.0,olea,olea,Correct
218,olea/Ole.O.euroX400wF(4264)(0)D-128.png,9,9,0.99999857,olea,olea,Correct
219,olea/Ole.O.euroX400wF(4264)(0)D-134.png,9,9,0.99964523,olea,olea,Correct
220,olea/Ole.O.euroX400wF(4264)(0)D-142.png,9,9,0.9999931,olea,olea,Correct
221,olea/Ole.O.euroX400wF(4264)(0)D-153.png,9,9,0.9999865,olea,olea,Correct
222,olea/Ole.O.euroX400wF(4264)(0)D-155.png,9,9,0.99999785,olea,olea,Correct
223,olea/Ole.O.euroX400wF(4264)(0)D-162.png,9,9,0.9999976,olea,olea,Correct
224,olea/Ole.O.euroX400wF(4264)(0)D-22.png,9,9,0.9999962,olea,olea,Correct
225,olea/Ole.O.euroX400wF(4264)(0)D-35.png,9,9,0.9999459,olea,olea,Correct
226,olea/Ole.O.euroX400wF(4264)(0)D-50.png,9,9,0.99999964,olea,olea,Correct
227,olea/Ole.O.euroX400wF(4264)(0)D-81.png,9,9,0.9998988,olea,olea,Correct
228,olea/Ole.O.euroX400wF(4264)(0)D-82.png,9,9,0.9999989,olea,olea,Correct
229,olea/Ole.O.euroX400wF(4264)(0)D-91.png,9,9,0.9999664,olea,olea,Correct
230,olea/Ole.O.euroX400wF(4264)(0)D-97.png,9,9,0.99963486,olea,olea,Correct
231,olea/Ole.O.euroX400wF(4265)(0)E-102.png,9,9,0.99999774,olea,olea,Correct
232,olea/Ole.O.euroX400wF(4265)(0)E-106.png,9,9,0.9999865,olea,olea,Correct
233,olea/Ole.O.euroX400wF(4265)(0)E-117.png,9,9,0.9999924,olea,olea,Correct
234,olea/Ole.O.euroX400wF(4265)(0)E-127.png,9,9,0.99985635,olea,olea,Correct
235,olea/Ole.O.euroX400wF(4265)(0)E-13.png,9,9,0.99986804,olea,olea,Correct
236,olea/Ole.O.euroX400wF(4265)(0)E-130.png,9,9,0.9999908,olea,olea,Correct
237,olea/Ole.O.euroX400wF(4265)(0)E-165.png,9,9,0.999905,olea,olea,Correct
238,olea/Ole.O.euroX400wF(4265)(0)E-166.png,9,9,0.99999523,olea,olea,Correct
239,olea/Ole.O.euroX400wF(4265)(0)E-167.png,9,9,0.99993706,olea,olea,Correct
240,olea/Ole.O.euroX400wF(4265)(0)E-168.png,9,9,0.9992099,olea,olea,Correct
241,olea/Ole.O.euroX400wF(4265)(0)E-186.png,9,9,0.9996866,olea,olea,Correct
242,olea/Ole.O.euroX400wF(4265)(0)E-188.png,9,9,0.99987173,olea,olea,Correct
243,olea/Ole.O.euroX400wF(4265)(0)E-199.png,9,9,0.9990515,olea,olea,Correct
244,olea/Ole.O.euroX400wF(4265)(0)E-214.png,9,9,0.9994541,olea,olea,Correct
245,olea/Ole.O.euroX400wF(4265)(0)E-219.png,9,9,0.99998736,olea,olea,Correct
246,olea/Ole.O.euroX400wF(4265)(0)E-220.png,9,9,0.99338406,olea,olea,Correct
247,olea/Ole.O.euroX400wF(4265)(0)E-40.png,9,9,0.99453175,olea,olea,Correct
248,olea/Ole.O.euroX400wF(4265)(0)E-53.png,9,9,0.9998405,olea,olea,Correct
249,olea/Ole.O.euroX400wF(4265)(0)E-62.png,9,9,0.99999976,olea,olea,Correct
250,olea/Ole.O.euroX400wF(4265)(0)E-69.png,9,9,0.99997103,olea,olea,Correct
251,olea/Ole.O.euroX400wF(4265)(0)E-74.png,9,9,0.99998796,olea,olea,Correct
252,olea/Ole.O.euroX400wF(4266)(0)F-10.png,9,9,0.9999465,olea,olea,Correct
253,olea/Ole.O.euroX400wF(4266)(0)F-114.png,9,9,0.99941194,olea,olea,Correct
254,olea/Ole.O.euroX400wF(4266)(0)F-15.png,9,9,0.99986327,olea,olea,Correct
255,olea/Ole.O.euroX400wF(4266)(0)F-22.png,9,9,0.9999528,olea,olea,Correct
256,olea/Ole.O.euroX400wF(4266)(0)F-38.png,9,9,0.9999939,olea,olea,Correct
257,olea/Ole.O.euroX400wF(4266)(0)F-54.png,9,9,0.99999547,olea,olea,Correct
258,olea/Ole.O.euroX400wF(4266)(0)F-6.png,9,9,0.9999912,olea,olea,Correct
259,olea/Ole.O.euroX400wF(4266)(0)F-68.png,9,9,0.99998474,olea,olea,Correct
260,olea/Ole.O.euroX400wF(4266)(0)F-92.png,9,9,0.9972344,olea,olea,Correct
261,olea/Ole.O.euroX400wF(4266)(0)F-99.png,9,9,0.9999968,olea,olea,Correct
262,olea/Ole.O.euroX400wF(4267)(0)G-14.png,9,9,0.99904424,olea,olea,Correct
263,olea/Ole.O.euroX400wF(4267)(0)G-17.png,9,9,0.99997807,olea,olea,Correct
264,olea/Ole.O.euroX400wF(4267)(0)G-26.png,9,9,0.99994063,olea,olea,Correct
265,olea/Ole.O.euroX400wF(4267)(0)G-41.png,9,9,0.99837494,olea,olea,Correct
266,olea/Ole.O.euroX400wF(4267)(0)G-47.png,9,9,0.9996377,olea,olea,Correct
267,olea/Ole.O.euroX400wF(4267)(0)G-49.png,9,9,0.9999751,olea,olea,Correct
268,origanum/Lam.O.micX400wF(884)(0)A-16.png,10,10,0.999592,origanum,origanum,Correct
269,origanum/Lam.O.micX400wF(884)(0)A-3.png,10,10,0.9951769,origanum,origanum,Correct
270,origanum/Lam.O.micX400wF(884)(0)A-8.png,10,10,0.9962586,origanum,origanum,Correct
271,origanum/Lam.O.micX400wF(885)(0)B-2.png,10,10,0.9996377,origanum,origanum,Correct
272,origanum/Lam.O.micX400wF(886)(0)C-16.png,10,10,0.9999981,origanum,origanum,Correct
273,origanum/Lam.O.micX400wF(886)(0)C-39.png,10,10,0.9997067,origanum,origanum,Correct
274,origanum/Lam.O.micX400wF(886)(0)C-58.png,10,10,0.9999974,origanum,origanum,Correct
275,origanum/Lam.O.micX400wF(886)(0)C-6.png,10,10,0.99998665,origanum,origanum,Correct
276,origanum/Lam.O.micX400wF(887)(0)D-4.png,10,10,0.9999207,origanum,origanum,Correct
277,origanum/Lam.O.micX400wF(888)(0)E-4.png,10,10,0.9919046,origanum,origanum,Correct
278,origanum/Lam.O.micX400wF(888)(0)E-5.png,10,10,0.9999926,origanum,origanum,Correct
279,origanum/Lam.O.micX400wF(889)(0)F-17.png,10,10,0.99999356,origanum,origanum,Correct
280,origanum/Lam.O.micX400wF(889)(0)F-3.png,10,10,0.9999993,origanum,origanum,Correct
281,origanum/Lam.O.micX400wF(889)(0)F-45.png,10,10,0.99999595,origanum,origanum,Correct
282,origanum/Lam.O.micX400wF(889)(0)F-51.png,10,10,0.9997491,origanum,origanum,Correct
283,origanum/Lam.O.micX400wF(889)(0)F-6.png,10,10,0.9999547,origanum,origanum,Correct
284,origanum/Lam.O.micX400wF(889)(0)F-8.png,10,10,0.99992883,origanum,origanum,Correct
285,oxalis/Oxa.O.pes.cX400wF(1733)(0)A-12.png,11,11,0.99999905,oxalis,oxalis,Correct
286,oxalis/Oxa.O.pes.cX400wF(1733)(0)A-3.png,11,11,0.9827839,oxalis,oxalis,Correct
287,oxalis/Oxa.O.pes.cX400wF(1733)(0)A-4.png,11,11,0.99999857,oxalis,oxalis,Correct
288,oxalis/Oxa.O.pes.cX400wF(1735)(0)C-9.png,11,11,0.99999845,oxalis,oxalis,Correct
289,oxalis/Oxa.O.pes.cX400wF(1736)(0)D-4.png,11,11,1.0,oxalis,oxalis,Correct
291,oxalis/Oxa.O.pes.cX400wF(1738)(0)F-10.png,11,11,0.99999547,oxalis,oxalis,Correct
292,oxalis/Oxa.O.pes.cX400wF(1739)(0)G-8.png,11,11,0.9999937,oxalis,oxalis,Correct
293,oxalis/Oxa.O.pes.cX400wF(1740)(0)H-2.png,11,11,0.9976866,oxalis,oxalis,Correct
294,oxalis/Oxa.O.pes.cX400wF(1741)(0)I-2.png,11,11,0.9999417,oxalis,oxalis,Correct
295,oxalis/Oxa.O.pes.cX400wF(1741)(0)I-9.png,11,11,0.99999905,oxalis,oxalis,Correct
296,oxalis/Oxa.O.pes.cX400wF(1743)(0)K-19.png,11,11,0.9999974,oxalis,oxalis,Correct
297,oxalis/Oxa.O.pes.cX400wF(1743)(0)K-2.png,11,11,0.9996013,oxalis,oxalis,Correct
298,oxalis/Oxa.O.pes.cX400wF(1743)(0)K-24.png,11,11,0.99997044,oxalis,oxalis,Correct
299,pinus/Pin.P.brutX400wF(3171)(0)A-5.png,12,12,1.0,pinus,pinus,Correct
300,pinus/Pin.P.brutX400wF(3173)(0)C-2.png,12,12,1.0,pinus,pinus,Correct
301,pinus/Pin.P.brutX400wF(3177)(0)G-3.png,12,12,1.0,pinus,pinus,Correct
302,pistacia/Ana.P.tereX400wF(3223)(0)B-3.png,13,13,0.99993694,pistacia,pistacia,Correct
303,pistacia/Ana.P.tereX400wF(3224)(0)C-8.png,13,13,0.99998903,pistacia,pistacia,Correct
304,pistacia/Ana.P.tereX400wF(3227)(0)F-5.png,13,13,0.9999974,pistacia,pistacia,Correct
305,salvia/Lam.S.triX400wF(2188)(0)A-6.png,14,14,0.9999871,salvia,salvia,Correct
306,salvia/Lam.S.triX400wF(2189)(0)B-20.png,14,14,0.99999964,salvia,salvia,Correct
307,salvia/Lam.S.triX400wF(2189)(0)B-52.png,14,14,0.9999745,salvia,salvia,Correct
308,salvia/Lam.S.triX400wF(2189)(0)B-60.png,14,14,0.99999833,salvia,salvia,Correct
309,salvia/Lam.S.triX400wF(2190)(0)C-18.png,14,14,0.99999833,salvia,salvia,Correct
310,salvia/Lam.S.triX400wF(2190)(0)C-8.png,14,14,0.9656356,salvia,salvia,Correct
311,salvia/Lam.S.triX400wF(2191)(0)D-1.png,14,14,0.99999094,salvia,salvia,Correct
312,salvia/Lam.S.triX400wF(2191)(0)D-10.png,14,14,0.99999523,salvia,salvia,Correct
313,salvia/Lam.S.triX400wF(2191)(0)D-15.png,14,14,0.99992085,salvia,salvia,Correct
314,salvia/Lam.S.triX400wF(2191)(0)D-19.png,14,14,0.9999993,salvia,salvia,Correct
315,salvia/Lam.S.triX400wF(2191)(0)D-24.png,14,14,0.9999938,salvia,salvia,Correct
316,salvia/Lam.S.triX400wF(2191)(0)D-30.png,14,14,0.9999999,salvia,salvia,Correct
317,salvia/Lam.S.triX400wF(2191)(0)D-7.png,14,14,0.99999976,salvia,salvia,Correct
318,salvia/Lam.S.triX400wF(2192)(0)E-1.png,14,14,0.9999951,salvia,salvia,Correct
319,salvia/Lam.S.triX400wF(2192)(0)E-3.png,14,14,0.9999943,salvia,salvia,Correct
320,salvia/Lam.S.triX400wF(2192)(0)E-4.png,14,14,0.99993575,salvia,salvia,Correct
321,salvia/Lam.S.triX400wF(2193)(0)F-13.png,14,14,0.99944717,salvia,salvia,Correct
322,salvia/Lam.S.triX400wF(2193)(0)F-4.png,14,14,0.99973077,salvia,salvia,Correct
323,satureja/Lam.S.thyX400wF(942)(935)B-7.png,15,15,0.99987376,satureja,satureja,Correct
324,satureja/Lam.S.thyX400wF(943)(990)C-5.png,15,15,0.99904746,satureja,satureja,Correct
325,satureja/Lam.S.thyX400wF(944)(940)E-1.png,15,15,0.99997115,satureja,satureja,Correct
326,satureja/Lam.S.thyX400wF(944)(940)E-14.png,15,15,0.99513996,satureja,satureja,Correct
327,satureja/Lam.S.thyX400wF(944)(940)E-16.png,15,15,0.9998184,satureja,satureja,Correct
329,satureja/Lam.S.thyX400wF(947)(0)H-5.png,15,15,0.85669595,satureja,satureja,Correct
330,sinapis/Bra.S.albX400wF(2150)(0)A-7.png,16,16,0.96481645,sinapis,sinapis,Correct
331,sinapis/Bra.S.albX400wF(2151)(0)B-11.png,16,16,0.99999917,sinapis,sinapis,Correct
332,sinapis/Bra.S.albX400wF(2151)(0)B-23.png,16,16,0.9999362,sinapis,sinapis,Correct
333,sinapis/Bra.S.albX400wF(2151)(0)B-25.png,16,16,0.9999672,sinapis,sinapis,Correct
334,sinapis/Bra.S.albX400wF(2151)(0)B-26.png,16,16,0.99741495,sinapis,sinapis,Correct
335,sinapis/Bra.S.albX400wF(2152)(0)C-23.png,16,16,0.88501185,sinapis,sinapis,Correct
336,sinapis/Bra.S.albX400wF(2153)(0)D-13.png,16,16,0.99999714,sinapis,sinapis,Correct
337,sinapis/Bra.S.albX400wF(2153)(0)D-24.png,16,16,0.9996375,sinapis,sinapis,Correct
339,sinapis/Bra.S.albX400wF(2154)(0)E-20.png,16,16,0.99999416,sinapis,sinapis,Correct
340,sinapis/Bra.S.albX400wF(2155)(0)F-12.png,16,16,0.9999982,sinapis,sinapis,Correct
341,sinapis/Bra.S.albX400wF(2155)(0)F-18.png,16,16,0.9999988,sinapis,sinapis,Correct
342,sinapis/IMG_3701-6.png,16,16,0.9999771,sinapis,sinapis,Correct
343,sinapis/IMG_3704-14.png,16,16,0.99981135,sinapis,sinapis,Correct
344,sinapis/IMG_3704-5.png,16,16,0.9998672,sinapis,sinapis,Correct
345,sinapis/IMG_3706-11.png,16,16,0.9999052,sinapis,sinapis,Correct
346,sinapis/IMG_3706-5.png,16,16,0.9999759,sinapis,sinapis,Correct
347,sinapis/IMG_3706-6.png,16,16,0.999818,sinapis,sinapis,Correct
348,sinapis/IMG_3708-1.png,16,16,0.9999825,sinapis,sinapis,Correct
349,sinapis/IMG_3708-4.png,16,16,0.9999788,sinapis,sinapis,Correct
350,thymbra/Lam.T.capX400wF(1029)(0)A-1.png,17,17,0.9990834,thymbra,thymbra,Correct
351,thymbra/Lam.T.capX400wF(1029)(0)A-17.png,17,17,0.9991716,thymbra,thymbra,Correct
352,thymbra/Lam.T.capX400wF(1029)(0)A-25.png,17,17,0.9362809,thymbra,thymbra,Correct
353,thymbra/Lam.T.capX400wF(1029)(0)A-27.png,17,17,0.99825627,thymbra,thymbra,Correct
354,thymbra/Lam.T.capX400wF(1030)(0)B-2.png,17,17,0.96101755,thymbra,thymbra,Correct
355,thymbra/Lam.T.capX400wF(1031)(0)C-11.png,17,17,0.96593785,thymbra,thymbra,Correct
356,thymbra/Lam.T.capX400wF(1031)(0)C-13.png,17,17,0.82215077,thymbra,thymbra,Correct
357,thymbra/Lam.T.capX400wF(1031)(0)C-14.png,17,17,0.9980725,thymbra,thymbra,Correct
358,thymbra/Lam.T.capX400wF(1032)(0)D-1.png,17,17,0.99267274,thymbra,thymbra,Correct
359,thymbra/Lam.T.capX400wF(1033)(0)E-11.png,17,17,0.9995295,thymbra,thymbra,Correct
360,thymbra/x40 f (1)-4.png,17,17,0.9741745,thymbra,thymbra,Correct
361,thymbra/x40 f (4)-19.png,17,17,0.9999813,thymbra,thymbra,Correct
362,thymbra/x40 f (5)-1.png,17,17,0.9940877,thymbra,thymbra,Correct
363,thymbra/x40 f (6)-5.png,17,17,0.38020054,thymbra,thymbra,Correct
364,thymbra/x40 f (6)-7.png,17,17,0.9913782,thymbra,thymbra,Correct
365,urginea/Asp.U.marX400wF(5317)(0)A-5.png,18,18,0.9999919,urginea,urginea,Correct
366,urginea/Asp.U.marX400wF(5318)(0)B-1.png,18,18,0.9999993,urginea,urginea,Correct
367,urginea/Asp.U.marX400wF(5318)(0)B-2.png,18,18,0.999997,urginea,urginea,Correct
368,urginea/Asp.U.marX400wF(5319)(0)C-1.png,18,18,0.9999987,urginea,urginea,Correct
369,urginea/Asp.U.marX400wF(5320)(0)D-1.png,18,18,0.9999932,urginea,urginea,Correct
370,urginea/Asp.U.marX400wF(5320)(0)D-3.png,18,18,0.9999974,urginea,urginea,Correct
371,urginea/Asp.U.marX400wF(5322)(0)F-7.png,18,18,0.9850145,urginea,urginea,Correct
372,urginea/Asp.U.marX400wF(5323)(0)G-15.png,18,18,0.9963096,urginea,urginea,Correct
373,urginea/Asp.U.marX400wF(5323)(0)G-7.png,18,18,0.9999944,urginea,urginea,Correct
374,urginea/Asp.U.marX400wF(5324)(0)H-9.png,18,18,0.9999032,urginea,urginea,Correct
375,vitis/Vit.V.viniX400wF(4978)(0)A-18.png,19,19,0.9999982,vitis,vitis,Correct
376,vitis/Vit.V.viniX400wF(4978)(0)A-7.png,19,19,0.9999993,vitis,vitis,Correct
377,vitis/Vit.V.viniX400wF(4978)(0)A-9.png,19,19,0.99999833,vitis,vitis,Correct
378,vitis/Vit.V.viniX400wF(4979)(0)B-18.png,19,19,0.9997831,vitis,vitis,Correct
379,vitis/Vit.V.viniX400wF(4979)(0)B-20.png,19,19,0.9999987,vitis,vitis,Correct
380,vitis/Vit.V.viniX400wF(4979)(0)B-7.png,19,19,0.9999957,vitis,vitis,Correct
381,vitis/Vit.V.viniX400wF(4980)(0)C-14.png,19,19,0.98812217,vitis,vitis,Correct
382,vitis/Vit.V.viniX400wF(4980)(0)C-9.png,19,19,0.9999639,vitis,vitis,Correct
383,vitis/Vit.V.viniX400wF(4981)(0)D-24.png,19,19,0.99997747,vitis,vitis,Correct
384,vitis/Vit.V.viniX400wF(4981)(0)D-26.png,19,19,0.9999988,vitis,vitis,Correct
385,vitis/Vit.V.viniX400wF(4981)(0)D-37.png,19,19,0.9999958,vitis,vitis,Correct
386,vitis/Vit.V.viniX400wF(4981)(0)D-41.png,19,19,0.99999976,vitis,vitis,Correct
387,vitis/Vit.V.viniX400wF(4982)(0)E-20.png,19,19,0.9999989,vitis,vitis,Correct
388,vitis/Vit.V.viniX400wF(4982)(0)E-21.png,19,19,0.99982834,vitis,vitis,Correct
389,vitis/Vit.V.viniX400wF(4982)(0)E-27.png,19,19,0.9995066,vitis,vitis,Correct
390,vitis/Vit.V.viniX400wF(4982)(0)E-28.png,19,19,0.9999132,vitis,vitis,Correct
391,vitis/Vit.V.viniX400wF(4982)(0)E-32.png,19,19,0.99989843,vitis,vitis,Correct
392,vitis/Vit.V.viniX400wF(4982)(0)E-40.png,19,19,0.99896693,vitis,vitis,Correct
393,vitis/Vit.V.viniX400wF(4983)(0)F-2.png,19,19,0.9973283,vitis,vitis,Correct
394,vitis/Vit.V.viniX400wF(4983)(0)F-28.png,19,19,0.9996388,vitis,vitis,Correct
395,vitis/Vit.V.viniX400wF(4984)(0)G-19.png,19,19,0.9999777,vitis,vitis,Correct
396,vitis/Vit.V.viniX400wF(4984)(0)G-2.png,19,19,0.99045664,vitis,vitis,Correct
397,vitis/Vit.V.viniX400wF(4984)(0)G-4.png,19,19,0.9971691,vitis,vitis,Correct
398,vitis/Vit.V.viniX400wF(4985)(0)H-22.png,19,19,0.9999999,vitis,vitis,Correct
399,vitis/Vit.V.viniX400wF(4985)(0)H-26.png,19,19,0.99999976,vitis,vitis,Correct
400,vitis/Vit.V.viniX400wF(4985)(0)H-38.png,19,19,0.9999534,vitis,vitis,Correct
401,vitis/Vit.V.viniX400wF(4985)(0)H-43.png,19,19,0.99997723,vitis,vitis,Correct
0,asphodelus/Asp.A.ramX400wF(1988)(0)E-2.png,0,0,0.9997235,asphodelus,asphodelus,Correct
1,asphodelus/Asp.A.ramX400wF(1988)(0)E-5.png,0,0,0.9999995,asphodelus,asphodelus,Correct
2,asphodelus/Asp.A.ramX400wF(1990)(0)G-4.png,0,0,0.9999924,asphodelus,asphodelus,Correct
3,calicotome/Fab.C.vilX400wF(2016)(0)A-23.png,1,1,0.99930346,calicotome,calicotome,Correct
4,calicotome/Fab.C.vilX400wF(2016)(0)A-7.png,1,1,0.99998915,calicotome,calicotome,Correct
5,calicotome/Fab.C.vilX400wF(2017)(0)B-8.png,1,1,0.9999417,calicotome,calicotome,Correct
6,calicotome/Fab.C.vilX400wF(2017)(0)B-9.png,1,1,0.9999999,calicotome,calicotome,Correct
7,calicotome/Fab.C.vilX400wF(2018)(0)C-11.png,1,1,0.89324486,calicotome,calicotome,Correct
8,calicotome/Fab.C.vilX400wF(2018)(0)C-7.png,1,1,0.9566243,calicotome,calicotome,Correct
9,calicotome/Fab.C.vilX400wF(2019)(0)D-104.png,1,1,0.9999974,calicotome,calicotome,Correct
10,calicotome/Fab.C.vilX400wF(2019)(0)D-110.png,1,1,0.9999894,calicotome,calicotome,Correct
11,calicotome/Fab.C.vilX400wF(2019)(0)D-111.png,1,1,0.9999999,calicotome,calicotome,Correct
12,calicotome/Fab.C.vilX400wF(2019)(0)D-117.png,1,1,0.99999917,calicotome,calicotome,Correct
13,calicotome/Fab.C.vilX400wF(2019)(0)D-26.png,1,1,0.9998754,calicotome,calicotome,Correct
14,calicotome/Fab.C.vilX400wF(2019)(0)D-39.png,1,1,0.5291841,calicotome,calicotome,Correct
15,calicotome/Fab.C.vilX400wF(2019)(0)D-41.png,1,1,0.9999404,calicotome,calicotome,Correct
16,calicotome/Fab.C.vilX400wF(2019)(0)D-46.png,1,1,0.9999857,calicotome,calicotome,Correct
17,calicotome/Fab.C.vilX400wF(2019)(0)D-52.png,1,1,1.0,calicotome,calicotome,Correct
18,calicotome/Fab.C.vilX400wF(2019)(0)D-60.png,1,1,0.99999726,calicotome,calicotome,Correct
19,calicotome/Fab.C.vilX400wF(2019)(0)D-61.png,1,1,0.9999999,calicotome,calicotome,Correct
20,calicotome/Fab.C.vilX400wF(2019)(0)D-68.png,1,1,1.0,calicotome,calicotome,Correct
21,calicotome/Fab.C.vilX400wF(2019)(0)D-81.png,1,1,0.99999857,calicotome,calicotome,Correct
22,calicotome/Fab.C.vilX400wF(2019)(0)D-87.png,1,1,0.99999917,calicotome,calicotome,Correct
23,calicotome/Fab.C.vilX400wF(2020)(0)E-102.png,1,1,0.9999995,calicotome,calicotome,Correct
24,calicotome/Fab.C.vilX400wF(2020)(0)E-111.png,1,1,0.9999608,calicotome,calicotome,Correct
25,calicotome/Fab.C.vilX400wF(2020)(0)E-2.png,1,1,0.99999964,calicotome,calicotome,Correct
26,calicotome/Fab.C.vilX400wF(2020)(0)E-24.png,1,1,0.9999988,calicotome,calicotome,Correct
27,calicotome/Fab.C.vilX400wF(2020)(0)E-42.png,1,1,0.99999917,calicotome,calicotome,Correct
28,calicotome/Fab.C.vilX400wF(2020)(0)E-47.png,1,1,0.99997914,calicotome,calicotome,Correct
29,calicotome/Fab.C.vilX400wF(2020)(0)E-71.png,1,1,0.99999964,calicotome,calicotome,Correct
30,calicotome/Fab.C.vilX400wF(2020)(0)E-77.png,1,1,0.9999989,calicotome,calicotome,Correct
31,calicotome/Fab.C.vilX400wF(2020)(0)E-8.png,1,1,0.99999976,calicotome,calicotome,Correct
32,calicotome/Fab.C.vilX400wF(2020)(0)E-84.png,1,1,0.9999999,calicotome,calicotome,Correct
33,castanea/Fag.C.satX400wF(781)(0)A-10.png,2,2,1.0,castanea,castanea,Correct
34,castanea/Fag.C.satX400wF(781)(0)A-14.png,2,2,1.0,castanea,castanea,Correct
35,castanea/Fag.C.satX400wF(781)(0)A-16.png,2,2,1.0,castanea,castanea,Correct
36,castanea/Fag.C.satX400wF(783)(0)C-1.png,2,2,1.0,castanea,castanea,Correct
37,castanea/Fag.C.satX400wF(784)(0)D-19.png,2,2,0.9999995,castanea,castanea,Correct
38,castanea/Fag.C.satX400wF(784)(0)D-22.png,2,2,1.0,castanea,castanea,Correct
39,castanea/Fag.C.satX400wF(784)(0)D-3.png,2,2,1.0,castanea,castanea,Correct
40,castanea/Fag.C.satX400wF(784)(0)D-4.png,2,2,1.0,castanea,castanea,Correct
41,castanea/Fag.C.satX400wF(785)(0)E-7.png,2,2,1.0,castanea,castanea,Correct
42,castanea/Fag.C.satX400wF(786)(0)F-3.png,2,2,1.0,castanea,castanea,Correct
43,castanea/Fag.C.satX400wF(786)(0)F-4.png,2,2,1.0,castanea,castanea,Correct
44,castanea/Fag.C.satX400wF(786)(0)F-6.png,2,2,0.9999999,castanea,castanea,Correct
45,castanea/Fag.C.satX400wF(786)(0)F-9.png,2,2,1.0,castanea,castanea,Correct
46,castanea/Fag.C.satX400wF(792)(781)G-37.png,2,2,0.9999995,castanea,castanea,Correct
47,castanea/Fag.C.satX400wF(792)(781)G-47.png,2,2,0.99999666,castanea,castanea,Correct
48,castanea/Fag.C.satX400wF(792)(781)G-5.png,2,2,0.99999976,castanea,castanea,Correct
49,castanea/Fag.C.satX400wF(792)(781)G-55.png,2,2,1.0,castanea,castanea,Correct
50,castanea/Fag.C.satX400wF(792)(781)G-8.png,2,2,1.0,castanea,castanea,Correct
51,castanea/Fag.C.satX400wF(793)(781)H-14.png,2,2,1.0,castanea,castanea,Correct
52,castanea/Fag.C.satX400wF(793)(781)H-17.png,2,2,1.0,castanea,castanea,Correct
53,castanea/Fag.C.satX400wF(793)(781)H-22.png,2,2,0.9999995,castanea,castanea,Correct
54,castanea/Fag.C.satX400wF(793)(781)H-46.png,2,2,0.9999999,castanea,castanea,Correct
55,ceratonia/Fab.C.silX400wF(475)(0)A-18.png,3,3,0.99976474,ceratonia,ceratonia,Correct
56,ceratonia/Fab.C.silX400wF(476)(0)B-8.png,3,3,0.62387925,ceratonia,ceratonia,Correct
57,ceratonia/Fab.C.silX400wF(477)(0)C-2.png,3,3,0.9993518,ceratonia,ceratonia,Correct
58,ceratonia/Fab.C.silX400wF(478)(0)D-1.png,3,3,0.999821,ceratonia,ceratonia,Correct
59,ceratonia/Fab.C.silX400wF(478)(0)D-2.png,3,3,0.9994419,ceratonia,ceratonia,Correct
60,ceratonia/Fab.C.silX400wF(479)(0)E-4.png,3,3,0.98202914,ceratonia,ceratonia,Correct
63,ceratonia/Fab.C.silX400wF(481)(0)G-13.png,3,3,0.78756195,ceratonia,ceratonia,Correct
64,ceratonia/Fab.C.silX400wF(481)(0)G-9.png,3,3,0.9892554,ceratonia,ceratonia,Correct
65,ebenus/Fab.E.creX400wF(694)(0)B-5.png,4,4,0.9999882,ebenus,ebenus,Correct
66,ebenus/Fab.E.creX400wF(696)(0)D-1.png,4,4,0.9999815,ebenus,ebenus,Correct
67,erica/Eri.E.maniX400wF(5355)(0)A-13.png,5,5,0.9999634,erica,erica,Correct
68,erica/Eri.E.maniX400wF(5355)(0)A-19.png,5,5,0.99991345,erica,erica,Correct
69,erica/Eri.E.maniX400wF(5355)(0)A-20.png,5,5,0.9936986,erica,erica,Correct
70,erica/Eri.E.maniX400wF(5355)(0)A-4.png,5,5,0.9990689,erica,erica,Correct
71,erica/Eri.E.maniX400wF(5356)(0)B-17.png,5,5,0.9665559,erica,erica,Correct
72,erica/Eri.E.maniX400wF(5356)(0)B-7.png,5,5,0.99969065,erica,erica,Correct
73,erica/Eri.E.maniX400wF(5357)(0)C-1.png,5,5,0.9992576,erica,erica,Correct
74,erica/Eri.E.maniX400wF(5357)(0)C-20.png,5,5,0.5711789,erica,erica,Correct
75,erica/Eri.E.maniX400wF(5357)(0)C-25.png,5,5,0.9997905,erica,erica,Correct
76,erica/Eri.E.maniX400wF(5357)(0)C-6.png,5,5,0.99977225,erica,erica,Correct
77,erica/Eri.E.maniX400wF(5358)(0)D-14.png,5,5,0.99991715,erica,erica,Correct
78,erica/Eri.E.maniX400wF(5358)(0)D-8.png,5,5,0.99595356,erica,erica,Correct
79,erica/Eri.E.maniX400wF(5359)(0)E-1.png,5,5,0.999701,erica,erica,Correct
80,erica/Eri.E.maniX400wF(5359)(0)E-24.png,5,5,0.9999516,erica,erica,Correct
81,erica/Eri.E.maniX400wF(5359)(0)E-30.png,5,5,0.99968064,erica,erica,Correct
82,erica/Eri.E.maniX400wF(5360)(0)F-9.png,5,5,0.99999964,erica,erica,Correct
83,erica/Eri.E.maniX400wF(5361)(0)G-18.png,5,5,0.9995702,erica,erica,Correct
84,erica/Eri.E.maniX400wF(5362)(0)H-22.png,5,5,0.9976738,erica,erica,Correct
85,eucalyptus/Myr.E.camaX400wF(1867)(0)B-6.png,6,6,0.9999969,eucalyptus,eucalyptus,Correct
86,eucalyptus/Myr.E.camaX400wF(1870)(0)E-12.png,6,6,0.93065315,eucalyptus,eucalyptus,Correct
87,eucalyptus/Myr.E.camaX400wF(1870)(0)E-7.png,6,6,0.88200104,eucalyptus,eucalyptus,Correct
88,eucalyptus/Myr.E.camaX400wF(1872)(0)G-2.png,6,6,0.89742726,eucalyptus,eucalyptus,Correct
89,eucalyptus/Myr.E.camaX400wF(1872)(0)G-5.png,6,6,0.9998116,eucalyptus,eucalyptus,Correct
90,eucalyptus/Myr.E.camaX400wF(2962)(0)H-10.png,6,6,0.99999785,eucalyptus,eucalyptus,Correct
91,eucalyptus/Myr.E.camaX400wF(2962)(0)H-25.png,6,6,0.99999845,eucalyptus,eucalyptus,Correct
92,eucalyptus/Myr.E.camaX400wF(2962)(0)H-4.png,6,6,0.9999932,eucalyptus,eucalyptus,Correct
93,eucalyptus/Myr.E.camaX400wF(2962)(0)H-6.png,6,6,0.9999778,eucalyptus,eucalyptus,Correct
94,eucalyptus/Myr.E.camaX400wF(2963)(0)I-2.png,6,6,0.99996793,eucalyptus,eucalyptus,Correct
95,eucalyptus/Myr.E.camaX400wF(2963)(0)I-5.png,6,6,0.9999678,eucalyptus,eucalyptus,Correct
96,eucalyptus/Myr.E.camaX400wF(2963)(0)I-7.png,6,6,0.9999994,eucalyptus,eucalyptus,Correct
97,eucalyptus/Myr.E.camaX400wF(2963)(0)I-8.png,6,6,0.9999987,eucalyptus,eucalyptus,Correct
98,eucalyptus/Myr.E.camaX400wF(2964)(0)J-28.png,6,6,0.99985814,eucalyptus,eucalyptus,Correct
99,eucalyptus/Myr.E.camaX400wF(2965)(0)K-12.png,6,6,0.9999938,eucalyptus,eucalyptus,Correct
100,eucalyptus/Myr.E.camaX400wF(2965)(0)K-3.png,6,6,0.99999285,eucalyptus,eucalyptus,Correct
101,eucalyptus/Myr.E.camaX400wF(2966)(0)L-5.png,6,6,0.9999988,eucalyptus,eucalyptus,Correct
102,ferula/Api.F.comX400wF(2135)(0)A-7.png,7,7,0.9829829,ferula,ferula,Correct
103,ferula/Api.F.comX400wF(2136)(0)B-1.png,7,7,0.9999974,ferula,ferula,Correct
104,ferula/Api.F.comX400wF(2138)(0)D-5.png,7,7,0.99999857,ferula,ferula,Correct
105,ferula/Api.F.comX400wF(2138)(0)D-7.png,7,7,0.99999774,ferula,ferula,Correct
106,ferula/Api.F.comX400wF(2139)(0)E-14.png,7,7,0.9963766,ferula,ferula,Correct
107,ferula/Api.F.comX400wF(2139)(0)E-21.png,7,7,0.99996996,ferula,ferula,Correct
108,ferula/Api.F.comX400wF(2139)(0)E-23.png,7,7,0.99999225,ferula,ferula,Correct
109,ferula/Api.F.comX400wF(2139)(0)E-8.png,7,7,0.9999825,ferula,ferula,Correct
110,myrtus/IMG_3734-109.png,8,8,0.99994874,myrtus,myrtus,Correct
111,myrtus/IMG_3734-130.png,8,8,0.99999833,myrtus,myrtus,Correct
112,myrtus/IMG_3734-26.png,8,8,0.9997911,myrtus,myrtus,Correct
113,myrtus/IMG_3734-28.png,8,8,0.9988299,myrtus,myrtus,Correct
114,myrtus/IMG_3734-29.png,8,8,0.99998,myrtus,myrtus,Correct
115,myrtus/IMG_3734-34.png,8,8,0.99251986,myrtus,myrtus,Correct
116,myrtus/IMG_3734-59.png,8,8,0.9999746,myrtus,myrtus,Correct
117,myrtus/IMG_3734-97.png,8,8,0.9999988,myrtus,myrtus,Correct
118,myrtus/IMG_3735-14.png,8,8,0.9999696,myrtus,myrtus,Correct
119,myrtus/IMG_3735-15.png,8,8,0.9999671,myrtus,myrtus,Correct
120,myrtus/IMG_3735-23.png,8,8,1.0,myrtus,myrtus,Correct
121,myrtus/IMG_3735-38.png,8,8,0.99997604,myrtus,myrtus,Correct
122,myrtus/IMG_3735-6.png,8,8,0.9999864,myrtus,myrtus,Correct
123,myrtus/IMG_3736-3.png,8,8,0.99999976,myrtus,myrtus,Correct
124,myrtus/IMG_3736-4.png,8,8,1.0,myrtus,myrtus,Correct
125,myrtus/IMG_3736-42.png,8,8,0.9999989,myrtus,myrtus,Correct
126,myrtus/IMG_3736-43.png,8,8,0.99999905,myrtus,myrtus,Correct
127,myrtus/IMG_3736-5.png,8,8,0.9999993,myrtus,myrtus,Correct
128,myrtus/IMG_3736-61.png,8,8,1.0,myrtus,myrtus,Correct
129,myrtus/IMG_3736-68.png,8,8,0.99999547,myrtus,myrtus,Correct
130,myrtus/IMG_3736-73.png,8,8,0.9999982,myrtus,myrtus,Correct
131,myrtus/IMG_3736-8.png,8,8,0.9999685,myrtus,myrtus,Correct
132,myrtus/IMG_3737-2.png,8,8,0.9994822,myrtus,myrtus,Correct
133,myrtus/IMG_3737-23.png,8,8,0.9999944,myrtus,myrtus,Correct
134,myrtus/IMG_3737-30.png,8,8,0.999554,myrtus,myrtus,Correct
135,myrtus/IMG_3737-58.png,8,8,0.93508196,myrtus,myrtus,Correct
136,myrtus/IMG_3738-113.png,8,8,0.99999535,myrtus,myrtus,Correct
137,myrtus/IMG_3738-14.png,8,8,0.9998883,myrtus,myrtus,Correct
138,myrtus/IMG_3738-17.png,8,8,0.99994695,myrtus,myrtus,Correct
139,myrtus/IMG_3738-20.png,8,8,0.9995383,myrtus,myrtus,Correct
140,myrtus/IMG_3738-24.png,8,8,0.9995974,myrtus,myrtus,Correct
141,myrtus/IMG_3738-47.png,8,8,0.9998975,myrtus,myrtus,Correct
142,myrtus/IMG_3738-67.png,8,8,0.9997161,myrtus,myrtus,Correct
143,myrtus/IMG_3738-69.png,8,8,0.9975473,myrtus,myrtus,Correct
144,myrtus/IMG_3738-70.png,8,8,0.9999988,myrtus,myrtus,Correct
145,myrtus/IMG_3738-96.png,8,8,0.99999905,myrtus,myrtus,Correct
146,myrtus/IMG_3741-16.png,8,8,0.9992679,myrtus,myrtus,Correct
147,myrtus/IMG_3741-20.png,8,8,0.99998534,myrtus,myrtus,Correct
148,myrtus/IMG_3741-3.png,8,8,0.99999976,myrtus,myrtus,Correct
149,myrtus/IMG_3741-32.png,8,8,0.99999845,myrtus,myrtus,Correct
150,myrtus/IMG_3741-56.png,8,8,1.0,myrtus,myrtus,Correct
151,myrtus/IMG_3741-64.png,8,8,0.9999871,myrtus,myrtus,Correct
152,myrtus/IMG_3741-70.png,8,8,0.9861326,myrtus,myrtus,Correct
153,myrtus/IMG_3742-42.png,8,8,0.9999974,myrtus,myrtus,Correct
154,myrtus/IMG_3742-51.png,8,8,0.9994099,myrtus,myrtus,Correct
155,myrtus/IMG_3742-6.png,8,8,0.99999917,myrtus,myrtus,Correct
156,myrtus/IMG_3743-2.png,8,8,0.99999714,myrtus,myrtus,Correct
157,myrtus/IMG_3743-20.png,8,8,0.9999963,myrtus,myrtus,Correct
158,myrtus/IMG_3743-25.png,8,8,0.9999975,myrtus,myrtus,Correct
159,myrtus/IMG_3743-4.png,8,8,1.0,myrtus,myrtus,Correct
160,myrtus/IMG_3743-5.png,8,8,0.99999857,myrtus,myrtus,Correct
161,myrtus/IMG_3743-8.png,8,8,0.9999956,myrtus,myrtus,Correct
162,myrtus/IMG_3743-9.png,8,8,0.9999995,myrtus,myrtus,Correct
163,myrtus/IMG_3744-35.png,8,8,0.9999975,myrtus,myrtus,Correct
164,myrtus/IMG_3744-4.png,8,8,0.9999727,myrtus,myrtus,Correct
165,myrtus/IMG_3744-8.png,8,8,0.999977,myrtus,myrtus,Correct
166,myrtus/Myr.M.comX400wF(1095)(1091)A-1.png,8,8,0.99995255,myrtus,myrtus,Correct
167,myrtus/Myr.M.comX400wF(1095)(1091)A-19.png,8,8,0.9999839,myrtus,myrtus,Correct
168,myrtus/Myr.M.comX400wF(1095)(1091)A-25.png,8,8,0.99992,myrtus,myrtus,Correct
169,myrtus/Myr.M.comX400wF(1095)(1091)A-46.png,8,8,0.9996892,myrtus,myrtus,Correct
170,myrtus/Myr.M.comX400wF(1095)(1091)A-48.png,8,8,0.99998987,myrtus,myrtus,Correct
171,myrtus/Myr.M.comX400wF(1095)(1091)A-65.png,8,8,0.9997818,myrtus,myrtus,Correct
172,myrtus/Myr.M.comX400wF(1095)(1091)A-67.png,8,8,0.99999547,myrtus,myrtus,Correct
173,myrtus/Myr.M.comX400wF(1095)(1091)A-77.png,8,8,0.9984243,myrtus,myrtus,Correct
174,myrtus/Myr.M.comX400wF(1095)(1091)A-79.png,8,8,0.99999166,myrtus,myrtus,Correct
175,myrtus/Myr.M.comX400wF(1095)(1091)A-83.png,8,8,0.99992275,myrtus,myrtus,Correct
176,myrtus/Myr.M.comX400wF(1095)(1091)A-90.png,8,8,0.99745876,myrtus,myrtus,Correct
177,myrtus/Myr.M.comX400wF(1097)(1090)C-11.png,8,8,0.9999981,myrtus,myrtus,Correct
178,myrtus/Myr.M.comX400wF(1097)(1090)C-17.png,8,8,1.0,myrtus,myrtus,Correct
179,myrtus/Myr.M.comX400wF(1097)(1090)C-2.png,8,8,0.9999691,myrtus,myrtus,Correct
180,myrtus/Myr.M.comX400wF(1097)(1090)C-29.png,8,8,0.9999747,myrtus,myrtus,Correct
181,myrtus/Myr.M.comX400wF(1097)(1090)C-3.png,8,8,0.9999987,myrtus,myrtus,Correct
182,myrtus/Myr.M.comX400wF(1097)(1090)C-39.png,8,8,1.0,myrtus,myrtus,Correct
183,myrtus/Myr.M.comX400wF(1097)(1090)C-46.png,8,8,0.99999297,myrtus,myrtus,Correct
184,myrtus/Myr.M.comX400wF(1097)(1090)C-5.png,8,8,0.999992,myrtus,myrtus,Correct
185,myrtus/Myr.M.comX400wF(1097)(1090)C-54.png,8,8,1.0,myrtus,myrtus,Correct
186,myrtus/Myr.M.comX400wF(1097)(1090)C-76.png,8,8,0.9999994,myrtus,myrtus,Correct
187,myrtus/Myr.M.comX400wF(1097)(1090)C-80.png,8,8,0.99997854,myrtus,myrtus,Correct
188,myrtus/Myr.M.comX400wF(1097)(1090)C-82.png,8,8,0.99994576,myrtus,myrtus,Correct
189,olea/Ole.O.euroX400wF(4261)(0)A-15.png,9,9,0.999962,olea,olea,Correct
190,olea/Ole.O.euroX400wF(4261)(0)A-23.png,9,9,0.999859,olea,olea,Correct
191,olea/Ole.O.euroX400wF(4261)(0)A-35.png,9,9,0.9999858,olea,olea,Correct
192,olea/Ole.O.euroX400wF(4261)(0)A-36.png,9,9,0.9999291,olea,olea,Correct
193,olea/Ole.O.euroX400wF(4261)(0)A-40.png,9,9,0.9985973,olea,olea,Correct
194,olea/Ole.O.euroX400wF(4261)(0)A-42.png,9,9,0.9999964,olea,olea,Correct
195,olea/Ole.O.euroX400wF(4261)(0)A-9.png,9,9,0.99996436,olea,olea,Correct
196,olea/Ole.O.euroX400wF(4262)(0)B-11.png,9,9,0.99324,olea,olea,Correct
197,olea/Ole.O.euroX400wF(4262)(0)B-16.png,9,9,0.99986994,olea,olea,Correct
198,olea/Ole.O.euroX400wF(4262)(0)B-21.png,9,9,0.9999391,olea,olea,Correct
199,olea/Ole.O.euroX400wF(4262)(0)B-30.png,9,9,0.9997836,olea,olea,Correct
200,olea/Ole.O.euroX400wF(4263)(0)C-100.png,9,9,0.99905473,olea,olea,Correct
201,olea/Ole.O.euroX400wF(4263)(0)C-106.png,9,9,0.9999522,olea,olea,Correct
202,olea/Ole.O.euroX400wF(4263)(0)C-120.png,9,9,0.9986407,olea,olea,Correct
203,olea/Ole.O.euroX400wF(4263)(0)C-160.png,9,9,0.99999285,olea,olea,Correct
204,olea/Ole.O.euroX400wF(4263)(0)C-182.png,9,9,0.9954803,olea,olea,Correct
205,olea/Ole.O.euroX400wF(4263)(0)C-184.png,9,9,0.9999943,olea,olea,Correct
206,olea/Ole.O.euroX400wF(4263)(0)C-191.png,9,9,0.9999999,olea,olea,Correct
207,olea/Ole.O.euroX400wF(4263)(0)C-26.png,9,9,0.9999958,olea,olea,Correct
208,olea/Ole.O.euroX400wF(4263)(0)C-31.png,9,9,0.99999845,olea,olea,Correct
209,olea/Ole.O.euroX400wF(4263)(0)C-63.png,9,9,0.99996495,olea,olea,Correct
210,olea/Ole.O.euroX400wF(4263)(0)C-7.png,9,9,0.9999863,olea,olea,Correct
211,olea/Ole.O.euroX400wF(4263)(0)C-88.png,9,9,0.9999826,olea,olea,Correct
212,olea/Ole.O.euroX400wF(4263)(0)C-9.png,9,9,0.9997062,olea,olea,Correct
213,olea/Ole.O.euroX400wF(4264)(0)D-103.png,9,9,0.9996867,olea,olea,Correct
214,olea/Ole.O.euroX400wF(4264)(0)D-149.png,9,9,0.9945918,olea,olea,Correct
215,olea/Ole.O.euroX400wF(4264)(0)D-161.png,9,9,0.99999154,olea,olea,Correct
216,olea/Ole.O.euroX400wF(4264)(0)D-17.png,9,9,0.99999523,olea,olea,Correct
217,olea/Ole.O.euroX400wF(4264)(0)D-21.png,9,9,0.99999976,olea,olea,Correct
218,olea/Ole.O.euroX400wF(4264)(0)D-33.png,9,9,0.9999999,olea,olea,Correct
219,olea/Ole.O.euroX400wF(4264)(0)D-42.png,9,9,0.9999846,olea,olea,Correct
220,olea/Ole.O.euroX400wF(4264)(0)D-70.png,9,9,0.99999964,olea,olea,Correct
221,olea/Ole.O.euroX400wF(4264)(0)D-74.png,9,9,1.0,olea,olea,Correct
222,olea/Ole.O.euroX400wF(4264)(0)D-80.png,9,9,0.9998136,olea,olea,Correct
223,olea/Ole.O.euroX400wF(4264)(0)D-84.png,9,9,0.9999348,olea,olea,Correct
224,olea/Ole.O.euroX400wF(4264)(0)D-89.png,9,9,1.0,olea,olea,Correct
225,olea/Ole.O.euroX400wF(4264)(0)D-90.png,9,9,0.9999882,olea,olea,Correct
226,olea/Ole.O.euroX400wF(4265)(0)E-1.png,9,9,0.99997616,olea,olea,Correct
227,olea/Ole.O.euroX400wF(4265)(0)E-10.png,9,9,0.99996054,olea,olea,Correct
228,olea/Ole.O.euroX400wF(4265)(0)E-101.png,9,9,0.9999702,olea,olea,Correct
229,olea/Ole.O.euroX400wF(4265)(0)E-103.png,9,9,0.9999318,olea,olea,Correct
230,olea/Ole.O.euroX400wF(4265)(0)E-105.png,9,9,0.9999883,olea,olea,Correct
231,olea/Ole.O.euroX400wF(4265)(0)E-107.png,9,9,0.99989223,olea,olea,Correct
232,olea/Ole.O.euroX400wF(4265)(0)E-110.png,9,9,0.99997103,olea,olea,Correct
233,olea/Ole.O.euroX400wF(4265)(0)E-131.png,9,9,0.9999336,olea,olea,Correct
235,olea/Ole.O.euroX400wF(4265)(0)E-138.png,9,9,0.9999864,olea,olea,Correct
236,olea/Ole.O.euroX400wF(4265)(0)E-151.png,9,9,0.9989435,olea,olea,Correct
237,olea/Ole.O.euroX400wF(4265)(0)E-156.png,9,9,0.9999713,olea,olea,Correct
238,olea/Ole.O.euroX400wF(4265)(0)E-177.png,9,9,0.99679947,olea,olea,Correct
239,olea/Ole.O.euroX400wF(4265)(0)E-181.png,9,9,0.9999517,olea,olea,Correct
240,olea/Ole.O.euroX400wF(4265)(0)E-19.png,9,9,0.99999475,olea,olea,Correct
241,olea/Ole.O.euroX400wF(4265)(0)E-190.png,9,9,0.9996748,olea,olea,Correct
242,olea/Ole.O.euroX400wF(4265)(0)E-206.png,9,9,0.9999678,olea,olea,Correct
243,olea/Ole.O.euroX400wF(4265)(0)E-211.png,9,9,0.9986285,olea,olea,Correct
244,olea/Ole.O.euroX400wF(4265)(0)E-43.png,9,9,0.99999845,olea,olea,Correct
245,olea/Ole.O.euroX400wF(4265)(0)E-54.png,9,9,0.999313,olea,olea,Correct
246,olea/Ole.O.euroX400wF(4265)(0)E-77.png,9,9,0.9981877,olea,olea,Correct
247,olea/Ole.O.euroX400wF(4265)(0)E-85.png,9,9,0.9999999,olea,olea,Correct
248,olea/Ole.O.euroX400wF(4265)(0)E-87.png,9,9,0.9999943,olea,olea,Correct
250,olea/Ole.O.euroX400wF(4266)(0)F-119.png,9,9,0.9999043,olea,olea,Correct
251,olea/Ole.O.euroX400wF(4266)(0)F-134.png,9,9,0.9999603,olea,olea,Correct
252,olea/Ole.O.euroX400wF(4266)(0)F-142.png,9,9,0.99999785,olea,olea,Correct
253,olea/Ole.O.euroX400wF(4266)(0)F-27.png,9,9,0.9999987,olea,olea,Correct
254,olea/Ole.O.euroX400wF(4266)(0)F-32.png,9,9,0.9994331,olea,olea,Correct
255,olea/Ole.O.euroX400wF(4266)(0)F-34.png,9,9,0.9999597,olea,olea,Correct
256,olea/Ole.O.euroX400wF(4266)(0)F-57.png,9,9,0.9999907,olea,olea,Correct
257,olea/Ole.O.euroX400wF(4266)(0)F-58.png,9,9,0.99998784,olea,olea,Correct
258,olea/Ole.O.euroX400wF(4266)(0)F-59.png,9,9,0.9998491,olea,olea,Correct
259,olea/Ole.O.euroX400wF(4266)(0)F-60.png,9,9,0.999982,olea,olea,Correct
260,olea/Ole.O.euroX400wF(4266)(0)F-70.png,9,9,0.9999995,olea,olea,Correct
261,olea/Ole.O.euroX400wF(4266)(0)F-91.png,9,9,0.99998593,olea,olea,Correct
262,olea/Ole.O.euroX400wF(4266)(0)F-98.png,9,9,0.99999595,olea,olea,Correct
263,olea/Ole.O.euroX400wF(4267)(0)G-3.png,9,9,0.9702289,olea,olea,Correct
264,olea/Ole.O.euroX400wF(4267)(0)G-38.png,9,9,0.9999454,olea,olea,Correct
265,olea/Ole.O.euroX400wF(4267)(0)G-40.png,9,9,0.9999964,olea,olea,Correct
266,olea/Ole.O.euroX400wF(4267)(0)G-5.png,9,9,0.99997246,olea,olea,Correct
267,olea/Ole.O.euroX400wF(4267)(0)G-58.png,9,9,0.81027544,olea,olea,Correct
268,origanum/Lam.O.micX400wF(884)(0)A-13.png,10,10,0.9999999,origanum,origanum,Correct
269,origanum/Lam.O.micX400wF(884)(0)A-4.png,10,10,0.99997497,origanum,origanum,Correct
270,origanum/Lam.O.micX400wF(885)(0)B-4.png,10,10,1.0,origanum,origanum,Correct
271,origanum/Lam.O.micX400wF(885)(0)B-5.png,10,10,0.99999774,origanum,origanum,Correct
272,origanum/Lam.O.micX400wF(886)(0)C-15.png,10,10,1.0,origanum,origanum,Correct
273,origanum/Lam.O.micX400wF(886)(0)C-17.png,10,10,1.0,origanum,origanum,Correct
274,origanum/Lam.O.micX400wF(886)(0)C-18.png,10,10,1.0,origanum,origanum,Correct
275,origanum/Lam.O.micX400wF(886)(0)C-23.png,10,10,0.9999993,origanum,origanum,Correct
276,origanum/Lam.O.micX400wF(886)(0)C-31.png,10,10,0.9999987,origanum,origanum,Correct
277,origanum/Lam.O.micX400wF(886)(0)C-33.png,10,10,1.0,origanum,origanum,Correct
278,origanum/Lam.O.micX400wF(886)(0)C-34.png,10,10,0.99999976,origanum,origanum,Correct
279,origanum/Lam.O.micX400wF(886)(0)C-42.png,10,10,1.0,origanum,origanum,Correct
280,origanum/Lam.O.micX400wF(889)(0)F-1.png,10,10,1.0,origanum,origanum,Correct
281,origanum/Lam.O.micX400wF(889)(0)F-19.png,10,10,1.0,origanum,origanum,Correct
282,origanum/Lam.O.micX400wF(889)(0)F-37.png,10,10,0.99999964,origanum,origanum,Correct
283,origanum/Lam.O.micX400wF(889)(0)F-7.png,10,10,1.0,origanum,origanum,Correct
284,origanum/Lam.O.micX400wF(889)(0)F-9.png,10,10,0.99999976,origanum,origanum,Correct
285,oxalis/Oxa.O.pes.cX400wF(1734)(0)B-6.png,11,11,0.9999999,oxalis,oxalis,Correct
286,oxalis/Oxa.O.pes.cX400wF(1735)(0)C-3.png,11,11,0.99999857,oxalis,oxalis,Correct
287,oxalis/Oxa.O.pes.cX400wF(1735)(0)C-4.png,11,11,0.9999777,oxalis,oxalis,Correct
288,oxalis/Oxa.O.pes.cX400wF(1737)(1736)E-9.png,11,11,0.9999746,oxalis,oxalis,Correct
289,oxalis/Oxa.O.pes.cX400wF(1738)(0)F-16.png,11,11,0.9999999,oxalis,oxalis,Correct
290,oxalis/Oxa.O.pes.cX400wF(1738)(0)F-8.png,11,11,1.0,oxalis,oxalis,Correct
291,oxalis/Oxa.O.pes.cX400wF(1739)(0)G-2.png,11,11,0.99723,oxalis,oxalis,Correct
292,oxalis/Oxa.O.pes.cX400wF(1740)(0)H-5.png,11,11,0.99999857,oxalis,oxalis,Correct
293,oxalis/Oxa.O.pes.cX400wF(1740)(0)H-7.png,11,11,0.99999034,oxalis,oxalis,Correct
294,oxalis/Oxa.O.pes.cX400wF(1742)(1741)J-10.png,11,11,0.9999994,oxalis,oxalis,Correct
295,oxalis/Oxa.O.pes.cX400wF(1742)(1741)J-4.png,11,11,1.0,oxalis,oxalis,Correct
296,oxalis/Oxa.O.pes.cX400wF(1743)(0)K-11.png,11,11,0.99932456,oxalis,oxalis,Correct
297,oxalis/Oxa.O.pes.cX400wF(1743)(0)K-16.png,11,11,0.99999857,oxalis,oxalis,Correct
298,oxalis/Oxa.O.pes.cX400wF(1743)(0)K-17.png,11,11,1.0,oxalis,oxalis,Correct
299,pinus/Pin.P.brutX400wF(3171)(0)A-2.png,12,12,1.0,pinus,pinus,Correct
300,pinus/Pin.P.brutX400wF(3172)(0)B-4.png,12,12,1.0,pinus,pinus,Correct
301,pinus/Pin.P.brutX400wF(3175)(0)E-3.png,12,12,1.0,pinus,pinus,Correct
302,pistacia/Ana.P.tereX400wF(3222)(0)A-8.png,13,13,0.9999987,pistacia,pistacia,Correct
303,pistacia/Ana.P.tereX400wF(3222)(0)A-9.png,13,13,0.99988043,pistacia,pistacia,Correct
304,pistacia/Ana.P.tereX400wF(3225)(0)D-2.png,13,13,0.9999975,pistacia,pistacia,Correct
305,salvia/Lam.S.triX400wF(2188)(0)A-9.png,14,14,1.0,salvia,salvia,Correct
306,salvia/Lam.S.triX400wF(2189)(0)B-11.png,14,14,1.0,salvia,salvia,Correct
307,salvia/Lam.S.triX400wF(2189)(0)B-12.png,14,14,1.0,salvia,salvia,Correct
308,salvia/Lam.S.triX400wF(2189)(0)B-18.png,14,14,1.0,salvia,salvia,Correct
309,salvia/Lam.S.triX400wF(2189)(0)B-22.png,14,14,1.0,salvia,salvia,Correct
310,salvia/Lam.S.triX400wF(2189)(0)B-40.png,14,14,0.9999964,salvia,salvia,Correct
311,salvia/Lam.S.triX400wF(2189)(0)B-48.png,14,14,0.9999906,salvia,salvia,Correct
312,salvia/Lam.S.triX400wF(2189)(0)B-5.png,14,14,0.9999889,salvia,salvia,Correct
313,salvia/Lam.S.triX400wF(2189)(0)B-56.png,14,14,0.999984,salvia,salvia,Correct
314,salvia/Lam.S.triX400wF(2189)(0)B-9.png,14,14,1.0,salvia,salvia,Correct
315,salvia/Lam.S.triX400wF(2190)(0)C-10.png,14,14,1.0,salvia,salvia,Correct
316,salvia/Lam.S.triX400wF(2191)(0)D-12.png,14,14,1.0,salvia,salvia,Correct
317,salvia/Lam.S.triX400wF(2191)(0)D-3.png,14,14,1.0,salvia,salvia,Correct
318,salvia/Lam.S.triX400wF(2191)(0)D-40.png,14,14,1.0,salvia,salvia,Correct
319,salvia/Lam.S.triX400wF(2191)(0)D-49.png,14,14,1.0,salvia,salvia,Correct
320,salvia/Lam.S.triX400wF(2191)(0)D-8.png,14,14,1.0,salvia,salvia,Correct
321,salvia/Lam.S.triX400wF(2193)(0)F-19.png,14,14,1.0,salvia,salvia,Correct
322,salvia/Lam.S.triX400wF(2193)(0)F-6.png,14,14,1.0,salvia,salvia,Correct
323,satureja/Lam.S.thyX400wF(941)(937)A-10.png,15,15,0.9995722,satureja,satureja,Correct
324,satureja/Lam.S.thyX400wF(941)(937)A-3.png,15,15,0.9999949,satureja,satureja,Correct
326,satureja/Lam.S.thyX400wF(942)(935)B-3.png,15,15,0.9999751,satureja,satureja,Correct
327,satureja/Lam.S.thyX400wF(943)(990)C-4.png,15,15,0.99995065,satureja,satureja,Correct
328,satureja/Lam.S.thyX400wF(944)(940)E-18.png,15,15,0.99987924,satureja,satureja,Correct
329,satureja/Lam.S.thyX400wF(946)(0)G-4.png,15,15,0.999998,satureja,satureja,Correct
330,sinapis/Bra.S.albX400wF(2150)(0)A-11.png,16,16,0.984823,sinapis,sinapis,Correct
331,sinapis/Bra.S.albX400wF(2150)(0)A-3.png,16,16,1.0,sinapis,sinapis,Correct
332,sinapis/Bra.S.albX400wF(2151)(0)B-9.png,16,16,0.99999774,sinapis,sinapis,Correct
333,sinapis/Bra.S.albX400wF(2152)(0)C-12.png,16,16,0.9938753,sinapis,sinapis,Correct
334,sinapis/Bra.S.albX400wF(2152)(0)C-17.png,16,16,0.99996936,sinapis,sinapis,Correct
335,sinapis/Bra.S.albX400wF(2152)(0)C-2.png,16,16,0.4634925,sinapis,sinapis,Correct
336,sinapis/Bra.S.albX400wF(2152)(0)C-24.png,16,16,0.9999933,sinapis,sinapis,Correct
337,sinapis/Bra.S.albX400wF(2152)(0)C-6.png,16,16,0.95019215,sinapis,sinapis,Correct
338,sinapis/Bra.S.albX400wF(2153)(0)D-18.png,16,16,1.0,sinapis,sinapis,Correct
339,sinapis/Bra.S.albX400wF(2153)(0)D-5.png,16,16,0.99999976,sinapis,sinapis,Correct
340,sinapis/Bra.S.albX400wF(2154)(0)E-1.png,16,16,0.95924425,sinapis,sinapis,Correct
341,sinapis/Bra.S.albX400wF(2154)(0)E-12.png,16,16,0.99999845,sinapis,sinapis,Correct
342,sinapis/Bra.S.albX400wF(2154)(0)E-2.png,16,16,0.71170014,sinapis,sinapis,Correct
343,sinapis/Bra.S.albX400wF(2154)(0)E-22.png,16,16,0.99852246,sinapis,sinapis,Correct
344,sinapis/Bra.S.albX400wF(2154)(0)E-9.png,16,16,0.98320216,sinapis,sinapis,Correct
345,sinapis/Bra.S.albX400wF(2155)(0)F-11.png,16,16,0.9998889,sinapis,sinapis,Correct
346,sinapis/Bra.S.albX400wF(2155)(0)F-8.png,16,16,0.99983,sinapis,sinapis,Correct
347,sinapis/IMG_3701-4.png,16,16,0.9999572,sinapis,sinapis,Correct
348,sinapis/IMG_3706-15.png,16,16,0.99998605,sinapis,sinapis,Correct
349,sinapis/IMG_3706-8.png,16,16,0.9998153,sinapis,sinapis,Correct
350,thymbra/Lam.T.capX400wF(1029)(0)A-23.png,17,17,0.9999999,thymbra,thymbra,Correct
351,thymbra/Lam.T.capX400wF(1029)(0)A-5.png,17,17,0.9999839,thymbra,thymbra,Correct
352,thymbra/Lam.T.capX400wF(1029)(0)A-6.png,17,17,0.998185,thymbra,thymbra,Correct
353,thymbra/Lam.T.capX400wF(1030)(0)B-9.png,17,17,0.9999175,thymbra,thymbra,Correct
354,thymbra/Lam.T.capX400wF(1031)(0)C-1.png,17,17,0.9991493,thymbra,thymbra,Correct
355,thymbra/Lam.T.capX400wF(1031)(0)C-2.png,17,17,0.99915874,thymbra,thymbra,Correct
356,thymbra/Lam.T.capX400wF(1032)(0)D-13.png,17,17,0.9993081,thymbra,thymbra,Correct
357,thymbra/x40 f (1)-6.png,17,17,0.99807715,thymbra,thymbra,Correct
358,thymbra/x40 f (3)-7.png,17,17,0.9999969,thymbra,thymbra,Correct
359,thymbra/x40 f (4)-11.png,17,17,0.99998,thymbra,thymbra,Correct
360,thymbra/x40 f (4)-6.png,17,17,0.99999845,thymbra,thymbra,Correct
361,thymbra/x40 f (5)-11.png,17,17,0.9999974,thymbra,thymbra,Correct
362,thymbra/x40 f (5)-14.png,17,17,0.999979,thymbra,thymbra,Correct
363,thymbra/x40 f (5)-17.png,17,17,0.9999455,thymbra,thymbra,Correct
364,urginea/Asp.U.marX400wF(5317)(0)A-11.png,18,18,1.0,urginea,urginea,Correct
365,urginea/Asp.U.marX400wF(5317)(0)A-14.png,18,18,0.9995394,urginea,urginea,Correct
366,urginea/Asp.U.marX400wF(5317)(0)A-16.png,18,18,0.9999999,urginea,urginea,Correct
367,urginea/Asp.U.marX400wF(5317)(0)A-2.png,18,18,0.99998343,urginea,urginea,Correct
368,urginea/Asp.U.marX400wF(5318)(0)B-3.png,18,18,0.9999999,urginea,urginea,Correct
369,urginea/Asp.U.marX400wF(5319)(0)C-10.png,18,18,0.99999344,urginea,urginea,Correct
370,urginea/Asp.U.marX400wF(5320)(0)D-8.png,18,18,0.9999994,urginea,urginea,Correct
371,urginea/Asp.U.marX400wF(5321)(0)E-10.png,18,18,0.99999917,urginea,urginea,Correct
372,urginea/Asp.U.marX400wF(5321)(0)E-2.png,18,18,0.99999905,urginea,urginea,Correct
373,urginea/Asp.U.marX400wF(5323)(0)G-1.png,18,18,0.9999962,urginea,urginea,Correct
374,urginea/Asp.U.marX400wF(5324)(0)H-10.png,18,18,0.9999957,urginea,urginea,Correct
375,vitis/Vit.V.viniX400wF(4978)(0)A-12.png,19,19,0.99999917,vitis,vitis,Correct
376,vitis/Vit.V.viniX400wF(4978)(0)A-5.png,19,19,0.99998486,vitis,vitis,Correct
377,vitis/Vit.V.viniX400wF(4979)(0)B-3.png,19,19,0.99985015,vitis,vitis,Correct
378,vitis/Vit.V.viniX400wF(4979)(0)B-5.png,19,19,0.99999905,vitis,vitis,Correct
379,vitis/Vit.V.viniX400wF(4979)(0)B-9.png,19,19,0.99999917,vitis,vitis,Correct
380,vitis/Vit.V.viniX400wF(4980)(0)C-10.png,19,19,0.9998474,vitis,vitis,Correct
381,vitis/Vit.V.viniX400wF(4980)(0)C-23.png,19,19,0.99999976,vitis,vitis,Correct
382,vitis/Vit.V.viniX400wF(4980)(0)C-25.png,19,19,0.99971765,vitis,vitis,Correct
383,vitis/Vit.V.viniX400wF(4980)(0)C-27.png,19,19,0.99999547,vitis,vitis,Correct
384,vitis/Vit.V.viniX400wF(4981)(0)D-38.png,19,19,0.99285156,vitis,vitis,Correct
385,vitis/Vit.V.viniX400wF(4981)(0)D-4.png,19,19,0.99997866,vitis,vitis,Correct
386,vitis/Vit.V.viniX400wF(4981)(0)D-43.png,19,19,1.0,vitis,vitis,Correct
387,vitis/Vit.V.viniX400wF(4982)(0)E-19.png,19,19,0.9999981,vitis,vitis,Correct
388,vitis/Vit.V.viniX400wF(4982)(0)E-3.png,19,19,0.9999994,vitis,vitis,Correct
389,vitis/Vit.V.viniX400wF(4982)(0)E-42.png,19,19,1.0,vitis,vitis,Correct
390,vitis/Vit.V.viniX400wF(4982)(0)E-9.png,19,19,0.9993789,vitis,vitis,Correct
391,vitis/Vit.V.viniX400wF(4983)(0)F-14.png,19,19,0.99999964,vitis,vitis,Correct
392,vitis/Vit.V.viniX400wF(4984)(0)G-10.png,19,19,0.99999785,vitis,vitis,Correct
393,vitis/Vit.V.viniX400wF(4984)(0)G-14.png,19,19,0.9992944,vitis,vitis,Correct
394,vitis/Vit.V.viniX400wF(4984)(0)G-17.png,19,19,0.9999974,vitis,vitis,Correct
395,vitis/Vit.V.viniX400wF(4984)(0)G-24.png,19,19,0.99999964,vitis,vitis,Correct
396,vitis/Vit.V.viniX400wF(4984)(0)G-27.png,19,19,0.8027613,vitis,vitis,Correct
397,vitis/Vit.V.viniX400wF(4984)(0)G-3.png,19,19,0.9999815,vitis,vitis,Correct
398,vitis/Vit.V.viniX400wF(4984)(0)G-49.png,19,19,0.9500656,vitis,vitis,Correct
399,vitis/Vit.V.viniX400wF(4985)(0)H-28.png,19,19,0.9999994,vitis,vitis,Correct
400,vitis/Vit.V.viniX400wF(4985)(0)H-30.png,19,19,0.99999833,vitis,vitis,Correct
401,vitis/Vit.V.viniX400wF(4985)(0)H-36.png,19,19,0.9999838,vitis,vitis,Correct
0,asphodelus/Asp.A.ramX400wF(1984)(0)A-6.png,0,0,0.99999094,asphodelus,asphodelus,Correct
1,asphodelus/Asp.A.ramX400wF(1987)(0)D-2.png,0,0,0.9999999,asphodelus,asphodelus,Correct
2,asphodelus/Asp.A.ramX400wF(1989)(0)F-2.png,0,0,0.9999833,asphodelus,asphodelus,Correct
3,calicotome/Fab.C.vilX400wF(2016)(0)A-12.png,1,1,0.9999924,calicotome,calicotome,Correct
4,calicotome/Fab.C.vilX400wF(2017)(0)B-1.png,1,1,0.99045473,calicotome,calicotome,Correct
5,calicotome/Fab.C.vilX400wF(2017)(0)B-4.png,1,1,0.9999502,calicotome,calicotome,Correct
6,calicotome/Fab.C.vilX400wF(2018)(0)C-21.png,1,1,0.99999416,calicotome,calicotome,Correct
7,calicotome/Fab.C.vilX400wF(2018)(0)C-23.png,1,1,0.90099555,calicotome,calicotome,Correct
8,calicotome/Fab.C.vilX400wF(2019)(0)D-100.png,1,1,0.99998677,calicotome,calicotome,Correct
9,calicotome/Fab.C.vilX400wF(2019)(0)D-103.png,1,1,0.9999168,calicotome,calicotome,Correct
10,calicotome/Fab.C.vilX400wF(2019)(0)D-106.png,1,1,0.9999999,calicotome,calicotome,Correct
11,calicotome/Fab.C.vilX400wF(2019)(0)D-119.png,1,1,1.0,calicotome,calicotome,Correct
12,calicotome/Fab.C.vilX400wF(2019)(0)D-124.png,1,1,0.99999356,calicotome,calicotome,Correct
13,calicotome/Fab.C.vilX400wF(2019)(0)D-18.png,1,1,0.99999976,calicotome,calicotome,Correct
14,calicotome/Fab.C.vilX400wF(2019)(0)D-19.png,1,1,0.99993896,calicotome,calicotome,Correct
15,calicotome/Fab.C.vilX400wF(2019)(0)D-32.png,1,1,0.9999995,calicotome,calicotome,Correct
16,calicotome/Fab.C.vilX400wF(2019)(0)D-48.png,1,1,0.99999917,calicotome,calicotome,Correct
17,calicotome/Fab.C.vilX400wF(2019)(0)D-62.png,1,1,0.99999344,calicotome,calicotome,Correct
18,calicotome/Fab.C.vilX400wF(2019)(0)D-70.png,1,1,0.9999504,calicotome,calicotome,Correct
19,calicotome/Fab.C.vilX400wF(2019)(0)D-77.png,1,1,0.99985015,calicotome,calicotome,Correct
20,calicotome/Fab.C.vilX400wF(2019)(0)D-78.png,1,1,0.9999994,calicotome,calicotome,Correct
21,calicotome/Fab.C.vilX400wF(2019)(0)D-8.png,1,1,0.99999845,calicotome,calicotome,Correct
22,calicotome/Fab.C.vilX400wF(2019)(0)D-91.png,1,1,0.9999999,calicotome,calicotome,Correct
23,calicotome/Fab.C.vilX400wF(2020)(0)E-106.png,1,1,0.99999905,calicotome,calicotome,Correct
24,calicotome/Fab.C.vilX400wF(2020)(0)E-32.png,1,1,0.99999225,calicotome,calicotome,Correct
25,calicotome/Fab.C.vilX400wF(2020)(0)E-44.png,1,1,0.9999999,calicotome,calicotome,Correct
26,calicotome/Fab.C.vilX400wF(2020)(0)E-45.png,1,1,1.0,calicotome,calicotome,Correct
27,calicotome/Fab.C.vilX400wF(2020)(0)E-80.png,1,1,0.99994314,calicotome,calicotome,Correct
28,calicotome/Fab.C.vilX400wF(2020)(0)E-82.png,1,1,1.0,calicotome,calicotome,Correct
29,calicotome/Fab.C.vilX400wF(2020)(0)E-88.png,1,1,0.99999225,calicotome,calicotome,Correct
30,calicotome/Fab.C.vilX400wF(2020)(0)E-90.png,1,1,0.99999726,calicotome,calicotome,Correct
31,calicotome/Fab.C.vilX400wF(2020)(0)E-94.png,1,1,0.9999994,calicotome,calicotome,Correct
32,calicotome/Fab.C.vilX400wF(2020)(0)E-99.png,1,1,0.9997385,calicotome,calicotome,Correct
33,castanea/Fag.C.satX400wF(781)(0)A-13.png,2,2,1.0,castanea,castanea,Correct
34,castanea/Fag.C.satX400wF(781)(0)A-20.png,2,2,0.999969,castanea,castanea,Correct
35,castanea/Fag.C.satX400wF(781)(0)A-3.png,2,2,0.9999862,castanea,castanea,Correct
36,castanea/Fag.C.satX400wF(781)(0)A-38.png,2,2,0.99999976,castanea,castanea,Correct
37,castanea/Fag.C.satX400wF(781)(0)A-47.png,2,2,1.0,castanea,castanea,Correct
38,castanea/Fag.C.satX400wF(782)(0)B-4.png,2,2,1.0,castanea,castanea,Correct
39,castanea/Fag.C.satX400wF(782)(0)B-6.png,2,2,0.99983954,castanea,castanea,Correct
40,castanea/Fag.C.satX400wF(782)(0)B-8.png,2,2,0.99987245,castanea,castanea,Correct
41,castanea/Fag.C.satX400wF(784)(0)D-21.png,2,2,1.0,castanea,castanea,Correct
42,castanea/Fag.C.satX400wF(784)(0)D-8.png,2,2,0.99999845,castanea,castanea,Correct
43,castanea/Fag.C.satX400wF(785)(0)E-5.png,2,2,0.99975604,castanea,castanea,Correct
44,castanea/Fag.C.satX400wF(786)(0)F-5.png,2,2,0.9983582,castanea,castanea,Correct
45,castanea/Fag.C.satX400wF(792)(781)G-12.png,2,2,0.9999999,castanea,castanea,Correct
46,castanea/Fag.C.satX400wF(792)(781)G-17.png,2,2,0.99999964,castanea,castanea,Correct
47,castanea/Fag.C.satX400wF(792)(781)G-2.png,2,2,0.99998856,castanea,castanea,Correct
48,castanea/Fag.C.satX400wF(793)(781)H-24.png,2,2,0.99999726,castanea,castanea,Correct
49,castanea/Fag.C.satX400wF(793)(781)H-27.png,2,2,1.0,castanea,castanea,Correct
50,castanea/Fag.C.satX400wF(793)(781)H-32.png,2,2,1.0,castanea,castanea,Correct
51,castanea/Fag.C.satX400wF(793)(781)H-35.png,2,2,0.9999945,castanea,castanea,Correct
52,castanea/Fag.C.satX400wF(793)(781)H-43.png,2,2,0.9999988,castanea,castanea,Correct
53,castanea/Fag.C.satX400wF(793)(781)H-44.png,2,2,0.9999474,castanea,castanea,Correct
54,castanea/Fag.C.satX400wF(793)(781)H-51.png,2,2,0.99999845,castanea,castanea,Correct
55,ceratonia/Fab.C.silX400wF(476)(0)B-1.png,3,3,0.999992,ceratonia,ceratonia,Correct
56,ceratonia/Fab.C.silX400wF(476)(0)B-7.png,3,3,0.9989636,ceratonia,ceratonia,Correct
57,ceratonia/Fab.C.silX400wF(478)(0)D-4.png,3,3,0.9999956,ceratonia,ceratonia,Correct
58,ceratonia/Fab.C.silX400wF(479)(0)E-10.png,3,3,0.99999905,ceratonia,ceratonia,Correct
59,ceratonia/Fab.C.silX400wF(479)(0)E-2.png,3,3,0.9954216,ceratonia,ceratonia,Correct
60,ceratonia/Fab.C.silX400wF(479)(0)E-6.png,3,3,0.9997936,ceratonia,ceratonia,Correct
61,ceratonia/Fab.C.silX400wF(481)(0)G-14.png,3,3,0.99996173,ceratonia,ceratonia,Correct
62,ceratonia/Fab.C.silX400wF(481)(0)G-3.png,3,3,0.9999988,ceratonia,ceratonia,Correct
63,ceratonia/Fab.C.silX400wF(481)(0)G-4.png,3,3,0.998109,ceratonia,ceratonia,Correct
65,ebenus/Fab.E.creX400wF(694)(0)B-4.png,4,4,0.9972517,ebenus,ebenus,Correct
66,ebenus/Fab.E.creX400wF(695)(0)C-2.png,4,4,1.0,ebenus,ebenus,Correct
67,erica/Eri.E.maniX400wF(5355)(0)A-7.png,5,5,0.99999714,erica,erica,Correct
68,erica/Eri.E.maniX400wF(5357)(0)C-13.png,5,5,1.0,erica,erica,Correct
69,erica/Eri.E.maniX400wF(5357)(0)C-29.png,5,5,0.99999833,erica,erica,Correct
70,erica/Eri.E.maniX400wF(5357)(0)C-4.png,5,5,0.9999994,erica,erica,Correct
71,erica/Eri.E.maniX400wF(5358)(0)D-12.png,5,5,0.9999994,erica,erica,Correct
72,erica/Eri.E.maniX400wF(5358)(0)D-4.png,5,5,0.9999882,erica,erica,Correct
73,erica/Eri.E.maniX400wF(5359)(0)E-11.png,5,5,0.9999889,erica,erica,Correct
74,erica/Eri.E.maniX400wF(5360)(0)F-27.png,5,5,0.97545457,erica,erica,Correct
75,erica/Eri.E.maniX400wF(5360)(0)F-3.png,5,5,1.0,erica,erica,Correct
76,erica/Eri.E.maniX400wF(5360)(0)F-7.png,5,5,1.0,erica,erica,Correct
77,erica/Eri.E.maniX400wF(5361)(0)G-10.png,5,5,0.99999845,erica,erica,Correct
78,erica/Eri.E.maniX400wF(5361)(0)G-20.png,5,5,1.0,erica,erica,Correct
79,erica/Eri.E.maniX400wF(5362)(0)H-1.png,5,5,0.99999917,erica,erica,Correct
80,erica/Eri.E.maniX400wF(5362)(0)H-11.png,5,5,0.9999999,erica,erica,Correct
81,erica/Eri.E.maniX400wF(5362)(0)H-24.png,5,5,1.0,erica,erica,Correct
82,erica/Eri.E.maniX400wF(5362)(0)H-25.png,5,5,1.0,erica,erica,Correct
83,erica/Eri.E.maniX400wF(5362)(0)H-7.png,5,5,1.0,erica,erica,Correct
84,erica/Eri.E.maniX400wF(5363)(0)I-8.png,5,5,0.99963343,erica,erica,Correct
85,eucalyptus/Myr.E.camaX400wF(1866)(0)A-1.png,6,6,0.9868471,eucalyptus,eucalyptus,Correct
86,eucalyptus/Myr.E.camaX400wF(1867)(0)B-4.png,6,6,0.9884808,eucalyptus,eucalyptus,Correct
87,eucalyptus/Myr.E.camaX400wF(1868)(0)C-3.png,6,6,0.9921113,eucalyptus,eucalyptus,Correct
88,eucalyptus/Myr.E.camaX400wF(1871)(0)F-5.png,6,6,0.9959478,eucalyptus,eucalyptus,Correct
89,eucalyptus/Myr.E.camaX400wF(1872)(0)G-10.png,6,6,0.99987364,eucalyptus,eucalyptus,Correct
90,eucalyptus/Myr.E.camaX400wF(2962)(0)H-14.png,6,6,1.0,eucalyptus,eucalyptus,Correct
91,eucalyptus/Myr.E.camaX400wF(2962)(0)H-28.png,6,6,0.99995315,eucalyptus,eucalyptus,Correct
92,eucalyptus/Myr.E.camaX400wF(2962)(0)H-9.png,6,6,0.9999428,eucalyptus,eucalyptus,Correct
93,eucalyptus/Myr.E.camaX400wF(2964)(0)J-11.png,6,6,1.0,eucalyptus,eucalyptus,Correct
94,eucalyptus/Myr.E.camaX400wF(2964)(0)J-20.png,6,6,0.99288756,eucalyptus,eucalyptus,Correct
95,eucalyptus/Myr.E.camaX400wF(2964)(0)J-23.png,6,6,0.9999999,eucalyptus,eucalyptus,Correct
96,eucalyptus/Myr.E.camaX400wF(2964)(0)J-7.png,6,6,0.9999999,eucalyptus,eucalyptus,Correct
97,eucalyptus/Myr.E.camaX400wF(2965)(0)K-14.png,6,6,0.9999999,eucalyptus,eucalyptus,Correct
98,eucalyptus/Myr.E.camaX400wF(2965)(0)K-2.png,6,6,0.9999995,eucalyptus,eucalyptus,Correct
99,eucalyptus/Myr.E.camaX400wF(2965)(0)K-4.png,6,6,1.0,eucalyptus,eucalyptus,Correct
100,eucalyptus/Myr.E.camaX400wF(2966)(0)L-10.png,6,6,0.9999999,eucalyptus,eucalyptus,Correct
101,eucalyptus/Myr.E.camaX400wF(2966)(0)L-6.png,6,6,0.99999344,eucalyptus,eucalyptus,Correct
102,ferula/Api.F.comX400wF(2135)(0)A-20.png,7,7,0.9999999,ferula,ferula,Correct
103,ferula/Api.F.comX400wF(2135)(0)A-4.png,7,7,0.9998946,ferula,ferula,Correct
104,ferula/Api.F.comX400wF(2136)(0)B-10.png,7,7,0.99998546,ferula,ferula,Correct
105,ferula/Api.F.comX400wF(2136)(0)B-13.png,7,7,0.9958615,ferula,ferula,Correct
106,ferula/Api.F.comX400wF(2136)(0)B-14.png,7,7,1.0,ferula,ferula,Correct
107,ferula/Api.F.comX400wF(2136)(0)B-2.png,7,7,0.9999945,ferula,ferula,Correct
108,ferula/Api.F.comX400wF(2137)(0)C-7.png,7,7,0.9999887,ferula,ferula,Correct
109,ferula/Api.F.comX400wF(2139)(0)E-26.png,7,7,1.0,ferula,ferula,Correct
110,myrtus/IMG_3734-125.png,8,8,0.9999987,myrtus,myrtus,Correct
111,myrtus/IMG_3734-25.png,8,8,0.99998677,myrtus,myrtus,Correct
112,myrtus/IMG_3734-50.png,8,8,0.9997855,myrtus,myrtus,Correct
113,myrtus/IMG_3734-61.png,8,8,1.0,myrtus,myrtus,Correct
114,myrtus/IMG_3734-69.png,8,8,1.0,myrtus,myrtus,Correct
115,myrtus/IMG_3734-82.png,8,8,0.99999976,myrtus,myrtus,Correct
116,myrtus/IMG_3735-20.png,8,8,0.99999416,myrtus,myrtus,Correct
117,myrtus/IMG_3735-34.png,8,8,0.9844058,myrtus,myrtus,Correct
118,myrtus/IMG_3735-7.png,8,8,1.0,myrtus,myrtus,Correct
119,myrtus/IMG_3736-15.png,8,8,1.0,myrtus,myrtus,Correct
120,myrtus/IMG_3736-19.png,8,8,1.0,myrtus,myrtus,Correct
121,myrtus/IMG_3736-2.png,8,8,0.9999999,myrtus,myrtus,Correct
122,myrtus/IMG_3736-28.png,8,8,1.0,myrtus,myrtus,Correct
123,myrtus/IMG_3736-30.png,8,8,0.99999845,myrtus,myrtus,Correct
124,myrtus/IMG_3736-32.png,8,8,1.0,myrtus,myrtus,Correct
125,myrtus/IMG_3736-37.png,8,8,1.0,myrtus,myrtus,Correct
126,myrtus/IMG_3736-39.png,8,8,1.0,myrtus,myrtus,Correct
127,myrtus/IMG_3736-59.png,8,8,1.0,myrtus,myrtus,Correct
128,myrtus/IMG_3736-70.png,8,8,0.99999917,myrtus,myrtus,Correct
129,myrtus/IMG_3736-9.png,8,8,0.9999956,myrtus,myrtus,Correct
130,myrtus/IMG_3737-10.png,8,8,1.0,myrtus,myrtus,Correct
131,myrtus/IMG_3737-15.png,8,8,0.9999999,myrtus,myrtus,Correct
132,myrtus/IMG_3737-17.png,8,8,0.9999994,myrtus,myrtus,Correct
133,myrtus/IMG_3737-18.png,8,8,0.9999995,myrtus,myrtus,Correct
134,myrtus/IMG_3737-53.png,8,8,0.99999976,myrtus,myrtus,Correct
135,myrtus/IMG_3737-55.png,8,8,0.9999974,myrtus,myrtus,Correct
136,myrtus/IMG_3738-109.png,8,8,0.9999441,myrtus,myrtus,Correct
137,myrtus/IMG_3738-112.png,8,8,0.99999535,myrtus,myrtus,Correct
138,myrtus/IMG_3738-126.png,8,8,1.0,myrtus,myrtus,Correct
139,myrtus/IMG_3738-147.png,8,8,1.0,myrtus,myrtus,Correct
140,myrtus/IMG_3738-152.png,8,8,1.0,myrtus,myrtus,Correct
141,myrtus/IMG_3738-16.png,8,8,1.0,myrtus,myrtus,Correct
142,myrtus/IMG_3738-18.png,8,8,0.99999905,myrtus,myrtus,Correct
143,myrtus/IMG_3738-4.png,8,8,0.9999988,myrtus,myrtus,Correct
144,myrtus/IMG_3738-44.png,8,8,0.99961686,myrtus,myrtus,Correct
145,myrtus/IMG_3738-58.png,8,8,0.9999974,myrtus,myrtus,Correct
146,myrtus/IMG_3738-66.png,8,8,1.0,myrtus,myrtus,Correct
147,myrtus/IMG_3738-9.png,8,8,0.9999989,myrtus,myrtus,Correct
148,myrtus/IMG_3738-92.png,8,8,0.93003,myrtus,myrtus,Correct
149,myrtus/IMG_3738-95.png,8,8,0.9999999,myrtus,myrtus,Correct
150,myrtus/IMG_3741-10.png,8,8,0.99904007,myrtus,myrtus,Correct
151,myrtus/IMG_3741-13.png,8,8,0.999918,myrtus,myrtus,Correct
152,myrtus/IMG_3741-35.png,8,8,0.9999994,myrtus,myrtus,Correct
153,myrtus/IMG_3741-40.png,8,8,0.9999999,myrtus,myrtus,Correct
154,myrtus/IMG_3741-46.png,8,8,1.0,myrtus,myrtus,Correct
155,myrtus/IMG_3741-54.png,8,8,0.99996614,myrtus,myrtus,Correct
157,myrtus/IMG_3742-10.png,8,8,1.0,myrtus,myrtus,Correct
158,myrtus/IMG_3742-23.png,8,8,0.9999999,myrtus,myrtus,Correct
159,myrtus/IMG_3742-3.png,8,8,1.0,myrtus,myrtus,Correct
160,myrtus/IMG_3742-35.png,8,8,1.0,myrtus,myrtus,Correct
161,myrtus/IMG_3742-37.png,8,8,1.0,myrtus,myrtus,Correct
162,myrtus/IMG_3742-4.png,8,8,0.9999999,myrtus,myrtus,Correct
163,myrtus/IMG_3742-40.png,8,8,0.9999825,myrtus,myrtus,Correct
164,myrtus/IMG_3742-41.png,8,8,0.99999976,myrtus,myrtus,Correct
165,myrtus/IMG_3742-43.png,8,8,0.9999987,myrtus,myrtus,Correct
166,myrtus/IMG_3743-1.png,8,8,0.99999964,myrtus,myrtus,Correct
167,myrtus/IMG_3743-28.png,8,8,0.99999714,myrtus,myrtus,Correct
168,myrtus/IMG_3743-37.png,8,8,0.9999994,myrtus,myrtus,Correct
169,myrtus/IMG_3744-16.png,8,8,0.99999535,myrtus,myrtus,Correct
170,myrtus/IMG_3744-19.png,8,8,1.0,myrtus,myrtus,Correct
171,myrtus/IMG_3744-26.png,8,8,0.9982449,myrtus,myrtus,Correct
172,myrtus/IMG_3744-3.png,8,8,0.9999999,myrtus,myrtus,Correct
173,myrtus/IMG_3744-40.png,8,8,0.9996928,myrtus,myrtus,Correct
174,myrtus/IMG_3744-61.png,8,8,0.99999297,myrtus,myrtus,Correct
175,myrtus/Myr.M.comX400wF(1095)(1091)A-18.png,8,8,1.0,myrtus,myrtus,Correct
176,myrtus/Myr.M.comX400wF(1095)(1091)A-2.png,8,8,0.99966085,myrtus,myrtus,Correct
177,myrtus/Myr.M.comX400wF(1095)(1091)A-23.png,8,8,0.9999993,myrtus,myrtus,Correct
178,myrtus/Myr.M.comX400wF(1095)(1091)A-26.png,8,8,0.9999933,myrtus,myrtus,Correct
179,myrtus/Myr.M.comX400wF(1095)(1091)A-5.png,8,8,1.0,myrtus,myrtus,Correct
180,myrtus/Myr.M.comX400wF(1095)(1091)A-59.png,8,8,0.99995637,myrtus,myrtus,Correct
181,myrtus/Myr.M.comX400wF(1095)(1091)A-60.png,8,8,0.99999976,myrtus,myrtus,Correct
182,myrtus/Myr.M.comX400wF(1095)(1091)A-80.png,8,8,0.9996656,myrtus,myrtus,Correct
183,myrtus/Myr.M.comX400wF(1095)(1091)A-87.png,8,8,0.99987626,myrtus,myrtus,Correct
184,myrtus/Myr.M.comX400wF(1095)(1091)A-91.png,8,8,0.9995403,myrtus,myrtus,Correct
185,myrtus/Myr.M.comX400wF(1097)(1090)C-16.png,8,8,0.9999982,myrtus,myrtus,Correct
186,myrtus/Myr.M.comX400wF(1097)(1090)C-33.png,8,8,0.9999999,myrtus,myrtus,Correct
187,myrtus/Myr.M.comX400wF(1097)(1090)C-51.png,8,8,0.9999969,myrtus,myrtus,Correct
188,myrtus/Myr.M.comX400wF(1097)(1090)C-52.png,8,8,0.99972504,myrtus,myrtus,Correct
189,olea/Ole.O.euroX400wF(4261)(0)A-13.png,9,9,1.0,olea,olea,Correct
190,olea/Ole.O.euroX400wF(4261)(0)A-18.png,9,9,0.9999944,olea,olea,Correct
191,olea/Ole.O.euroX400wF(4261)(0)A-34.png,9,9,0.99999,olea,olea,Correct
192,olea/Ole.O.euroX400wF(4261)(0)A-43.png,9,9,0.9999938,olea,olea,Correct
193,olea/Ole.O.euroX400wF(4262)(0)B-1.png,9,9,0.9999989,olea,olea,Correct
194,olea/Ole.O.euroX400wF(4262)(0)B-9.png,9,9,0.99239963,olea,olea,Correct
195,olea/Ole.O.euroX400wF(4263)(0)C-117.png,9,9,0.9999974,olea,olea,Correct
196,olea/Ole.O.euroX400wF(4263)(0)C-119.png,9,9,0.9999999,olea,olea,Correct
197,olea/Ole.O.euroX400wF(4263)(0)C-134.png,9,9,0.99999905,olea,olea,Correct
198,olea/Ole.O.euroX400wF(4263)(0)C-146.png,9,9,0.9999745,olea,olea,Correct
199,olea/Ole.O.euroX400wF(4263)(0)C-15.png,9,9,1.0,olea,olea,Correct
200,olea/Ole.O.euroX400wF(4263)(0)C-152.png,9,9,1.0,olea,olea,Correct
201,olea/Ole.O.euroX400wF(4263)(0)C-158.png,9,9,0.9999497,olea,olea,Correct
202,olea/Ole.O.euroX400wF(4263)(0)C-159.png,9,9,0.9999989,olea,olea,Correct
203,olea/Ole.O.euroX400wF(4263)(0)C-17.png,9,9,0.9999951,olea,olea,Correct
204,olea/Ole.O.euroX400wF(4263)(0)C-171.png,9,9,1.0,olea,olea,Correct
205,olea/Ole.O.euroX400wF(4263)(0)C-175.png,9,9,0.9997621,olea,olea,Correct
206,olea/Ole.O.euroX400wF(4263)(0)C-33.png,9,9,0.9999999,olea,olea,Correct
207,olea/Ole.O.euroX400wF(4263)(0)C-36.png,9,9,0.9999999,olea,olea,Correct
208,olea/Ole.O.euroX400wF(4263)(0)C-37.png,9,9,0.9999678,olea,olea,Correct
209,olea/Ole.O.euroX400wF(4263)(0)C-40.png,9,9,1.0,olea,olea,Correct
210,olea/Ole.O.euroX400wF(4263)(0)C-43.png,9,9,1.0,olea,olea,Correct
211,olea/Ole.O.euroX400wF(4263)(0)C-59.png,9,9,0.99996793,olea,olea,Correct
212,olea/Ole.O.euroX400wF(4263)(0)C-69.png,9,9,0.99999964,olea,olea,Correct
213,olea/Ole.O.euroX400wF(4263)(0)C-77.png,9,9,0.99999654,olea,olea,Correct
214,olea/Ole.O.euroX400wF(4263)(0)C-93.png,9,9,0.9996294,olea,olea,Correct
215,olea/Ole.O.euroX400wF(4264)(0)D-112.png,9,9,1.0,olea,olea,Correct
216,olea/Ole.O.euroX400wF(4264)(0)D-120.png,9,9,0.9999889,olea,olea,Correct
217,olea/Ole.O.euroX400wF(4264)(0)D-122.png,9,9,0.9996381,olea,olea,Correct
219,olea/Ole.O.euroX400wF(4264)(0)D-13.png,9,9,0.9999987,olea,olea,Correct
220,olea/Ole.O.euroX400wF(4264)(0)D-135.png,9,9,0.99999964,olea,olea,Correct
221,olea/Ole.O.euroX400wF(4264)(0)D-146.png,9,9,0.99999917,olea,olea,Correct
222,olea/Ole.O.euroX400wF(4264)(0)D-156.png,9,9,0.99999905,olea,olea,Correct
223,olea/Ole.O.euroX400wF(4264)(0)D-25.png,9,9,0.9999999,olea,olea,Correct
224,olea/Ole.O.euroX400wF(4264)(0)D-34.png,9,9,0.9999981,olea,olea,Correct
225,olea/Ole.O.euroX400wF(4264)(0)D-40.png,9,9,0.9999893,olea,olea,Correct
226,olea/Ole.O.euroX400wF(4264)(0)D-47.png,9,9,0.9999951,olea,olea,Correct
227,olea/Ole.O.euroX400wF(4264)(0)D-98.png,9,9,0.99999356,olea,olea,Correct
228,olea/Ole.O.euroX400wF(4265)(0)E-104.png,9,9,0.9641301,olea,olea,Correct
229,olea/Ole.O.euroX400wF(4265)(0)E-113.png,9,9,0.9999994,olea,olea,Correct
230,olea/Ole.O.euroX400wF(4265)(0)E-12.png,9,9,0.999982,olea,olea,Correct
231,olea/Ole.O.euroX400wF(4265)(0)E-123.png,9,9,0.999887,olea,olea,Correct
232,olea/Ole.O.euroX400wF(4265)(0)E-137.png,9,9,0.9999995,olea,olea,Correct
233,olea/Ole.O.euroX400wF(4265)(0)E-140.png,9,9,0.99999,olea,olea,Correct
234,olea/Ole.O.euroX400wF(4265)(0)E-170.png,9,9,0.9999876,olea,olea,Correct
235,olea/Ole.O.euroX400wF(4265)(0)E-174.png,9,9,0.9992649,olea,olea,Correct
236,olea/Ole.O.euroX400wF(4265)(0)E-178.png,9,9,0.99980646,olea,olea,Correct
237,olea/Ole.O.euroX400wF(4265)(0)E-179.png,9,9,0.999816,olea,olea,Correct
238,olea/Ole.O.euroX400wF(4265)(0)E-185.png,9,9,0.9998827,olea,olea,Correct
239,olea/Ole.O.euroX400wF(4265)(0)E-209.png,9,9,0.99999905,olea,olea,Correct
240,olea/Ole.O.euroX400wF(4265)(0)E-212.png,9,9,0.9999715,olea,olea,Correct
241,olea/Ole.O.euroX400wF(4265)(0)E-215.png,9,9,0.99883074,olea,olea,Correct
242,olea/Ole.O.euroX400wF(4265)(0)E-25.png,9,9,1.0,olea,olea,Correct
243,olea/Ole.O.euroX400wF(4265)(0)E-31.png,9,9,0.99998903,olea,olea,Correct
244,olea/Ole.O.euroX400wF(4265)(0)E-41.png,9,9,0.9999988,olea,olea,Correct
245,olea/Ole.O.euroX400wF(4265)(0)E-45.png,9,9,0.9999976,olea,olea,Correct
246,olea/Ole.O.euroX400wF(4265)(0)E-47.png,9,9,0.9999999,olea,olea,Correct
247,olea/Ole.O.euroX400wF(4265)(0)E-56.png,9,9,0.99996245,olea,olea,Correct
248,olea/Ole.O.euroX400wF(4265)(0)E-64.png,9,9,1.0,olea,olea,Correct
249,olea/Ole.O.euroX400wF(4265)(0)E-65.png,9,9,0.99662626,olea,olea,Correct
250,olea/Ole.O.euroX400wF(4266)(0)F-107.png,9,9,0.9991099,olea,olea,Correct
251,olea/Ole.O.euroX400wF(4266)(0)F-110.png,9,9,0.9999988,olea,olea,Correct
252,olea/Ole.O.euroX400wF(4266)(0)F-118.png,9,9,0.99592626,olea,olea,Correct
253,olea/Ole.O.euroX400wF(4266)(0)F-143.png,9,9,0.9999999,olea,olea,Correct
254,olea/Ole.O.euroX400wF(4266)(0)F-149.png,9,9,0.9999865,olea,olea,Correct
255,olea/Ole.O.euroX400wF(4266)(0)F-24.png,9,9,0.99999964,olea,olea,Correct
256,olea/Ole.O.euroX400wF(4266)(0)F-28.png,9,9,0.99950194,olea,olea,Correct
257,olea/Ole.O.euroX400wF(4266)(0)F-52.png,9,9,0.99814796,olea,olea,Correct
258,olea/Ole.O.euroX400wF(4266)(0)F-69.png,9,9,0.99998903,olea,olea,Correct
259,olea/Ole.O.euroX400wF(4266)(0)F-75.png,9,9,0.9999999,olea,olea,Correct
260,olea/Ole.O.euroX400wF(4266)(0)F-78.png,9,9,0.9999995,olea,olea,Correct
261,olea/Ole.O.euroX400wF(4266)(0)F-93.png,9,9,0.9999932,olea,olea,Correct
262,olea/Ole.O.euroX400wF(4267)(0)G-1.png,9,9,0.993386,olea,olea,Correct
263,olea/Ole.O.euroX400wF(4267)(0)G-24.png,9,9,0.9999999,olea,olea,Correct
264,olea/Ole.O.euroX400wF(4267)(0)G-28.png,9,9,0.9999999,olea,olea,Correct
265,olea/Ole.O.euroX400wF(4267)(0)G-31.png,9,9,0.99999404,olea,olea,Correct
266,olea/Ole.O.euroX400wF(4267)(0)G-32.png,9,9,0.9999995,olea,olea,Correct
267,olea/Ole.O.euroX400wF(4267)(0)G-7.png,9,9,0.99999666,olea,olea,Correct
269,origanum/Lam.O.micX400wF(884)(0)A-11.png,10,10,0.9999982,origanum,origanum,Correct
270,origanum/Lam.O.micX400wF(884)(0)A-14.png,10,10,0.9999995,origanum,origanum,Correct
271,origanum/Lam.O.micX400wF(884)(0)A-6.png,10,10,0.98499274,origanum,origanum,Correct
272,origanum/Lam.O.micX400wF(886)(0)C-19.png,10,10,0.99996734,origanum,origanum,Correct
273,origanum/Lam.O.micX400wF(886)(0)C-29.png,10,10,0.9996604,origanum,origanum,Correct
274,origanum/Lam.O.micX400wF(886)(0)C-49.png,10,10,0.99993277,origanum,origanum,Correct
275,origanum/Lam.O.micX400wF(886)(0)C-53.png,10,10,0.9999974,origanum,origanum,Correct
276,origanum/Lam.O.micX400wF(886)(0)C-56.png,10,10,0.9999827,origanum,origanum,Correct
277,origanum/Lam.O.micX400wF(886)(0)C-62.png,10,10,0.9999889,origanum,origanum,Correct
278,origanum/Lam.O.micX400wF(887)(0)D-10.png,10,10,0.9999608,origanum,origanum,Correct
279,origanum/Lam.O.micX400wF(887)(0)D-12.png,10,10,0.99997103,origanum,origanum,Correct
280,origanum/Lam.O.micX400wF(887)(0)D-6.png,10,10,0.99999535,origanum,origanum,Correct
281,origanum/Lam.O.micX400wF(889)(0)F-21.png,10,10,0.9997671,origanum,origanum,Correct
282,origanum/Lam.O.micX400wF(889)(0)F-44.png,10,10,0.99969125,origanum,origanum,Correct
284,origanum/Lam.O.micX400wF(889)(0)F-55.png,10,10,0.99996376,origanum,origanum,Correct
285,oxalis/Oxa.O.pes.cX400wF(1733)(0)A-19.png,11,11,0.9999999,oxalis,oxalis,Correct
286,oxalis/Oxa.O.pes.cX400wF(1733)(0)A-5.png,11,11,0.99999785,oxalis,oxalis,Correct
287,oxalis/Oxa.O.pes.cX400wF(1735)(0)C-7.png,11,11,0.9999666,oxalis,oxalis,Correct
288,oxalis/Oxa.O.pes.cX400wF(1736)(0)D-2.png,11,11,0.9488374,oxalis,oxalis,Correct
289,oxalis/Oxa.O.pes.cX400wF(1737)(1736)E-2.png,11,11,0.99999845,oxalis,oxalis,Correct
290,oxalis/Oxa.O.pes.cX400wF(1737)(1736)E-3.png,11,11,0.9999988,oxalis,oxalis,Correct
291,oxalis/Oxa.O.pes.cX400wF(1738)(0)F-13.png,11,11,0.9999964,oxalis,oxalis,Correct
292,oxalis/Oxa.O.pes.cX400wF(1738)(0)F-3.png,11,11,0.99982244,oxalis,oxalis,Correct
293,oxalis/Oxa.O.pes.cX400wF(1740)(0)H-10.png,11,11,0.99998546,oxalis,oxalis,Correct
294,oxalis/Oxa.O.pes.cX400wF(1740)(0)H-6.png,11,11,0.9998956,oxalis,oxalis,Correct
295,oxalis/Oxa.O.pes.cX400wF(1741)(0)I-3.png,11,11,1.0,oxalis,oxalis,Correct
296,oxalis/Oxa.O.pes.cX400wF(1742)(1741)J-3.png,11,11,0.99999976,oxalis,oxalis,Correct
297,oxalis/Oxa.O.pes.cX400wF(1742)(1741)J-5.png,11,11,0.99998975,oxalis,oxalis,Correct
298,oxalis/Oxa.O.pes.cX400wF(1742)(1741)J-6.png,11,11,0.99997187,oxalis,oxalis,Correct
299,pinus/Pin.P.brutX400wF(3171)(0)A-6.png,12,12,1.0,pinus,pinus,Correct
300,pinus/Pin.P.brutX400wF(3172)(0)B-2.png,12,12,1.0,pinus,pinus,Correct
301,pinus/Pin.P.brutX400wF(3174)(0)D-3.png,12,12,1.0,pinus,pinus,Correct
302,pistacia/Ana.P.tereX400wF(3222)(0)A-2.png,13,13,0.9999999,pistacia,pistacia,Correct
304,pistacia/Ana.P.tereX400wF(3225)(0)D-1.png,13,13,1.0,pistacia,pistacia,Correct
305,salvia/Lam.S.triX400wF(2188)(0)A-1.png,14,14,1.0,salvia,salvia,Correct
306,salvia/Lam.S.triX400wF(2189)(0)B-2.png,14,14,0.9999596,salvia,salvia,Correct
307,salvia/Lam.S.triX400wF(2189)(0)B-6.png,14,14,0.99999547,salvia,salvia,Correct
308,salvia/Lam.S.triX400wF(2189)(0)B-61.png,14,14,0.9999994,salvia,salvia,Correct
309,salvia/Lam.S.triX400wF(2190)(0)C-17.png,14,14,0.9999763,salvia,salvia,Correct
310,salvia/Lam.S.triX400wF(2190)(0)C-19.png,14,14,0.99999464,salvia,salvia,Correct
311,salvia/Lam.S.triX400wF(2190)(0)C-2.png,14,14,0.9999975,salvia,salvia,Correct
312,salvia/Lam.S.triX400wF(2190)(0)C-22.png,14,14,0.99999213,salvia,salvia,Correct
313,salvia/Lam.S.triX400wF(2190)(0)C-27.png,14,14,0.9999989,salvia,salvia,Correct
314,salvia/Lam.S.triX400wF(2190)(0)C-30.png,14,14,1.0,salvia,salvia,Correct
315,salvia/Lam.S.triX400wF(2190)(0)C-37.png,14,14,0.99999976,salvia,salvia,Correct
316,salvia/Lam.S.triX400wF(2191)(0)D-14.png,14,14,0.9999989,salvia,salvia,Correct
317,salvia/Lam.S.triX400wF(2191)(0)D-23.png,14,14,0.99992347,salvia,salvia,Correct
318,salvia/Lam.S.triX400wF(2191)(0)D-36.png,14,14,0.9999999,salvia,salvia,Correct
319,salvia/Lam.S.triX400wF(2191)(0)D-41.png,14,14,1.0,salvia,salvia,Correct
320,salvia/Lam.S.triX400wF(2191)(0)D-6.png,14,14,0.99999726,salvia,salvia,Correct
321,salvia/Lam.S.triX400wF(2193)(0)F-21.png,14,14,0.9999999,salvia,salvia,Correct
322,salvia/Lam.S.triX400wF(2193)(0)F-3.png,14,14,0.9999577,salvia,salvia,Correct
324,satureja/Lam.S.thyX400wF(941)(937)A-6.png,15,15,0.9999957,satureja,satureja,Correct
325,satureja/Lam.S.thyX400wF(942)(935)B-4.png,15,15,0.9991862,satureja,satureja,Correct
326,satureja/Lam.S.thyX400wF(942)(935)B-8.png,15,15,0.99998593,satureja,satureja,Correct
328,satureja/Lam.S.thyX400wF(945)(0)F-1.png,15,15,0.9910595,satureja,satureja,Correct
329,satureja/Lam.S.thyX400wF(946)(0)G-3.png,15,15,0.9999975,satureja,satureja,Correct
330,sinapis/Bra.S.albX400wF(2150)(0)A-1.png,16,16,0.99999964,sinapis,sinapis,Correct
331,sinapis/Bra.S.albX400wF(2151)(0)B-17.png,16,16,0.99999917,sinapis,sinapis,Correct
332,sinapis/Bra.S.albX400wF(2151)(0)B-2.png,16,16,0.93762046,sinapis,sinapis,Correct
333,sinapis/Bra.S.albX400wF(2151)(0)B-21.png,16,16,0.9999553,sinapis,sinapis,Correct
334,sinapis/Bra.S.albX400wF(2151)(0)B-8.png,16,16,0.75790393,sinapis,sinapis,Correct
335,sinapis/Bra.S.albX400wF(2152)(0)C-18.png,16,16,0.9547412,sinapis,sinapis,Correct
336,sinapis/Bra.S.albX400wF(2152)(0)C-27.png,16,16,0.9999956,sinapis,sinapis,Correct
338,sinapis/Bra.S.albX400wF(2153)(0)D-1.png,16,16,0.99982774,sinapis,sinapis,Correct
339,sinapis/Bra.S.albX400wF(2153)(0)D-25.png,16,16,0.99999094,sinapis,sinapis,Correct
340,sinapis/Bra.S.albX400wF(2153)(0)D-9.png,16,16,0.9990982,sinapis,sinapis,Correct
341,sinapis/Bra.S.albX400wF(2154)(0)E-15.png,16,16,0.9971559,sinapis,sinapis,Correct
342,sinapis/Bra.S.albX400wF(2154)(0)E-16.png,16,16,0.99457896,sinapis,sinapis,Correct
344,sinapis/Bra.S.albX400wF(2155)(0)F-15.png,16,16,0.9998148,sinapis,sinapis,Correct
345,sinapis/Bra.S.albX400wF(2155)(0)F-25.png,16,16,1.0,sinapis,sinapis,Correct
346,sinapis/Bra.S.albX400wF(2155)(0)F-5.png,16,16,0.9999932,sinapis,sinapis,Correct
347,sinapis/IMG_3704-16.png,16,16,0.9999999,sinapis,sinapis,Correct
348,sinapis/IMG_3704-3.png,16,16,0.99988806,sinapis,sinapis,Correct
349,sinapis/IMG_3704-9.png,16,16,0.9999244,sinapis,sinapis,Correct
350,thymbra/Lam.T.capX400wF(1030)(0)B-1.png,17,17,0.99678373,thymbra,thymbra,Correct
351,thymbra/Lam.T.capX400wF(1032)(0)D-11.png,17,17,0.9972037,thymbra,thymbra,Correct
352,thymbra/Lam.T.capX400wF(1033)(0)E-7.png,17,17,0.9999714,thymbra,thymbra,Correct
353,thymbra/Lam.T.capX400wF(1033)(0)E-8.png,17,17,0.9899332,thymbra,thymbra,Correct
355,thymbra/x40 f (3)-2.png,17,17,0.99937123,thymbra,thymbra,Correct
356,thymbra/x40 f (4)-2.png,17,17,0.99999964,thymbra,thymbra,Correct
357,thymbra/x40 f (4)-8.png,17,17,0.9988232,thymbra,thymbra,Correct
358,thymbra/x40 f (5)-7.png,17,17,0.9999833,thymbra,thymbra,Correct
359,thymbra/x40 f (5)-9.png,17,17,0.9999987,thymbra,thymbra,Correct
360,thymbra/x40 f (6)-14.png,17,17,1.0,thymbra,thymbra,Correct
361,thymbra/x40 f (6)-3.png,17,17,0.9999995,thymbra,thymbra,Correct
362,thymbra/x40 f (7)-2.png,17,17,0.9999995,thymbra,thymbra,Correct
363,thymbra/x40 f (7)-3.png,17,17,0.99999666,thymbra,thymbra,Correct
364,urginea/Asp.U.marX400wF(5317)(0)A-15.png,18,18,1.0,urginea,urginea,Correct
365,urginea/Asp.U.marX400wF(5317)(0)A-3.png,18,18,0.9999653,urginea,urginea,Correct
366,urginea/Asp.U.marX400wF(5321)(0)E-3.png,18,18,0.9999974,urginea,urginea,Correct
367,urginea/Asp.U.marX400wF(5321)(0)E-9.png,18,18,0.9999999,urginea,urginea,Correct
368,urginea/Asp.U.marX400wF(5322)(0)F-10.png,18,18,0.99999976,urginea,urginea,Correct
369,urginea/Asp.U.marX400wF(5322)(0)F-2.png,18,18,1.0,urginea,urginea,Correct
370,urginea/Asp.U.marX400wF(5323)(0)G-12.png,18,18,1.0,urginea,urginea,Correct
371,urginea/Asp.U.marX400wF(5324)(0)H-1.png,18,18,0.9999584,urginea,urginea,Correct
372,urginea/Asp.U.marX400wF(5324)(0)H-11.png,18,18,0.99999976,urginea,urginea,Correct
373,urginea/Asp.U.marX400wF(5324)(0)H-12.png,18,18,0.99999475,urginea,urginea,Correct
374,urginea/Asp.U.marX400wF(5324)(0)H-7.png,18,18,0.9999654,urginea,urginea,Correct
375,vitis/Vit.V.viniX400wF(4978)(0)A-17.png,19,19,0.9999856,vitis,vitis,Correct
376,vitis/Vit.V.viniX400wF(4978)(0)A-2.png,19,19,0.9999995,vitis,vitis,Correct
377,vitis/Vit.V.viniX400wF(4978)(0)A-27.png,19,19,0.9999808,vitis,vitis,Correct
378,vitis/Vit.V.viniX400wF(4978)(0)A-28.png,19,19,0.9990707,vitis,vitis,Correct
379,vitis/Vit.V.viniX400wF(4979)(0)B-10.png,19,19,0.9999987,vitis,vitis,Correct
380,vitis/Vit.V.viniX400wF(4979)(0)B-22.png,19,19,0.9999988,vitis,vitis,Correct
381,vitis/Vit.V.viniX400wF(4979)(0)B-23.png,19,19,1.0,vitis,vitis,Correct
382,vitis/Vit.V.viniX400wF(4980)(0)C-26.png,19,19,0.9999901,vitis,vitis,Correct
383,vitis/Vit.V.viniX400wF(4980)(0)C-29.png,19,19,0.999642,vitis,vitis,Correct
384,vitis/Vit.V.viniX400wF(4981)(0)D-17.png,19,19,0.877867,vitis,vitis,Correct
385,vitis/Vit.V.viniX400wF(4981)(0)D-23.png,19,19,0.99959356,vitis,vitis,Correct
386,vitis/Vit.V.viniX400wF(4981)(0)D-30.png,19,19,0.99999416,vitis,vitis,Correct
387,vitis/Vit.V.viniX400wF(4981)(0)D-9.png,19,19,0.9996542,vitis,vitis,Correct
388,vitis/Vit.V.viniX400wF(4982)(0)E-4.png,19,19,0.99999917,vitis,vitis,Correct
389,vitis/Vit.V.viniX400wF(4982)(0)E-6.png,19,19,0.9999901,vitis,vitis,Correct
390,vitis/Vit.V.viniX400wF(4983)(0)F-1.png,19,19,0.99944764,vitis,vitis,Correct
391,vitis/Vit.V.viniX400wF(4983)(0)F-26.png,19,19,0.99938655,vitis,vitis,Correct
392,vitis/Vit.V.viniX400wF(4983)(0)F-8.png,19,19,0.9999614,vitis,vitis,Correct
393,vitis/Vit.V.viniX400wF(4983)(0)F-9.png,19,19,0.9999831,vitis,vitis,Correct
394,vitis/Vit.V.viniX400wF(4984)(0)G-42.png,19,19,0.9948295,vitis,vitis,Correct
395,vitis/Vit.V.viniX400wF(4984)(0)G-45.png,19,19,0.99829227,vitis,vitis,Correct
396,vitis/Vit.V.viniX400wF(4984)(0)G-50.png,19,19,0.99999607,vitis,vitis,Correct
397,vitis/Vit.V.viniX400wF(4985)(0)H-1.png,19,19,0.9999666,vitis,vitis,Correct
398,vitis/Vit.V.viniX400wF(4985)(0)H-13.png,19,19,0.9999999,vitis,vitis,Correct
399,vitis/Vit.V.viniX400wF(4985)(0)H-34.png,19,19,0.999998,vitis,vitis,Correct
400,vitis/Vit.V.viniX400wF(4985)(0)H-35.png,19,19,0.99999976,vitis,vitis,Correct
401,vitis/Vit.V.viniX400wF(4985)(0)H-5.png,19,19,0.9999218,vitis,vitis,Correct
0,asphodelus/Asp.A.ramX400wF(1984)(0)A-8.png,0,0,0.9999962,asphodelus,asphodelus,Correct
1,asphodelus/Asp.A.ramX400wF(1987)(0)D-5.png,0,0,0.9999423,asphodelus,asphodelus,Correct
2,asphodelus/Asp.A.ramX400wF(1989)(0)F-4.png,0,0,0.99994326,asphodelus,asphodelus,Correct
4,calicotome/Fab.C.vilX400wF(2016)(0)A-4.png,1,1,0.9997662,calicotome,calicotome,Correct
5,calicotome/Fab.C.vilX400wF(2017)(0)B-20.png,1,1,0.93329513,calicotome,calicotome,Correct
6,calicotome/Fab.C.vilX400wF(2017)(0)B-22.png,1,1,0.7983337,calicotome,calicotome,Correct
7,calicotome/Fab.C.vilX400wF(2018)(0)C-19.png,1,1,0.9716323,calicotome,calicotome,Correct
8,calicotome/Fab.C.vilX400wF(2018)(0)C-8.png,1,1,0.93136024,calicotome,calicotome,Correct
9,calicotome/Fab.C.vilX400wF(2019)(0)D-113.png,1,1,0.99999964,calicotome,calicotome,Correct
10,calicotome/Fab.C.vilX400wF(2019)(0)D-116.png,1,1,0.9997603,calicotome,calicotome,Correct
12,calicotome/Fab.C.vilX400wF(2019)(0)D-22.png,1,1,0.9999951,calicotome,calicotome,Correct
13,calicotome/Fab.C.vilX400wF(2019)(0)D-25.png,1,1,0.9999801,calicotome,calicotome,Correct
15,calicotome/Fab.C.vilX400wF(2019)(0)D-31.png,1,1,0.99974173,calicotome,calicotome,Correct
16,calicotome/Fab.C.vilX400wF(2019)(0)D-33.png,1,1,0.9942842,calicotome,calicotome,Correct
17,calicotome/Fab.C.vilX400wF(2019)(0)D-38.png,1,1,0.9998493,calicotome,calicotome,Correct
18,calicotome/Fab.C.vilX400wF(2019)(0)D-40.png,1,1,0.9998927,calicotome,calicotome,Correct
19,calicotome/Fab.C.vilX400wF(2019)(0)D-44.png,1,1,0.9999721,calicotome,calicotome,Correct
20,calicotome/Fab.C.vilX400wF(2019)(0)D-79.png,1,1,0.999985,calicotome,calicotome,Correct
21,calicotome/Fab.C.vilX400wF(2020)(0)E-101.png,1,1,0.9999896,calicotome,calicotome,Correct
22,calicotome/Fab.C.vilX400wF(2020)(0)E-116.png,1,1,0.99999404,calicotome,calicotome,Correct
23,calicotome/Fab.C.vilX400wF(2020)(0)E-15.png,1,1,0.9999975,calicotome,calicotome,Correct
24,calicotome/Fab.C.vilX400wF(2020)(0)E-26.png,1,1,0.99998176,calicotome,calicotome,Correct
25,calicotome/Fab.C.vilX400wF(2020)(0)E-28.png,1,1,0.99995434,calicotome,calicotome,Correct
26,calicotome/Fab.C.vilX400wF(2020)(0)E-5.png,1,1,0.9961159,calicotome,calicotome,Correct
27,calicotome/Fab.C.vilX400wF(2020)(0)E-55.png,1,1,0.99995124,calicotome,calicotome,Correct
28,calicotome/Fab.C.vilX400wF(2020)(0)E-61.png,1,1,0.99608326,calicotome,calicotome,Correct
29,calicotome/Fab.C.vilX400wF(2020)(0)E-66.png,1,1,0.9999958,calicotome,calicotome,Correct
30,calicotome/Fab.C.vilX400wF(2020)(0)E-81.png,1,1,0.9999832,calicotome,calicotome,Correct
31,calicotome/Fab.C.vilX400wF(2020)(0)E-86.png,1,1,1.0,calicotome,calicotome,Correct
32,calicotome/Fab.C.vilX400wF(2020)(0)E-97.png,1,1,0.99997985,calicotome,calicotome,Correct
33,castanea/Fag.C.satX400wF(781)(0)A-11.png,2,2,0.99720395,castanea,castanea,Correct
34,castanea/Fag.C.satX400wF(781)(0)A-18.png,2,2,0.9804701,castanea,castanea,Correct
35,castanea/Fag.C.satX400wF(781)(0)A-36.png,2,2,0.99998796,castanea,castanea,Correct
36,castanea/Fag.C.satX400wF(781)(0)A-39.png,2,2,0.99999833,castanea,castanea,Correct
37,castanea/Fag.C.satX400wF(781)(0)A-4.png,2,2,0.9998852,castanea,castanea,Correct
38,castanea/Fag.C.satX400wF(781)(0)A-41.png,2,2,0.99999976,castanea,castanea,Correct
39,castanea/Fag.C.satX400wF(781)(0)A-6.png,2,2,0.9988807,castanea,castanea,Correct
40,castanea/Fag.C.satX400wF(781)(0)A-9.png,2,2,0.99997914,castanea,castanea,Correct
41,castanea/Fag.C.satX400wF(783)(0)C-13.png,2,2,0.99998677,castanea,castanea,Correct
42,castanea/Fag.C.satX400wF(784)(0)D-14.png,2,2,0.99783283,castanea,castanea,Correct
43,castanea/Fag.C.satX400wF(784)(0)D-17.png,2,2,0.9999976,castanea,castanea,Correct
44,castanea/Fag.C.satX400wF(784)(0)D-18.png,2,2,0.9997662,castanea,castanea,Correct
45,castanea/Fag.C.satX400wF(792)(781)G-23.png,2,2,0.9999479,castanea,castanea,Correct
46,castanea/Fag.C.satX400wF(792)(781)G-44.png,2,2,0.99998975,castanea,castanea,Correct
47,castanea/Fag.C.satX400wF(792)(781)G-45.png,2,2,0.99999094,castanea,castanea,Correct
48,castanea/Fag.C.satX400wF(792)(781)G-52.png,2,2,0.9999981,castanea,castanea,Correct
49,castanea/Fag.C.satX400wF(792)(781)G-7.png,2,2,0.9997782,castanea,castanea,Correct
50,castanea/Fag.C.satX400wF(793)(781)H-18.png,2,2,0.99824715,castanea,castanea,Correct
51,castanea/Fag.C.satX400wF(793)(781)H-36.png,2,2,0.9999974,castanea,castanea,Correct
52,castanea/Fag.C.satX400wF(793)(781)H-40.png,2,2,0.9999945,castanea,castanea,Correct
53,castanea/Fag.C.satX400wF(793)(781)H-6.png,2,2,0.9998597,castanea,castanea,Correct
54,castanea/Fag.C.satX400wF(793)(781)H-7.png,2,2,0.9999069,castanea,castanea,Correct
55,ceratonia/Fab.C.silX400wF(475)(0)A-10.png,3,3,0.99954456,ceratonia,ceratonia,Correct
56,ceratonia/Fab.C.silX400wF(475)(0)A-6.png,3,3,0.99988604,ceratonia,ceratonia,Correct
57,ceratonia/Fab.C.silX400wF(476)(0)B-10.png,3,3,0.99998724,ceratonia,ceratonia,Correct
58,ceratonia/Fab.C.silX400wF(476)(0)B-11.png,3,3,1.0,ceratonia,ceratonia,Correct
59,ceratonia/Fab.C.silX400wF(476)(0)B-4.png,3,3,1.0,ceratonia,ceratonia,Correct
60,ceratonia/Fab.C.silX400wF(478)(0)D-10.png,3,3,0.99995327,ceratonia,ceratonia,Correct
61,ceratonia/Fab.C.silX400wF(478)(0)D-3.png,3,3,0.9882373,ceratonia,ceratonia,Correct
62,ceratonia/Fab.C.silX400wF(478)(0)D-5.png,3,3,0.99997807,ceratonia,ceratonia,Correct
64,ceratonia/Fab.C.silX400wF(479)(0)E-17.png,3,3,0.99626863,ceratonia,ceratonia,Correct
65,ebenus/Fab.E.creX400wF(696)(0)D-2.png,4,4,0.99989533,ebenus,ebenus,Correct
66,ebenus/Fab.E.creX400wF(697)(0)E-2.png,4,4,0.99981683,ebenus,ebenus,Correct
67,erica/Eri.E.maniX400wF(5355)(0)A-10.png,5,5,0.9713362,erica,erica,Correct
68,erica/Eri.E.maniX400wF(5355)(0)A-3.png,5,5,0.999979,erica,erica,Correct
69,erica/Eri.E.maniX400wF(5355)(0)A-5.png,5,5,0.99979264,erica,erica,Correct
70,erica/Eri.E.maniX400wF(5355)(0)A-6.png,5,5,0.99999905,erica,erica,Correct
71,erica/Eri.E.maniX400wF(5356)(0)B-16.png,5,5,0.99985206,erica,erica,Correct
72,erica/Eri.E.maniX400wF(5357)(0)C-19.png,5,5,0.9999796,erica,erica,Correct
73,erica/Eri.E.maniX400wF(5357)(0)C-23.png,5,5,0.9999988,erica,erica,Correct
74,erica/Eri.E.maniX400wF(5357)(0)C-27.png,5,5,0.9999988,erica,erica,Correct
75,erica/Eri.E.maniX400wF(5357)(0)C-8.png,5,5,0.99992716,erica,erica,Correct
76,erica/Eri.E.maniX400wF(5359)(0)E-16.png,5,5,0.9999957,erica,erica,Correct
77,erica/Eri.E.maniX400wF(5360)(0)F-12.png,5,5,0.9999988,erica,erica,Correct
78,erica/Eri.E.maniX400wF(5360)(0)F-17.png,5,5,1.0,erica,erica,Correct
79,erica/Eri.E.maniX400wF(5360)(0)F-2.png,5,5,0.9999982,erica,erica,Correct
80,erica/Eri.E.maniX400wF(5360)(0)F-5.png,5,5,0.9999937,erica,erica,Correct
81,erica/Eri.E.maniX400wF(5360)(0)F-6.png,5,5,0.9999418,erica,erica,Correct
82,erica/Eri.E.maniX400wF(5360)(0)F-8.png,5,5,0.99998856,erica,erica,Correct
83,erica/Eri.E.maniX400wF(5362)(0)H-3.png,5,5,0.99999416,erica,erica,Correct
84,erica/Eri.E.maniX400wF(5363)(0)I-10.png,5,5,0.9999776,erica,erica,Correct
85,eucalyptus/Myr.E.camaX400wF(1867)(0)B-7.png,6,6,0.98735785,eucalyptus,eucalyptus,Correct
86,eucalyptus/Myr.E.camaX400wF(1868)(0)C-13.png,6,6,0.9963528,eucalyptus,eucalyptus,Correct
87,eucalyptus/Myr.E.camaX400wF(1868)(0)C-7.png,6,6,0.87443644,eucalyptus,eucalyptus,Correct
88,eucalyptus/Myr.E.camaX400wF(1871)(0)F-1.png,6,6,0.97901094,eucalyptus,eucalyptus,Correct
89,eucalyptus/Myr.E.camaX400wF(1871)(0)F-9.png,6,6,0.73175156,eucalyptus,eucalyptus,Correct
90,eucalyptus/Myr.E.camaX400wF(1872)(0)G-4.png,6,6,0.51617277,eucalyptus,eucalyptus,Correct
91,eucalyptus/Myr.E.camaX400wF(2962)(0)H-16.png,6,6,0.9993643,eucalyptus,eucalyptus,Correct
92,eucalyptus/Myr.E.camaX400wF(2962)(0)H-2.png,6,6,0.94776285,eucalyptus,eucalyptus,Correct
93,eucalyptus/Myr.E.camaX400wF(2962)(0)H-31.png,6,6,0.99716103,eucalyptus,eucalyptus,Correct
94,eucalyptus/Myr.E.camaX400wF(2963)(0)I-1.png,6,6,0.9999975,eucalyptus,eucalyptus,Correct
95,eucalyptus/Myr.E.camaX400wF(2964)(0)J-17.png,6,6,0.9997199,eucalyptus,eucalyptus,Correct
96,eucalyptus/Myr.E.camaX400wF(2964)(0)J-18.png,6,6,0.9995115,eucalyptus,eucalyptus,Correct
97,eucalyptus/Myr.E.camaX400wF(2964)(0)J-2.png,6,6,0.9992035,eucalyptus,eucalyptus,Correct
98,eucalyptus/Myr.E.camaX400wF(2965)(0)K-11.png,6,6,0.9789686,eucalyptus,eucalyptus,Correct
99,eucalyptus/Myr.E.camaX400wF(2965)(0)K-15.png,6,6,0.9999746,eucalyptus,eucalyptus,Correct
100,eucalyptus/Myr.E.camaX400wF(2965)(0)K-5.png,6,6,0.99993086,eucalyptus,eucalyptus,Correct
101,eucalyptus/Myr.E.camaX400wF(2965)(0)K-9.png,6,6,0.95675796,eucalyptus,eucalyptus,Correct
102,ferula/Api.F.comX400wF(2135)(0)A-15.png,7,7,0.9999882,ferula,ferula,Correct
103,ferula/Api.F.comX400wF(2135)(0)A-18.png,7,7,0.9550839,ferula,ferula,Correct
104,ferula/Api.F.comX400wF(2135)(0)A-6.png,7,7,0.98545974,ferula,ferula,Correct
105,ferula/Api.F.comX400wF(2136)(0)B-6.png,7,7,0.9999994,ferula,ferula,Correct
106,ferula/Api.F.comX400wF(2137)(0)C-6.png,7,7,0.9999443,ferula,ferula,Correct
107,ferula/Api.F.comX400wF(2138)(0)D-14.png,7,7,0.9999944,ferula,ferula,Correct
108,ferula/Api.F.comX400wF(2139)(0)E-12.png,7,7,0.99999344,ferula,ferula,Correct
109,ferula/Api.F.comX400wF(2139)(0)E-25.png,7,7,0.99999905,ferula,ferula,Correct
110,myrtus/IMG_3734-116.png,8,8,0.99993134,myrtus,myrtus,Correct
111,myrtus/IMG_3734-121.png,8,8,0.9999993,myrtus,myrtus,Correct
112,myrtus/IMG_3734-128.png,8,8,0.99601305,myrtus,myrtus,Correct
113,myrtus/IMG_3734-19.png,8,8,0.9999882,myrtus,myrtus,Correct
114,myrtus/IMG_3734-22.png,8,8,0.99746335,myrtus,myrtus,Correct
115,myrtus/IMG_3734-51.png,8,8,0.9999838,myrtus,myrtus,Correct
116,myrtus/IMG_3734-67.png,8,8,0.9999671,myrtus,myrtus,Correct
117,myrtus/IMG_3734-96.png,8,8,0.9999908,myrtus,myrtus,Correct
118,myrtus/IMG_3735-1.png,8,8,0.9998336,myrtus,myrtus,Correct
119,myrtus/IMG_3735-26.png,8,8,0.9999993,myrtus,myrtus,Correct
120,myrtus/IMG_3735-27.png,8,8,0.9999937,myrtus,myrtus,Correct
121,myrtus/IMG_3735-3.png,8,8,0.9997197,myrtus,myrtus,Correct
122,myrtus/IMG_3735-31.png,8,8,0.9999964,myrtus,myrtus,Correct
123,myrtus/IMG_3735-33.png,8,8,0.9999932,myrtus,myrtus,Correct
124,myrtus/IMG_3735-41.png,8,8,0.99988663,myrtus,myrtus,Correct
125,myrtus/IMG_3736-17.png,8,8,0.99997354,myrtus,myrtus,Correct
126,myrtus/IMG_3736-22.png,8,8,0.99280554,myrtus,myrtus,Correct
127,myrtus/IMG_3736-52.png,8,8,1.0,myrtus,myrtus,Correct
128,myrtus/IMG_3736-57.png,8,8,0.9999995,myrtus,myrtus,Correct
129,myrtus/IMG_3736-64.png,8,8,0.99999666,myrtus,myrtus,Correct
130,myrtus/IMG_3736-69.png,8,8,0.9999831,myrtus,myrtus,Correct
131,myrtus/IMG_3736-82.png,8,8,0.99997234,myrtus,myrtus,Correct
132,myrtus/IMG_3737-20.png,8,8,0.9999976,myrtus,myrtus,Correct
133,myrtus/IMG_3737-51.png,8,8,0.9998927,myrtus,myrtus,Correct
134,myrtus/IMG_3737-72.png,8,8,0.9970439,myrtus,myrtus,Correct
135,myrtus/IMG_3737-8.png,8,8,0.99849224,myrtus,myrtus,Correct
136,myrtus/IMG_3738-1.png,8,8,0.9997596,myrtus,myrtus,Correct
137,myrtus/IMG_3738-121.png,8,8,0.99984217,myrtus,myrtus,Correct
138,myrtus/IMG_3738-127.png,8,8,0.99996424,myrtus,myrtus,Correct
139,myrtus/IMG_3738-128.png,8,8,0.99814343,myrtus,myrtus,Correct
140,myrtus/IMG_3738-130.png,8,8,0.99994874,myrtus,myrtus,Correct
141,myrtus/IMG_3738-132.png,8,8,0.9999956,myrtus,myrtus,Correct
142,myrtus/IMG_3738-157.png,8,8,0.99991965,myrtus,myrtus,Correct
143,myrtus/IMG_3738-19.png,8,8,0.99998784,myrtus,myrtus,Correct
144,myrtus/IMG_3738-26.png,8,8,0.99979573,myrtus,myrtus,Correct
146,myrtus/IMG_3738-80.png,8,8,0.9999933,myrtus,myrtus,Correct
147,myrtus/IMG_3738-84.png,8,8,0.9999598,myrtus,myrtus,Correct
148,myrtus/IMG_3738-87.png,8,8,0.99996436,myrtus,myrtus,Correct
149,myrtus/IMG_3738-97.png,8,8,0.9999907,myrtus,myrtus,Correct
150,myrtus/IMG_3738-99.png,8,8,0.99999726,myrtus,myrtus,Correct
151,myrtus/IMG_3741-23.png,8,8,0.99997115,myrtus,myrtus,Correct
152,myrtus/IMG_3741-36.png,8,8,0.99973875,myrtus,myrtus,Correct
153,myrtus/IMG_3741-5.png,8,8,0.9999964,myrtus,myrtus,Correct
154,myrtus/IMG_3741-50.png,8,8,0.99999046,myrtus,myrtus,Correct
155,myrtus/IMG_3741-58.png,8,8,0.9999702,myrtus,myrtus,Correct
156,myrtus/IMG_3741-60.png,8,8,0.9999926,myrtus,myrtus,Correct
157,myrtus/IMG_3741-65.png,8,8,0.9998504,myrtus,myrtus,Correct
158,myrtus/IMG_3741-68.png,8,8,0.99469006,myrtus,myrtus,Correct
159,myrtus/IMG_3741-7.png,8,8,0.999974,myrtus,myrtus,Correct
160,myrtus/IMG_3742-2.png,8,8,0.99997675,myrtus,myrtus,Correct
161,myrtus/IMG_3742-20.png,8,8,0.99999523,myrtus,myrtus,Correct
162,myrtus/IMG_3742-22.png,8,8,0.99998,myrtus,myrtus,Correct
163,myrtus/IMG_3742-28.png,8,8,0.999997,myrtus,myrtus,Correct
164,myrtus/IMG_3742-31.png,8,8,0.99999464,myrtus,myrtus,Correct
165,myrtus/IMG_3742-39.png,8,8,0.9999981,myrtus,myrtus,Correct
166,myrtus/IMG_3743-14.png,8,8,0.99951565,myrtus,myrtus,Correct
167,myrtus/IMG_3743-33.png,8,8,0.99999845,myrtus,myrtus,Correct
168,myrtus/IMG_3743-36.png,8,8,0.9384109,myrtus,myrtus,Correct
169,myrtus/IMG_3743-7.png,8,8,0.9999895,myrtus,myrtus,Correct
170,myrtus/IMG_3744-11.png,8,8,0.99993634,myrtus,myrtus,Correct
171,myrtus/IMG_3744-20.png,8,8,0.9997372,myrtus,myrtus,Correct
172,myrtus/IMG_3744-9.png,8,8,0.9999919,myrtus,myrtus,Correct
173,myrtus/Myr.M.comX400wF(1095)(1091)A-13.png,8,8,0.99999976,myrtus,myrtus,Correct
174,myrtus/Myr.M.comX400wF(1095)(1091)A-17.png,8,8,0.9999963,myrtus,myrtus,Correct
175,myrtus/Myr.M.comX400wF(1095)(1091)A-47.png,8,8,0.9999881,myrtus,myrtus,Correct
176,myrtus/Myr.M.comX400wF(1095)(1091)A-52.png,8,8,0.99999833,myrtus,myrtus,Correct
177,myrtus/Myr.M.comX400wF(1095)(1091)A-66.png,8,8,0.99993527,myrtus,myrtus,Correct
178,myrtus/Myr.M.comX400wF(1095)(1091)A-81.png,8,8,0.99988425,myrtus,myrtus,Correct
179,myrtus/Myr.M.comX400wF(1095)(1091)A-82.png,8,8,0.9999815,myrtus,myrtus,Correct
180,myrtus/Myr.M.comX400wF(1095)(1091)A-88.png,8,8,0.9999449,myrtus,myrtus,Correct
181,myrtus/Myr.M.comX400wF(1097)(1090)C-21.png,8,8,0.9999989,myrtus,myrtus,Correct
182,myrtus/Myr.M.comX400wF(1097)(1090)C-31.png,8,8,0.99929,myrtus,myrtus,Correct
183,myrtus/Myr.M.comX400wF(1097)(1090)C-36.png,8,8,0.99997616,myrtus,myrtus,Correct
184,myrtus/Myr.M.comX400wF(1097)(1090)C-56.png,8,8,0.99999964,myrtus,myrtus,Correct
185,myrtus/Myr.M.comX400wF(1097)(1090)C-59.png,8,8,0.9999974,myrtus,myrtus,Correct
186,myrtus/Myr.M.comX400wF(1097)(1090)C-72.png,8,8,0.99995136,myrtus,myrtus,Correct
187,myrtus/Myr.M.comX400wF(1097)(1090)C-79.png,8,8,0.9999404,myrtus,myrtus,Correct
188,myrtus/Myr.M.comX400wF(1097)(1090)C-9.png,8,8,0.99999726,myrtus,myrtus,Correct
189,olea/Ole.O.euroX400wF(4261)(0)A-24.png,9,9,0.99951315,olea,olea,Correct
190,olea/Ole.O.euroX400wF(4261)(0)A-30.png,9,9,0.97087383,olea,olea,Correct
191,olea/Ole.O.euroX400wF(4261)(0)A-4.png,9,9,0.99737275,olea,olea,Correct
192,olea/Ole.O.euroX400wF(4261)(0)A-56.png,9,9,0.9916692,olea,olea,Correct
193,olea/Ole.O.euroX400wF(4261)(0)A-6.png,9,9,0.9984736,olea,olea,Correct
194,olea/Ole.O.euroX400wF(4261)(0)A-7.png,9,9,0.99994314,olea,olea,Correct
195,olea/Ole.O.euroX400wF(4262)(0)B-19.png,9,9,0.9873346,olea,olea,Correct
196,olea/Ole.O.euroX400wF(4262)(0)B-2.png,9,9,0.9646255,olea,olea,Correct
197,olea/Ole.O.euroX400wF(4262)(0)B-26.png,9,9,0.9999478,olea,olea,Correct
198,olea/Ole.O.euroX400wF(4263)(0)C-109.png,9,9,0.9999546,olea,olea,Correct
199,olea/Ole.O.euroX400wF(4263)(0)C-153.png,9,9,0.99999964,olea,olea,Correct
200,olea/Ole.O.euroX400wF(4263)(0)C-168.png,9,9,0.99890435,olea,olea,Correct
201,olea/Ole.O.euroX400wF(4263)(0)C-179.png,9,9,0.993254,olea,olea,Correct
202,olea/Ole.O.euroX400wF(4263)(0)C-188.png,9,9,0.99948126,olea,olea,Correct
203,olea/Ole.O.euroX400wF(4263)(0)C-192.png,9,9,0.9961373,olea,olea,Correct
204,olea/Ole.O.euroX400wF(4263)(0)C-193.png,9,9,0.99959356,olea,olea,Correct
205,olea/Ole.O.euroX400wF(4263)(0)C-199.png,9,9,0.99988043,olea,olea,Correct
206,olea/Ole.O.euroX400wF(4263)(0)C-23.png,9,9,0.99999106,olea,olea,Correct
207,olea/Ole.O.euroX400wF(4263)(0)C-27.png,9,9,0.9999987,olea,olea,Correct
208,olea/Ole.O.euroX400wF(4263)(0)C-34.png,9,9,0.9999943,olea,olea,Correct
209,olea/Ole.O.euroX400wF(4263)(0)C-4.png,9,9,0.99947387,olea,olea,Correct
210,olea/Ole.O.euroX400wF(4263)(0)C-52.png,9,9,0.99856347,olea,olea,Correct
211,olea/Ole.O.euroX400wF(4263)(0)C-58.png,9,9,0.9997477,olea,olea,Correct
212,olea/Ole.O.euroX400wF(4263)(0)C-60.png,9,9,0.9999932,olea,olea,Correct
213,olea/Ole.O.euroX400wF(4263)(0)C-67.png,9,9,0.9999753,olea,olea,Correct
214,olea/Ole.O.euroX400wF(4263)(0)C-68.png,9,9,0.9999585,olea,olea,Correct
215,olea/Ole.O.euroX400wF(4263)(0)C-73.png,9,9,0.9997733,olea,olea,Correct
216,olea/Ole.O.euroX400wF(4263)(0)C-76.png,9,9,0.8697392,olea,olea,Correct
217,olea/Ole.O.euroX400wF(4263)(0)C-80.png,9,9,0.9998512,olea,olea,Correct
218,olea/Ole.O.euroX400wF(4263)(0)C-96.png,9,9,0.99999166,olea,olea,Correct
219,olea/Ole.O.euroX400wF(4263)(0)C-97.png,9,9,0.968811,olea,olea,Correct
220,olea/Ole.O.euroX400wF(4264)(0)D-113.png,9,9,0.99983037,olea,olea,Correct
221,olea/Ole.O.euroX400wF(4264)(0)D-114.png,9,9,0.99847895,olea,olea,Correct
222,olea/Ole.O.euroX400wF(4264)(0)D-143.png,9,9,0.99531484,olea,olea,Correct
223,olea/Ole.O.euroX400wF(4264)(0)D-15.png,9,9,0.999936,olea,olea,Correct
224,olea/Ole.O.euroX400wF(4264)(0)D-152.png,9,9,0.99918383,olea,olea,Correct
225,olea/Ole.O.euroX400wF(4264)(0)D-27.png,9,9,0.98107696,olea,olea,Correct
226,olea/Ole.O.euroX400wF(4264)(0)D-4.png,9,9,0.9999927,olea,olea,Correct
227,olea/Ole.O.euroX400wF(4264)(0)D-52.png,9,9,0.9999808,olea,olea,Correct
228,olea/Ole.O.euroX400wF(4264)(0)D-7.png,9,9,0.9974509,olea,olea,Correct
229,olea/Ole.O.euroX400wF(4264)(0)D-71.png,9,9,0.999969,olea,olea,Correct
230,olea/Ole.O.euroX400wF(4264)(0)D-9.png,9,9,0.9997409,olea,olea,Correct
231,olea/Ole.O.euroX400wF(4264)(0)D-99.png,9,9,0.99998415,olea,olea,Correct
232,olea/Ole.O.euroX400wF(4265)(0)E-109.png,9,9,0.99999404,olea,olea,Correct
233,olea/Ole.O.euroX400wF(4265)(0)E-114.png,9,9,0.9999949,olea,olea,Correct
234,olea/Ole.O.euroX400wF(4265)(0)E-134.png,9,9,0.9999484,olea,olea,Correct
235,olea/Ole.O.euroX400wF(4265)(0)E-136.png,9,9,0.99982077,olea,olea,Correct
236,olea/Ole.O.euroX400wF(4265)(0)E-155.png,9,9,0.9999987,olea,olea,Correct
237,olea/Ole.O.euroX400wF(4265)(0)E-160.png,9,9,0.9999455,olea,olea,Correct
238,olea/Ole.O.euroX400wF(4265)(0)E-163.png,9,9,0.9999989,olea,olea,Correct
239,olea/Ole.O.euroX400wF(4265)(0)E-164.png,9,9,0.99999607,olea,olea,Correct
240,olea/Ole.O.euroX400wF(4265)(0)E-171.png,9,9,0.99995077,olea,olea,Correct
241,olea/Ole.O.euroX400wF(4265)(0)E-180.png,9,9,0.9999987,olea,olea,Correct
242,olea/Ole.O.euroX400wF(4265)(0)E-193.png,9,9,0.9999902,olea,olea,Correct
243,olea/Ole.O.euroX400wF(4265)(0)E-195.png,9,9,0.9999763,olea,olea,Correct
244,olea/Ole.O.euroX400wF(4265)(0)E-202.png,9,9,0.9997497,olea,olea,Correct
245,olea/Ole.O.euroX400wF(4265)(0)E-208.png,9,9,0.5745127,olea,olea,Correct
246,olea/Ole.O.euroX400wF(4265)(0)E-49.png,9,9,0.999553,olea,olea,Correct
247,olea/Ole.O.euroX400wF(4265)(0)E-89.png,9,9,0.9999012,olea,olea,Correct
248,olea/Ole.O.euroX400wF(4266)(0)F-102.png,9,9,0.9994654,olea,olea,Correct
249,olea/Ole.O.euroX400wF(4266)(0)F-103.png,9,9,0.99992216,olea,olea,Correct
250,olea/Ole.O.euroX400wF(4266)(0)F-108.png,9,9,0.99783665,olea,olea,Correct
251,olea/Ole.O.euroX400wF(4266)(0)F-116.png,9,9,0.9999957,olea,olea,Correct
252,olea/Ole.O.euroX400wF(4266)(0)F-117.png,9,9,0.9998005,olea,olea,Correct
253,olea/Ole.O.euroX400wF(4266)(0)F-132.png,9,9,0.9999726,olea,olea,Correct
255,olea/Ole.O.euroX400wF(4266)(0)F-137.png,9,9,0.99902475,olea,olea,Correct
256,olea/Ole.O.euroX400wF(4266)(0)F-140.png,9,9,0.9999546,olea,olea,Correct
257,olea/Ole.O.euroX400wF(4266)(0)F-29.png,9,9,0.99965084,olea,olea,Correct
258,olea/Ole.O.euroX400wF(4266)(0)F-33.png,9,9,0.9972499,olea,olea,Correct
259,olea/Ole.O.euroX400wF(4266)(0)F-41.png,9,9,0.9999602,olea,olea,Correct
260,olea/Ole.O.euroX400wF(4266)(0)F-45.png,9,9,0.9998709,olea,olea,Correct
261,olea/Ole.O.euroX400wF(4266)(0)F-48.png,9,9,0.99986744,olea,olea,Correct
262,olea/Ole.O.euroX400wF(4266)(0)F-62.png,9,9,0.99995875,olea,olea,Correct
263,olea/Ole.O.euroX400wF(4266)(0)F-85.png,9,9,0.99910825,olea,olea,Correct
264,olea/Ole.O.euroX400wF(4266)(0)F-89.png,9,9,0.9998357,olea,olea,Correct
265,olea/Ole.O.euroX400wF(4267)(0)G-15.png,9,9,0.9995245,olea,olea,Correct
266,olea/Ole.O.euroX400wF(4267)(0)G-34.png,9,9,0.9970119,olea,olea,Correct
267,olea/Ole.O.euroX400wF(4267)(0)G-46.png,9,9,0.99914277,olea,olea,Correct
268,origanum/Lam.O.micX400wF(885)(0)B-1.png,10,10,0.99999845,origanum,origanum,Correct
269,origanum/Lam.O.micX400wF(886)(0)C-12.png,10,10,1.0,origanum,origanum,Correct
270,origanum/Lam.O.micX400wF(886)(0)C-14.png,10,10,0.9999987,origanum,origanum,Correct
271,origanum/Lam.O.micX400wF(886)(0)C-32.png,10,10,1.0,origanum,origanum,Correct
272,origanum/Lam.O.micX400wF(886)(0)C-38.png,10,10,0.99996114,origanum,origanum,Correct
273,origanum/Lam.O.micX400wF(886)(0)C-46.png,10,10,0.9998752,origanum,origanum,Correct
274,origanum/Lam.O.micX400wF(886)(0)C-5.png,10,10,0.9999931,origanum,origanum,Correct
275,origanum/Lam.O.micX400wF(886)(0)C-59.png,10,10,1.0,origanum,origanum,Correct
276,origanum/Lam.O.micX400wF(886)(0)C-8.png,10,10,0.9999999,origanum,origanum,Correct
277,origanum/Lam.O.micX400wF(887)(0)D-2.png,10,10,0.99989974,origanum,origanum,Correct
278,origanum/Lam.O.micX400wF(887)(0)D-7.png,10,10,0.99997234,origanum,origanum,Correct
280,origanum/Lam.O.micX400wF(889)(0)F-26.png,10,10,0.99992573,origanum,origanum,Correct
281,origanum/Lam.O.micX400wF(889)(0)F-30.png,10,10,1.0,origanum,origanum,Correct
282,origanum/Lam.O.micX400wF(889)(0)F-4.png,10,10,0.9999999,origanum,origanum,Correct
283,origanum/Lam.O.micX400wF(889)(0)F-54.png,10,10,0.99997056,origanum,origanum,Correct
284,origanum/Lam.O.micX400wF(889)(0)F-57.png,10,10,0.9991037,origanum,origanum,Correct
285,oxalis/Oxa.O.pes.cX400wF(1733)(0)A-1.png,11,11,0.99999905,oxalis,oxalis,Correct
286,oxalis/Oxa.O.pes.cX400wF(1733)(0)A-17.png,11,11,0.9999999,oxalis,oxalis,Correct
287,oxalis/Oxa.O.pes.cX400wF(1733)(0)A-18.png,11,11,0.99999213,oxalis,oxalis,Correct
288,oxalis/Oxa.O.pes.cX400wF(1733)(0)A-8.png,11,11,0.999984,oxalis,oxalis,Correct
289,oxalis/Oxa.O.pes.cX400wF(1734)(0)B-9.png,11,11,0.99999654,oxalis,oxalis,Correct
290,oxalis/Oxa.O.pes.cX400wF(1737)(1736)E-4.png,11,11,1.0,oxalis,oxalis,Correct
291,oxalis/Oxa.O.pes.cX400wF(1738)(0)F-12.png,11,11,0.9999999,oxalis,oxalis,Correct
292,oxalis/Oxa.O.pes.cX400wF(1741)(0)I-5.png,11,11,0.9999995,oxalis,oxalis,Correct
293,oxalis/Oxa.O.pes.cX400wF(1742)(1741)J-1.png,11,11,0.999995,oxalis,oxalis,Correct
294,oxalis/Oxa.O.pes.cX400wF(1743)(0)K-1.png,11,11,0.99999976,oxalis,oxalis,Correct
295,oxalis/Oxa.O.pes.cX400wF(1743)(0)K-10.png,11,11,0.9999999,oxalis,oxalis,Correct
296,oxalis/Oxa.O.pes.cX400wF(1743)(0)K-13.png,11,11,0.9999981,oxalis,oxalis,Correct
297,oxalis/Oxa.O.pes.cX400wF(1743)(0)K-15.png,11,11,0.9999999,oxalis,oxalis,Correct
298,oxalis/Oxa.O.pes.cX400wF(1743)(0)K-23.png,11,11,0.9999994,oxalis,oxalis,Correct
299,pinus/Pin.P.brutX400wF(3172)(0)B-6.png,12,12,0.99999905,pinus,pinus,Correct
300,pinus/Pin.P.brutX400wF(3173)(0)C-1.png,12,12,0.9999999,pinus,pinus,Correct
301,pinus/Pin.P.brutX400wF(3174)(0)D-4.png,12,12,0.9999988,pinus,pinus,Correct
302,pistacia/Ana.P.tereX400wF(3222)(0)A-6.png,13,13,0.9999869,pistacia,pistacia,Correct
303,pistacia/Ana.P.tereX400wF(3224)(0)C-13.png,13,13,0.9992874,pistacia,pistacia,Correct
304,pistacia/Ana.P.tereX400wF(3226)(0)E-8.png,13,13,0.99998343,pistacia,pistacia,Correct
305,salvia/Lam.S.triX400wF(2188)(0)A-4.png,14,14,0.9996166,salvia,salvia,Correct
306,salvia/Lam.S.triX400wF(2189)(0)B-13.png,14,14,0.99995184,salvia,salvia,Correct
307,salvia/Lam.S.triX400wF(2189)(0)B-23.png,14,14,0.99998,salvia,salvia,Correct
308,salvia/Lam.S.triX400wF(2189)(0)B-26.png,14,14,0.999962,salvia,salvia,Correct
309,salvia/Lam.S.triX400wF(2189)(0)B-28.png,14,14,0.881765,salvia,salvia,Correct
310,salvia/Lam.S.triX400wF(2189)(0)B-34.png,14,14,0.999928,salvia,salvia,Correct
311,salvia/Lam.S.triX400wF(2190)(0)C-13.png,14,14,0.99994695,salvia,salvia,Correct
312,salvia/Lam.S.triX400wF(2190)(0)C-28.png,14,14,0.999949,salvia,salvia,Correct
313,salvia/Lam.S.triX400wF(2190)(0)C-29.png,14,14,0.9999987,salvia,salvia,Correct
314,salvia/Lam.S.triX400wF(2190)(0)C-6.png,14,14,0.9999993,salvia,salvia,Correct
315,salvia/Lam.S.triX400wF(2190)(0)C-7.png,14,14,0.9999031,salvia,salvia,Correct
316,salvia/Lam.S.triX400wF(2191)(0)D-16.png,14,14,0.99999535,salvia,salvia,Correct
317,salvia/Lam.S.triX400wF(2191)(0)D-22.png,14,14,0.9999974,salvia,salvia,Correct
318,salvia/Lam.S.triX400wF(2191)(0)D-44.png,14,14,0.9999846,salvia,salvia,Correct
319,salvia/Lam.S.triX400wF(2191)(0)D-45.png,14,14,0.99999726,salvia,salvia,Correct
320,salvia/Lam.S.triX400wF(2191)(0)D-9.png,14,14,0.99999785,salvia,salvia,Correct
321,salvia/Lam.S.triX400wF(2192)(0)E-6.png,14,14,0.9999988,salvia,salvia,Correct
322,salvia/Lam.S.triX400wF(2193)(0)F-11.png,14,14,0.9999963,salvia,salvia,Correct
323,satureja/Lam.S.thyX400wF(941)(937)A-1.png,15,15,0.9993568,satureja,satureja,Correct
325,satureja/Lam.S.thyX400wF(943)(990)C-2.png,15,15,0.99969757,satureja,satureja,Correct
326,satureja/Lam.S.thyX400wF(944)(940)E-11.png,15,15,0.98701173,satureja,satureja,Correct
327,satureja/Lam.S.thyX400wF(944)(940)E-27.png,15,15,0.9968059,satureja,satureja,Correct
328,satureja/Lam.S.thyX400wF(946)(0)G-1.png,15,15,0.9904817,satureja,satureja,Correct
329,satureja/Lam.S.thyX400wF(947)(0)H-2.png,15,15,0.9980623,satureja,satureja,Correct
330,sinapis/Bra.S.albX400wF(2150)(0)A-4.png,16,16,0.8845231,sinapis,sinapis,Correct
331,sinapis/Bra.S.albX400wF(2150)(0)A-9.png,16,16,0.9999473,sinapis,sinapis,Correct
332,sinapis/Bra.S.albX400wF(2151)(0)B-14.png,16,16,0.91292477,sinapis,sinapis,Correct
334,sinapis/Bra.S.albX400wF(2151)(0)B-24.png,16,16,0.99753416,sinapis,sinapis,Correct
335,sinapis/Bra.S.albX400wF(2151)(0)B-27.png,16,16,0.9938235,sinapis,sinapis,Correct
336,sinapis/Bra.S.albX400wF(2152)(0)C-13.png,16,16,0.99999356,sinapis,sinapis,Correct
337,sinapis/Bra.S.albX400wF(2152)(0)C-14.png,16,16,0.7343299,sinapis,sinapis,Correct
338,sinapis/Bra.S.albX400wF(2152)(0)C-7.png,16,16,0.9998921,sinapis,sinapis,Correct
339,sinapis/Bra.S.albX400wF(2154)(0)E-23.png,16,16,0.85834384,sinapis,sinapis,Correct
340,sinapis/Bra.S.albX400wF(2154)(0)E-24.png,16,16,0.9999995,sinapis,sinapis,Correct
341,sinapis/IMG_3701-2.png,16,16,0.99968815,sinapis,sinapis,Correct
342,sinapis/IMG_3704-13.png,16,16,0.99999917,sinapis,sinapis,Correct
343,sinapis/IMG_3704-8.png,16,16,0.99999833,sinapis,sinapis,Correct
344,sinapis/IMG_3706-7.png,16,16,0.99999774,sinapis,sinapis,Correct
345,sinapis/IMG_3708-11.png,16,16,0.8553663,sinapis,sinapis,Correct
346,sinapis/IMG_3708-12.png,16,16,0.99989784,sinapis,sinapis,Correct
347,sinapis/IMG_3708-14.png,16,16,0.99844885,sinapis,sinapis,Correct
348,sinapis/IMG_3708-7.png,16,16,0.999201,sinapis,sinapis,Correct
349,sinapis/IMG_3708-9.png,16,16,0.54530525,sinapis,sinapis,Correct
350,thymbra/Lam.T.capX400wF(1029)(0)A-19.png,17,17,0.99998796,thymbra,thymbra,Correct
351,thymbra/Lam.T.capX400wF(1030)(0)B-7.png,17,17,0.98514026,thymbra,thymbra,Correct
352,thymbra/Lam.T.capX400wF(1030)(0)B-8.png,17,17,0.9496954,thymbra,thymbra,Correct
353,thymbra/Lam.T.capX400wF(1031)(0)C-15.png,17,17,0.99202466,thymbra,thymbra,Correct
354,thymbra/Lam.T.capX400wF(1032)(0)D-12.png,17,17,0.99958974,thymbra,thymbra,Correct
355,thymbra/Lam.T.capX400wF(1032)(0)D-6.png,17,17,0.9998148,thymbra,thymbra,Correct
356,thymbra/Lam.T.capX400wF(1033)(0)E-1.png,17,17,0.9908098,thymbra,thymbra,Correct
357,thymbra/Lam.T.capX400wF(1033)(0)E-10.png,17,17,0.9999571,thymbra,thymbra,Correct
358,thymbra/x40 f (1)-5.png,17,17,0.99996877,thymbra,thymbra,Correct
359,thymbra/x40 f (1)-7.png,17,17,0.9895851,thymbra,thymbra,Correct
360,thymbra/x40 f (3)-1.png,17,17,0.9978333,thymbra,thymbra,Correct
361,thymbra/x40 f (3)-5.png,17,17,0.9999553,thymbra,thymbra,Correct
362,thymbra/x40 f (5)-10.png,17,17,0.99922216,thymbra,thymbra,Correct
363,thymbra/x40 f (7)-7.png,17,17,0.9866411,thymbra,thymbra,Correct
364,urginea/Asp.U.marX400wF(5317)(0)A-6.png,18,18,0.9999739,urginea,urginea,Correct
365,urginea/Asp.U.marX400wF(5319)(0)C-2.png,18,18,0.9999788,urginea,urginea,Correct
366,urginea/Asp.U.marX400wF(5319)(0)C-7.png,18,18,0.99960166,urginea,urginea,Correct
367,urginea/Asp.U.marX400wF(5319)(0)C-8.png,18,18,0.9985708,urginea,urginea,Correct
368,urginea/Asp.U.marX400wF(5321)(0)E-8.png,18,18,0.99908483,urginea,urginea,Correct
369,urginea/Asp.U.marX400wF(5322)(0)F-3.png,18,18,0.99682224,urginea,urginea,Correct
370,urginea/Asp.U.marX400wF(5322)(0)F-4.png,18,18,0.9999429,urginea,urginea,Correct
371,urginea/Asp.U.marX400wF(5323)(0)G-5.png,18,18,0.99999845,urginea,urginea,Correct
372,urginea/Asp.U.marX400wF(5324)(0)H-13.png,18,18,0.99999154,urginea,urginea,Correct
373,urginea/Asp.U.marX400wF(5324)(0)H-14.png,18,18,0.99998796,urginea,urginea,Correct
374,urginea/Asp.U.marX400wF(5324)(0)H-4.png,18,18,0.99988997,urginea,urginea,Correct
375,vitis/Vit.V.viniX400wF(4978)(0)A-1.png,19,19,0.9998915,vitis,vitis,Correct
376,vitis/Vit.V.viniX400wF(4978)(0)A-19.png,19,19,0.99999166,vitis,vitis,Correct
377,vitis/Vit.V.viniX400wF(4978)(0)A-23.png,19,19,0.9994727,vitis,vitis,Correct
378,vitis/Vit.V.viniX400wF(4978)(0)A-6.png,19,19,0.9999671,vitis,vitis,Correct
379,vitis/Vit.V.viniX400wF(4979)(0)B-15.png,19,19,0.9998179,vitis,vitis,Correct
380,vitis/Vit.V.viniX400wF(4979)(0)B-24.png,19,19,0.99999547,vitis,vitis,Correct
381,vitis/Vit.V.viniX400wF(4979)(0)B-25.png,19,19,0.9999994,vitis,vitis,Correct
382,vitis/Vit.V.viniX400wF(4980)(0)C-2.png,19,19,0.98766744,vitis,vitis,Correct
383,vitis/Vit.V.viniX400wF(4980)(0)C-5.png,19,19,0.9999964,vitis,vitis,Correct
384,vitis/Vit.V.viniX400wF(4981)(0)D-12.png,19,19,0.9981377,vitis,vitis,Correct
385,vitis/Vit.V.viniX400wF(4981)(0)D-20.png,19,19,0.99986625,vitis,vitis,Correct
386,vitis/Vit.V.viniX400wF(4981)(0)D-25.png,19,19,0.99986565,vitis,vitis,Correct
387,vitis/Vit.V.viniX400wF(4982)(0)E-11.png,19,19,0.9999988,vitis,vitis,Correct
388,vitis/Vit.V.viniX400wF(4982)(0)E-13.png,19,19,0.99998343,vitis,vitis,Correct
389,vitis/Vit.V.viniX400wF(4983)(0)F-10.png,19,19,0.9982772,vitis,vitis,Correct
390,vitis/Vit.V.viniX400wF(4983)(0)F-13.png,19,19,0.98906213,vitis,vitis,Correct
391,vitis/Vit.V.viniX400wF(4983)(0)F-20.png,19,19,0.9993438,vitis,vitis,Correct
392,vitis/Vit.V.viniX400wF(4983)(0)F-3.png,19,19,0.99947876,vitis,vitis,Correct
393,vitis/Vit.V.viniX400wF(4983)(0)F-4.png,19,19,0.9836204,vitis,vitis,Correct
394,vitis/Vit.V.viniX400wF(4984)(0)G-12.png,19,19,0.9275326,vitis,vitis,Correct
395,vitis/Vit.V.viniX400wF(4984)(0)G-20.png,19,19,0.99916947,vitis,vitis,Correct
396,vitis/Vit.V.viniX400wF(4984)(0)G-6.png,19,19,0.98280615,vitis,vitis,Correct
397,vitis/Vit.V.viniX400wF(4985)(0)H-21.png,19,19,0.9999852,vitis,vitis,Correct
398,vitis/Vit.V.viniX400wF(4985)(0)H-31.png,19,19,0.9999994,vitis,vitis,Correct
399,vitis/Vit.V.viniX400wF(4985)(0)H-37.png,19,19,0.9999496,vitis,vitis,Correct
400,vitis/Vit.V.viniX400wF(4985)(0)H-40.png,19,19,0.9999913,vitis,vitis,Correct
401,vitis/Vit.V.viniX400wF(4985)(0)H-41.png,19,19,0.9999362,vitis,vitis,Correct
