Unnamed: 0,file,y_true,y_pred,confidence,true_label,predicted_label,status
0,asphodelus/Asp.A.ramX400wF(1984)(0)A-10.png,0,0,0.9993679,asphodelus,asphodelus,Correct
1,asphodelus/Asp.A.ramX400wF(1985)(0)B-2.png,0,0,0.9994772,asphodelus,asphodelus,Correct
2,asphodelus/Asp.A.ramX400wF(1987)(0)D-1.png,0,0,0.9995553,asphodelus,asphodelus,Correct
3,asphodelus/Asp.A.ramX400wF(1990)(0)G-2.png,0,0,0.99940264,asphodelus,asphodelus,Correct
4,calicotome/Fab.C.vilX400wF(2016)(0)A-18.png,1,1,0.99982387,calicotome,calicotome,Correct
5,calicotome/Fab.C.vilX400wF(2016)(0)A-8.png,1,1,0.9996246,calicotome,calicotome,Correct
6,calicotome/Fab.C.vilX400wF(2017)(0)B-19.png,1,1,0.99601233,calicotome,calicotome,Correct
7,calicotome/Fab.C.vilX400wF(2017)(0)B-2.png,1,1,0.86845946,calicotome,calicotome,Correct
8,calicotome/Fab.C.vilX400wF(2017)(0)B-21.png,1,1,0.99874383,calicotome,calicotome,Correct
9,calicotome/Fab.C.vilX400wF(2017)(0)B-5.png,1,1,0.99954623,calicotome,calicotome,Correct
10,calicotome/Fab.C.vilX400wF(2018)(0)C-17.png,1,1,0.9998418,calicotome,calicotome,Correct
11,calicotome/Fab.C.vilX400wF(2019)(0)D-101.png,1,1,0.999833,calicotome,calicotome,Correct
12,calicotome/Fab.C.vilX400wF(2019)(0)D-120.png,1,1,0.9994785,calicotome,calicotome,Correct
13,calicotome/Fab.C.vilX400wF(2019)(0)D-15.png,1,1,0.9996026,calicotome,calicotome,Correct
14,calicotome/Fab.C.vilX400wF(2019)(0)D-17.png,1,1,0.91712075,calicotome,calicotome,Correct
15,calicotome/Fab.C.vilX400wF(2019)(0)D-24.png,1,1,0.9998288,calicotome,calicotome,Correct
16,calicotome/Fab.C.vilX400wF(2019)(0)D-34.png,1,1,0.99965405,calicotome,calicotome,Correct
17,calicotome/Fab.C.vilX400wF(2019)(0)D-42.png,1,1,0.999741,calicotome,calicotome,Correct
18,calicotome/Fab.C.vilX400wF(2019)(0)D-43.png,1,1,0.9907492,calicotome,calicotome,Correct
19,calicotome/Fab.C.vilX400wF(2019)(0)D-50.png,1,1,0.99979144,calicotome,calicotome,Correct
20,calicotome/Fab.C.vilX400wF(2019)(0)D-53.png,1,1,0.9996742,calicotome,calicotome,Correct
21,calicotome/Fab.C.vilX400wF(2019)(0)D-54.png,1,1,0.9995803,calicotome,calicotome,Correct
22,calicotome/Fab.C.vilX400wF(2019)(0)D-99.png,1,1,0.9995615,calicotome,calicotome,Correct
23,calicotome/Fab.C.vilX400wF(2020)(0)E-112.png,1,1,0.9998043,calicotome,calicotome,Correct
24,calicotome/Fab.C.vilX400wF(2020)(0)E-113.png,1,1,0.45679674,calicotome,calicotome,Correct
25,calicotome/Fab.C.vilX400wF(2020)(0)E-19.png,1,1,0.99969685,calicotome,calicotome,Correct
26,calicotome/Fab.C.vilX400wF(2020)(0)E-34.png,1,1,0.9997434,calicotome,calicotome,Correct
27,calicotome/Fab.C.vilX400wF(2020)(0)E-43.png,1,1,0.99978656,calicotome,calicotome,Correct
28,calicotome/Fab.C.vilX400wF(2020)(0)E-58.png,1,1,0.999694,calicotome,calicotome,Correct
29,calicotome/Fab.C.vilX400wF(2020)(0)E-63.png,1,1,0.9995229,calicotome,calicotome,Correct
30,calicotome/Fab.C.vilX400wF(2020)(0)E-68.png,1,1,0.99977154,calicotome,calicotome,Correct
31,calicotome/Fab.C.vilX400wF(2020)(0)E-75.png,1,1,0.9694657,calicotome,calicotome,Correct
32,calicotome/Fab.C.vilX400wF(2020)(0)E-76.png,1,1,0.99991727,calicotome,calicotome,Correct
33,calicotome/Fab.C.vilX400wF(2020)(0)E-85.png,1,1,0.9994929,calicotome,calicotome,Correct
34,castanea/Fag.C.satX400wF(781)(0)A-2.png,2,2,0.99964464,castanea,castanea,Correct
35,castanea/Fag.C.satX400wF(781)(0)A-22.png,2,2,0.9994293,castanea,castanea,Correct
36,castanea/Fag.C.satX400wF(781)(0)A-23.png,2,2,0.99965024,castanea,castanea,Correct
37,castanea/Fag.C.satX400wF(781)(0)A-31.png,2,2,0.9996871,castanea,castanea,Correct
38,castanea/Fag.C.satX400wF(781)(0)A-33.png,2,2,0.99968815,castanea,castanea,Correct
39,castanea/Fag.C.satX400wF(781)(0)A-7.png,2,2,0.99963105,castanea,castanea,Correct
40,castanea/Fag.C.satX400wF(781)(0)A-8.png,2,2,0.9997681,castanea,castanea,Correct
41,castanea/Fag.C.satX400wF(782)(0)B-5.png,2,2,0.9995258,castanea,castanea,Correct
42,castanea/Fag.C.satX400wF(782)(0)B-7.png,2,2,0.99969983,castanea,castanea,Correct
43,castanea/Fag.C.satX400wF(784)(0)D-11.png,2,2,0.999564,castanea,castanea,Correct
44,castanea/Fag.C.satX400wF(786)(0)F-10.png,2,2,0.99971837,castanea,castanea,Correct
45,castanea/Fag.C.satX400wF(786)(0)F-2.png,2,2,0.9996834,castanea,castanea,Correct
46,castanea/Fag.C.satX400wF(792)(781)G-18.png,2,2,0.99954957,castanea,castanea,Correct
47,castanea/Fag.C.satX400wF(792)(781)G-20.png,2,2,0.9995152,castanea,castanea,Correct
48,castanea/Fag.C.satX400wF(792)(781)G-26.png,2,2,0.99965894,castanea,castanea,Correct
49,castanea/Fag.C.satX400wF(792)(781)G-31.png,2,2,0.999574,castanea,castanea,Correct
50,castanea/Fag.C.satX400wF(792)(781)G-41.png,2,2,0.9994419,castanea,castanea,Correct
51,castanea/Fag.C.satX400wF(792)(781)G-49.png,2,2,0.9998097,castanea,castanea,Correct
52,castanea/Fag.C.satX400wF(793)(781)H-45.png,2,2,0.9995022,castanea,castanea,Correct
53,castanea/Fag.C.satX400wF(793)(781)H-52.png,2,2,0.9993007,castanea,castanea,Correct
54,castanea/Fag.C.satX400wF(793)(781)H-9.png,2,2,0.9990916,castanea,castanea,Correct
55,ceratonia/Fab.C.silX400wF(476)(0)B-15.png,3,3,0.998865,ceratonia,ceratonia,Correct
56,ceratonia/Fab.C.silX400wF(477)(0)C-3.png,3,3,0.99643886,ceratonia,ceratonia,Correct
57,ceratonia/Fab.C.silX400wF(477)(0)C-5.png,3,3,0.99971646,ceratonia,ceratonia,Correct
58,ceratonia/Fab.C.silX400wF(477)(0)C-9.png,3,3,0.99976057,ceratonia,ceratonia,Correct
59,ceratonia/Fab.C.silX400wF(478)(0)D-11.png,3,3,0.99963653,ceratonia,ceratonia,Correct
60,ceratonia/Fab.C.silX400wF(479)(0)E-9.png,3,3,0.95530134,ceratonia,ceratonia,Correct
61,ceratonia/Fab.C.silX400wF(480)(0)F-4.png,3,3,0.9997688,ceratonia,ceratonia,Correct
62,ceratonia/Fab.C.silX400wF(481)(0)G-1.png,3,3,0.999556,ceratonia,ceratonia,Correct
64,ceratonia/Fab.C.silX400wF(481)(0)G-19.png,3,3,0.9472132,ceratonia,ceratonia,Correct
65,ebenus/Fab.E.creX400wF(693)(0)A-1.png,4,4,0.999835,ebenus,ebenus,Correct
66,ebenus/Fab.E.creX400wF(694)(0)B-6.png,4,4,0.9998017,ebenus,ebenus,Correct
67,ebenus/Fab.E.creX400wF(698)(0)F-3.png,4,4,0.99974614,ebenus,ebenus,Correct
68,erica/Eri.E.maniX400wF(5355)(0)A-2.png,5,5,0.9997162,erica,erica,Correct
69,erica/Eri.E.maniX400wF(5356)(0)B-10.png,5,5,0.99952066,erica,erica,Correct
70,erica/Eri.E.maniX400wF(5357)(0)C-10.png,5,5,0.9966102,erica,erica,Correct
71,erica/Eri.E.maniX400wF(5357)(0)C-12.png,5,5,0.99948263,erica,erica,Correct
72,erica/Eri.E.maniX400wF(5357)(0)C-16.png,5,5,0.99974316,erica,erica,Correct
73,erica/Eri.E.maniX400wF(5358)(0)D-15.png,5,5,0.9996618,erica,erica,Correct
74,erica/Eri.E.maniX400wF(5358)(0)D-5.png,5,5,0.9994677,erica,erica,Correct
75,erica/Eri.E.maniX400wF(5359)(0)E-18.png,5,5,0.99962366,erica,erica,Correct
76,erica/Eri.E.maniX400wF(5359)(0)E-27.png,5,5,0.9995964,erica,erica,Correct
77,erica/Eri.E.maniX400wF(5359)(0)E-28.png,5,5,0.99961025,erica,erica,Correct
78,erica/Eri.E.maniX400wF(5360)(0)F-11.png,5,5,0.9996284,erica,erica,Correct
79,erica/Eri.E.maniX400wF(5361)(0)G-7.png,5,5,0.9997148,erica,erica,Correct
80,erica/Eri.E.maniX400wF(5361)(0)G-8.png,5,5,0.99939406,erica,erica,Correct
81,erica/Eri.E.maniX400wF(5362)(0)H-2.png,5,5,0.9995066,erica,erica,Correct
82,erica/Eri.E.maniX400wF(5362)(0)H-6.png,5,5,0.9996284,erica,erica,Correct
83,erica/Eri.E.maniX400wF(5362)(0)H-8.png,5,5,0.9995895,erica,erica,Correct
84,erica/Eri.E.maniX400wF(5363)(0)I-12.png,5,5,0.9996105,erica,erica,Correct
85,erica/Eri.E.maniX400wF(5363)(0)I-4.png,5,5,0.9994735,erica,erica,Correct
86,eucalyptus/Myr.E.camaX400wF(1866)(0)A-4.png,6,6,0.9890926,eucalyptus,eucalyptus,Correct
87,eucalyptus/Myr.E.camaX400wF(1866)(0)A-6.png,6,6,0.99164444,eucalyptus,eucalyptus,Correct
88,eucalyptus/Myr.E.camaX400wF(1867)(0)B-10.png,6,6,0.99980026,eucalyptus,eucalyptus,Correct
89,eucalyptus/Myr.E.camaX400wF(1868)(0)C-4.png,6,6,0.9994178,eucalyptus,eucalyptus,Correct
90,eucalyptus/Myr.E.camaX400wF(1871)(0)F-12.png,6,6,0.9998957,eucalyptus,eucalyptus,Correct
91,eucalyptus/Myr.E.camaX400wF(1872)(0)G-1.png,6,6,0.9981426,eucalyptus,eucalyptus,Correct
92,eucalyptus/Myr.E.camaX400wF(1872)(0)G-6.png,6,6,0.9988985,eucalyptus,eucalyptus,Correct
94,eucalyptus/Myr.E.camaX400wF(2962)(0)H-5.png,6,6,0.9990835,eucalyptus,eucalyptus,Correct
95,eucalyptus/Myr.E.camaX400wF(2964)(0)J-1.png,6,6,0.9998399,eucalyptus,eucalyptus,Correct
96,eucalyptus/Myr.E.camaX400wF(2964)(0)J-21.png,6,6,0.9998416,eucalyptus,eucalyptus,Correct
97,eucalyptus/Myr.E.camaX400wF(2964)(0)J-26.png,6,6,0.9997701,eucalyptus,eucalyptus,Correct
98,eucalyptus/Myr.E.camaX400wF(2964)(0)J-27.png,6,6,0.99894744,eucalyptus,eucalyptus,Correct
99,eucalyptus/Myr.E.camaX400wF(2964)(0)J-3.png,6,6,0.9989365,eucalyptus,eucalyptus,Correct
100,eucalyptus/Myr.E.camaX400wF(2964)(0)J-4.png,6,6,0.9998969,eucalyptus,eucalyptus,Correct
101,eucalyptus/Myr.E.camaX400wF(2966)(0)L-7.png,6,6,0.9997875,eucalyptus,eucalyptus,Correct
102,eucalyptus/Myr.E.camaX400wF(2966)(0)L-8.png,6,6,0.9996563,eucalyptus,eucalyptus,Correct
103,ferula/Api.F.comX400wF(2135)(0)A-11.png,7,7,0.9997378,ferula,ferula,Correct
104,ferula/Api.F.comX400wF(2135)(0)A-12.png,7,7,0.9997242,ferula,ferula,Correct
105,ferula/Api.F.comX400wF(2135)(0)A-17.png,7,7,0.9994273,ferula,ferula,Correct
106,ferula/Api.F.comX400wF(2135)(0)A-3.png,7,7,0.9996437,ferula,ferula,Correct
107,ferula/Api.F.comX400wF(2137)(0)C-11.png,7,7,0.9991757,ferula,ferula,Correct
108,ferula/Api.F.comX400wF(2138)(0)D-2.png,7,7,0.99940515,ferula,ferula,Correct
109,ferula/Api.F.comX400wF(2139)(0)E-19.png,7,7,0.99938166,ferula,ferula,Correct
110,ferula/Api.F.comX400wF(2139)(0)E-7.png,7,7,0.9996594,ferula,ferula,Correct
111,myrtus/IMG_3734-106.png,8,8,0.99989784,myrtus,myrtus,Correct
112,myrtus/IMG_3734-131.png,8,8,0.9998005,myrtus,myrtus,Correct
113,myrtus/IMG_3734-45.png,8,8,0.99985874,myrtus,myrtus,Correct
114,myrtus/IMG_3734-54.png,8,8,0.99992275,myrtus,myrtus,Correct
115,myrtus/IMG_3734-55.png,8,8,0.99988043,myrtus,myrtus,Correct
116,myrtus/IMG_3734-57.png,8,8,0.99976486,myrtus,myrtus,Correct
117,myrtus/IMG_3734-68.png,8,8,0.99985504,myrtus,myrtus,Correct
118,myrtus/IMG_3734-74.png,8,8,0.999876,myrtus,myrtus,Correct
119,myrtus/IMG_3734-80.png,8,8,0.9998642,myrtus,myrtus,Correct
120,myrtus/IMG_3734-9.png,8,8,0.99973756,myrtus,myrtus,Correct
121,myrtus/IMG_3735-10.png,8,8,0.99980277,myrtus,myrtus,Correct
122,myrtus/IMG_3735-11.png,8,8,0.9996799,myrtus,myrtus,Correct
123,myrtus/IMG_3735-13.png,8,8,0.9996032,myrtus,myrtus,Correct
124,myrtus/IMG_3735-19.png,8,8,0.9998424,myrtus,myrtus,Correct
125,myrtus/IMG_3735-25.png,8,8,0.99972636,myrtus,myrtus,Correct
126,myrtus/IMG_3735-39.png,8,8,0.9997603,myrtus,myrtus,Correct
127,myrtus/IMG_3736-31.png,8,8,0.9997913,myrtus,myrtus,Correct
128,myrtus/IMG_3736-49.png,8,8,0.9997008,myrtus,myrtus,Correct
129,myrtus/IMG_3736-53.png,8,8,0.99981743,myrtus,myrtus,Correct
130,myrtus/IMG_3736-56.png,8,8,0.9996499,myrtus,myrtus,Correct
131,myrtus/IMG_3736-60.png,8,8,0.9997129,myrtus,myrtus,Correct
132,myrtus/IMG_3736-7.png,8,8,0.99977165,myrtus,myrtus,Correct
133,myrtus/IMG_3736-78.png,8,8,0.99968934,myrtus,myrtus,Correct
134,myrtus/IMG_3737-1.png,8,8,0.9995485,myrtus,myrtus,Correct
135,myrtus/IMG_3737-13.png,8,8,0.9998417,myrtus,myrtus,Correct
136,myrtus/IMG_3737-21.png,8,8,0.9998996,myrtus,myrtus,Correct
137,myrtus/IMG_3737-4.png,8,8,0.9998617,myrtus,myrtus,Correct
138,myrtus/IMG_3737-40.png,8,8,0.9998272,myrtus,myrtus,Correct
139,myrtus/IMG_3737-45.png,8,8,0.999694,myrtus,myrtus,Correct
140,myrtus/IMG_3737-66.png,8,8,0.99971145,myrtus,myrtus,Correct
141,myrtus/IMG_3737-73.png,8,8,0.9997739,myrtus,myrtus,Correct
142,myrtus/IMG_3738-102.png,8,8,0.99984634,myrtus,myrtus,Correct
143,myrtus/IMG_3738-110.png,8,8,0.99979776,myrtus,myrtus,Correct
144,myrtus/IMG_3738-111.png,8,8,0.99066556,myrtus,myrtus,Correct
145,myrtus/IMG_3738-115.png,8,8,0.9997601,myrtus,myrtus,Correct
146,myrtus/IMG_3738-116.png,8,8,0.9985196,myrtus,myrtus,Correct
147,myrtus/IMG_3738-134.png,8,8,0.99983025,myrtus,myrtus,Correct
148,myrtus/IMG_3738-142.png,8,8,0.9991128,myrtus,myrtus,Correct
149,myrtus/IMG_3738-144.png,8,8,0.999416,myrtus,myrtus,Correct
150,myrtus/IMG_3738-148.png,8,8,0.99963796,myrtus,myrtus,Correct
151,myrtus/IMG_3738-149.png,8,8,0.9995766,myrtus,myrtus,Correct
152,myrtus/IMG_3738-23.png,8,8,0.9998266,myrtus,myrtus,Correct
153,myrtus/IMG_3738-28.png,8,8,0.9998609,myrtus,myrtus,Correct
154,myrtus/IMG_3738-34.png,8,8,0.9998223,myrtus,myrtus,Correct
155,myrtus/IMG_3738-52.png,8,8,0.9997385,myrtus,myrtus,Correct
156,myrtus/IMG_3738-63.png,8,8,0.99982184,myrtus,myrtus,Correct
157,myrtus/IMG_3738-83.png,8,8,0.9997284,myrtus,myrtus,Correct
158,myrtus/IMG_3738-89.png,8,8,0.9998217,myrtus,myrtus,Correct
159,myrtus/IMG_3738-94.png,8,8,0.9999105,myrtus,myrtus,Correct
160,myrtus/IMG_3741-24.png,8,8,0.99936277,myrtus,myrtus,Correct
161,myrtus/IMG_3741-28.png,8,8,0.99984014,myrtus,myrtus,Correct
162,myrtus/IMG_3741-47.png,8,8,0.9997131,myrtus,myrtus,Correct
163,myrtus/IMG_3741-67.png,8,8,0.9998385,myrtus,myrtus,Correct
164,myrtus/IMG_3742-1.png,8,8,0.9996551,myrtus,myrtus,Correct
165,myrtus/IMG_3742-11.png,8,8,0.9997751,myrtus,myrtus,Correct
166,myrtus/IMG_3742-13.png,8,8,0.9997793,myrtus,myrtus,Correct
167,myrtus/IMG_3742-24.png,8,8,0.9998128,myrtus,myrtus,Correct
168,myrtus/IMG_3742-32.png,8,8,0.999686,myrtus,myrtus,Correct
169,myrtus/IMG_3742-50.png,8,8,0.9997862,myrtus,myrtus,Correct
170,myrtus/IMG_3742-9.png,8,8,0.9998281,myrtus,myrtus,Correct
171,myrtus/IMG_3744-17.png,8,8,0.99987125,myrtus,myrtus,Correct
172,myrtus/IMG_3744-51.png,8,8,0.9999491,myrtus,myrtus,Correct
173,myrtus/IMG_3744-62.png,8,8,0.99990165,myrtus,myrtus,Correct
174,myrtus/Myr.M.comX400wF(1095)(1091)A-16.png,8,8,0.99967873,myrtus,myrtus,Correct
175,myrtus/Myr.M.comX400wF(1095)(1091)A-30.png,8,8,0.99981135,myrtus,myrtus,Correct
176,myrtus/Myr.M.comX400wF(1095)(1091)A-56.png,8,8,0.99981695,myrtus,myrtus,Correct
177,myrtus/Myr.M.comX400wF(1095)(1091)A-57.png,8,8,0.99979025,myrtus,myrtus,Correct
178,myrtus/Myr.M.comX400wF(1095)(1091)A-63.png,8,8,0.99964166,myrtus,myrtus,Correct
179,myrtus/Myr.M.comX400wF(1095)(1091)A-69.png,8,8,0.99975127,myrtus,myrtus,Correct
180,myrtus/Myr.M.comX400wF(1097)(1090)C-1.png,8,8,0.99971515,myrtus,myrtus,Correct
181,myrtus/Myr.M.comX400wF(1097)(1090)C-12.png,8,8,0.9998747,myrtus,myrtus,Correct
182,myrtus/Myr.M.comX400wF(1097)(1090)C-20.png,8,8,0.999848,myrtus,myrtus,Correct
183,myrtus/Myr.M.comX400wF(1097)(1090)C-22.png,8,8,0.9998049,myrtus,myrtus,Correct
184,myrtus/Myr.M.comX400wF(1097)(1090)C-34.png,8,8,0.9997607,myrtus,myrtus,Correct
185,myrtus/Myr.M.comX400wF(1097)(1090)C-48.png,8,8,0.9998739,myrtus,myrtus,Correct
186,myrtus/Myr.M.comX400wF(1097)(1090)C-50.png,8,8,0.99973935,myrtus,myrtus,Correct
187,myrtus/Myr.M.comX400wF(1097)(1090)C-60.png,8,8,0.9997888,myrtus,myrtus,Correct
188,myrtus/Myr.M.comX400wF(1097)(1090)C-84.png,8,8,0.9997377,myrtus,myrtus,Correct
189,myrtus/Myr.M.comX400wF(1097)(1090)C-89.png,8,8,0.9998988,myrtus,myrtus,Correct
190,olea/Ole.O.euroX400wF(4261)(0)A-32.png,9,9,0.999616,olea,olea,Correct
191,olea/Ole.O.euroX400wF(4261)(0)A-54.png,9,9,0.9994431,olea,olea,Correct
192,olea/Ole.O.euroX400wF(4262)(0)B-18.png,9,9,0.9996388,olea,olea,Correct
193,olea/Ole.O.euroX400wF(4262)(0)B-22.png,9,9,0.997609,olea,olea,Correct
194,olea/Ole.O.euroX400wF(4262)(0)B-7.png,9,9,0.99963355,olea,olea,Correct
195,olea/Ole.O.euroX400wF(4263)(0)C-105.png,9,9,0.9998012,olea,olea,Correct
196,olea/Ole.O.euroX400wF(4263)(0)C-112.png,9,9,0.9994467,olea,olea,Correct
197,olea/Ole.O.euroX400wF(4263)(0)C-13.png,9,9,0.99944884,olea,olea,Correct
198,olea/Ole.O.euroX400wF(4263)(0)C-14.png,9,9,0.99968874,olea,olea,Correct
199,olea/Ole.O.euroX400wF(4263)(0)C-151.png,9,9,0.999673,olea,olea,Correct
200,olea/Ole.O.euroX400wF(4263)(0)C-161.png,9,9,0.99960047,olea,olea,Correct
201,olea/Ole.O.euroX400wF(4263)(0)C-185.png,9,9,0.99982905,olea,olea,Correct
202,olea/Ole.O.euroX400wF(4263)(0)C-190.png,9,9,0.99977595,olea,olea,Correct
203,olea/Ole.O.euroX400wF(4263)(0)C-198.png,9,9,0.9995189,olea,olea,Correct
204,olea/Ole.O.euroX400wF(4263)(0)C-42.png,9,9,0.99966145,olea,olea,Correct
205,olea/Ole.O.euroX400wF(4263)(0)C-45.png,9,9,0.99958473,olea,olea,Correct
206,olea/Ole.O.euroX400wF(4263)(0)C-49.png,9,9,0.9996573,olea,olea,Correct
207,olea/Ole.O.euroX400wF(4263)(0)C-6.png,9,9,0.9997186,olea,olea,Correct
208,olea/Ole.O.euroX400wF(4263)(0)C-72.png,9,9,0.9995158,olea,olea,Correct
209,olea/Ole.O.euroX400wF(4263)(0)C-81.png,9,9,0.9991091,olea,olea,Correct
210,olea/Ole.O.euroX400wF(4264)(0)D-108.png,9,9,0.9997118,olea,olea,Correct
211,olea/Ole.O.euroX400wF(4264)(0)D-109.png,9,9,0.99955684,olea,olea,Correct
212,olea/Ole.O.euroX400wF(4264)(0)D-11.png,9,9,0.9996798,olea,olea,Correct
213,olea/Ole.O.euroX400wF(4264)(0)D-111.png,9,9,0.9997186,olea,olea,Correct
214,olea/Ole.O.euroX400wF(4264)(0)D-12.png,9,9,0.99974734,olea,olea,Correct
215,olea/Ole.O.euroX400wF(4264)(0)D-127.png,9,9,0.99981445,olea,olea,Correct
216,olea/Ole.O.euroX400wF(4264)(0)D-130.png,9,9,0.999729,olea,olea,Correct
217,olea/Ole.O.euroX400wF(4264)(0)D-139.png,9,9,0.99911326,olea,olea,Correct
218,olea/Ole.O.euroX400wF(4264)(0)D-145.png,9,9,0.9997348,olea,olea,Correct
219,olea/Ole.O.euroX400wF(4264)(0)D-23.png,9,9,0.99962866,olea,olea,Correct
220,olea/Ole.O.euroX400wF(4264)(0)D-37.png,9,9,0.9997745,olea,olea,Correct
221,olea/Ole.O.euroX400wF(4264)(0)D-49.png,9,9,0.99963534,olea,olea,Correct
222,olea/Ole.O.euroX400wF(4264)(0)D-51.png,9,9,0.9998379,olea,olea,Correct
223,olea/Ole.O.euroX400wF(4264)(0)D-59.png,9,9,0.9997274,olea,olea,Correct
224,olea/Ole.O.euroX400wF(4264)(0)D-72.png,9,9,0.9996426,olea,olea,Correct
225,olea/Ole.O.euroX400wF(4264)(0)D-83.png,9,9,0.9995683,olea,olea,Correct
226,olea/Ole.O.euroX400wF(4264)(0)D-94.png,9,9,0.99914205,olea,olea,Correct
227,olea/Ole.O.euroX400wF(4265)(0)E-112.png,9,9,0.99948126,olea,olea,Correct
228,olea/Ole.O.euroX400wF(4265)(0)E-115.png,9,9,0.99969566,olea,olea,Correct
229,olea/Ole.O.euroX400wF(4265)(0)E-119.png,9,9,0.99968517,olea,olea,Correct
230,olea/Ole.O.euroX400wF(4265)(0)E-122.png,9,9,0.9996811,olea,olea,Correct
231,olea/Ole.O.euroX400wF(4265)(0)E-128.png,9,9,0.9996288,olea,olea,Correct
232,olea/Ole.O.euroX400wF(4265)(0)E-14.png,9,9,0.9997123,olea,olea,Correct
233,olea/Ole.O.euroX400wF(4265)(0)E-142.png,9,9,0.99953866,olea,olea,Correct
234,olea/Ole.O.euroX400wF(4265)(0)E-157.png,9,9,0.9995622,olea,olea,Correct
235,olea/Ole.O.euroX400wF(4265)(0)E-158.png,9,9,0.9995394,olea,olea,Correct
236,olea/Ole.O.euroX400wF(4265)(0)E-16.png,9,9,0.9996197,olea,olea,Correct
237,olea/Ole.O.euroX400wF(4265)(0)E-194.png,9,9,0.9996866,olea,olea,Correct
238,olea/Ole.O.euroX400wF(4265)(0)E-196.png,9,9,0.99943644,olea,olea,Correct
239,olea/Ole.O.euroX400wF(4265)(0)E-197.png,9,9,0.99955934,olea,olea,Correct
240,olea/Ole.O.euroX400wF(4265)(0)E-205.png,9,9,0.9996357,olea,olea,Correct
241,olea/Ole.O.euroX400wF(4265)(0)E-216.png,9,9,0.9996656,olea,olea,Correct
242,olea/Ole.O.euroX400wF(4265)(0)E-22.png,9,9,0.99969316,olea,olea,Correct
243,olea/Ole.O.euroX400wF(4265)(0)E-221.png,9,9,0.9997485,olea,olea,Correct
244,olea/Ole.O.euroX400wF(4265)(0)E-23.png,9,9,0.99969506,olea,olea,Correct
245,olea/Ole.O.euroX400wF(4265)(0)E-34.png,9,9,0.99965656,olea,olea,Correct
246,olea/Ole.O.euroX400wF(4265)(0)E-46.png,9,9,0.9993537,olea,olea,Correct
247,olea/Ole.O.euroX400wF(4265)(0)E-63.png,9,9,0.99968207,olea,olea,Correct
248,olea/Ole.O.euroX400wF(4265)(0)E-66.png,9,9,0.99979705,olea,olea,Correct
249,olea/Ole.O.euroX400wF(4265)(0)E-7.png,9,9,0.9997415,olea,olea,Correct
250,olea/Ole.O.euroX400wF(4265)(0)E-81.png,9,9,0.99970776,olea,olea,Correct
251,olea/Ole.O.euroX400wF(4265)(0)E-95.png,9,9,0.999678,olea,olea,Correct
252,olea/Ole.O.euroX400wF(4266)(0)F-101.png,9,9,0.99961877,olea,olea,Correct
253,olea/Ole.O.euroX400wF(4266)(0)F-104.png,9,9,0.9993525,olea,olea,Correct
254,olea/Ole.O.euroX400wF(4266)(0)F-109.png,9,9,0.99969256,olea,olea,Correct
255,olea/Ole.O.euroX400wF(4266)(0)F-125.png,9,9,0.99962544,olea,olea,Correct
256,olea/Ole.O.euroX400wF(4266)(0)F-14.png,9,9,0.9995455,olea,olea,Correct
257,olea/Ole.O.euroX400wF(4266)(0)F-2.png,9,9,0.9997328,olea,olea,Correct
258,olea/Ole.O.euroX400wF(4266)(0)F-25.png,9,9,0.99965835,olea,olea,Correct
259,olea/Ole.O.euroX400wF(4266)(0)F-31.png,9,9,0.99873024,olea,olea,Correct
260,olea/Ole.O.euroX400wF(4266)(0)F-53.png,9,9,0.99763393,olea,olea,Correct
261,olea/Ole.O.euroX400wF(4266)(0)F-72.png,9,9,0.9997702,olea,olea,Correct
262,olea/Ole.O.euroX400wF(4266)(0)F-8.png,9,9,0.99963045,olea,olea,Correct
263,olea/Ole.O.euroX400wF(4266)(0)F-86.png,9,9,0.9994862,olea,olea,Correct
264,olea/Ole.O.euroX400wF(4267)(0)G-19.png,9,9,0.9996019,olea,olea,Correct
265,olea/Ole.O.euroX400wF(4267)(0)G-22.png,9,9,0.99975234,olea,olea,Correct
266,olea/Ole.O.euroX400wF(4267)(0)G-36.png,9,9,0.99940526,olea,olea,Correct
267,olea/Ole.O.euroX400wF(4267)(0)G-45.png,9,9,0.99947065,olea,olea,Correct
268,olea/Ole.O.euroX400wF(4267)(0)G-8.png,9,9,0.9971625,olea,olea,Correct
269,origanum/Lam.O.micX400wF(884)(0)A-12.png,10,10,0.9992613,origanum,origanum,Correct
271,origanum/Lam.O.micX400wF(885)(0)B-7.png,10,10,0.99957937,origanum,origanum,Correct
272,origanum/Lam.O.micX400wF(886)(0)C-2.png,10,10,0.99966,origanum,origanum,Correct
273,origanum/Lam.O.micX400wF(886)(0)C-24.png,10,10,0.99962306,origanum,origanum,Correct
274,origanum/Lam.O.micX400wF(886)(0)C-27.png,10,10,0.9990508,origanum,origanum,Correct
275,origanum/Lam.O.micX400wF(886)(0)C-4.png,10,10,0.99960524,origanum,origanum,Correct
276,origanum/Lam.O.micX400wF(886)(0)C-44.png,10,10,0.99642915,origanum,origanum,Correct
277,origanum/Lam.O.micX400wF(886)(0)C-9.png,10,10,0.99933016,origanum,origanum,Correct
278,origanum/Lam.O.micX400wF(889)(0)F-10.png,10,10,0.9996209,origanum,origanum,Correct
279,origanum/Lam.O.micX400wF(889)(0)F-24.png,10,10,0.9995994,origanum,origanum,Correct
280,origanum/Lam.O.micX400wF(889)(0)F-28.png,10,10,0.9986197,origanum,origanum,Correct
281,origanum/Lam.O.micX400wF(889)(0)F-39.png,10,10,0.9993981,origanum,origanum,Correct
282,origanum/Lam.O.micX400wF(889)(0)F-5.png,10,10,0.99942267,origanum,origanum,Correct
283,origanum/Lam.O.micX400wF(889)(0)F-50.png,10,10,0.99965286,origanum,origanum,Correct
284,origanum/Lam.O.micX400wF(889)(0)F-58.png,10,10,0.99975854,origanum,origanum,Correct
285,origanum/Lam.O.micX400wF(889)(0)F-62.png,10,10,0.99385464,origanum,origanum,Correct
286,oxalis/Oxa.O.pes.cX400wF(1733)(0)A-20.png,11,11,0.99978274,oxalis,oxalis,Correct
287,oxalis/Oxa.O.pes.cX400wF(1734)(0)B-1.png,11,11,0.9996673,oxalis,oxalis,Correct
288,oxalis/Oxa.O.pes.cX400wF(1734)(0)B-10.png,11,11,0.9997136,oxalis,oxalis,Correct
289,oxalis/Oxa.O.pes.cX400wF(1735)(0)C-2.png,11,11,0.9996698,oxalis,oxalis,Correct
290,oxalis/Oxa.O.pes.cX400wF(1735)(0)C-8.png,11,11,0.99958235,oxalis,oxalis,Correct
291,oxalis/Oxa.O.pes.cX400wF(1736)(0)D-9.png,11,11,0.9996587,oxalis,oxalis,Correct
292,oxalis/Oxa.O.pes.cX400wF(1738)(0)F-11.png,11,11,0.9995925,oxalis,oxalis,Correct
293,oxalis/Oxa.O.pes.cX400wF(1738)(0)F-15.png,11,11,0.9996772,oxalis,oxalis,Correct
294,oxalis/Oxa.O.pes.cX400wF(1739)(0)G-3.png,11,11,0.54735124,oxalis,oxalis,Correct
295,oxalis/Oxa.O.pes.cX400wF(1742)(1741)J-12.png,11,11,0.9997631,oxalis,oxalis,Correct
296,oxalis/Oxa.O.pes.cX400wF(1742)(1741)J-13.png,11,11,0.9996106,oxalis,oxalis,Correct
297,oxalis/Oxa.O.pes.cX400wF(1742)(1741)J-2.png,11,11,0.99964046,oxalis,oxalis,Correct
298,oxalis/Oxa.O.pes.cX400wF(1742)(1741)J-9.png,11,11,0.99960226,oxalis,oxalis,Correct
299,oxalis/Oxa.O.pes.cX400wF(1743)(0)K-6.png,11,11,0.9996381,oxalis,oxalis,Correct
300,pinus/Pin.P.brutX400wF(3172)(0)B-3.png,12,12,0.99981385,pinus,pinus,Correct
301,pinus/Pin.P.brutX400wF(3174)(0)D-1.png,12,12,0.99984753,pinus,pinus,Correct
302,pinus/Pin.P.brutX400wF(3175)(0)E-2.png,12,12,0.99982786,pinus,pinus,Correct
303,pistacia/Ana.P.tereX400wF(3223)(0)B-4.png,13,13,0.99946123,pistacia,pistacia,Correct
304,pistacia/Ana.P.tereX400wF(3224)(0)C-9.png,13,13,0.99720687,pistacia,pistacia,Correct
305,pistacia/Ana.P.tereX400wF(3225)(0)D-4.png,13,13,0.9991911,pistacia,pistacia,Correct
306,salvia/Lam.S.triX400wF(2188)(0)A-2.png,14,14,0.9997235,salvia,salvia,Correct
307,salvia/Lam.S.triX400wF(2188)(0)A-3.png,14,14,0.9998982,salvia,salvia,Correct
308,salvia/Lam.S.triX400wF(2189)(0)B-15.png,14,14,0.9992495,salvia,salvia,Correct
309,salvia/Lam.S.triX400wF(2189)(0)B-49.png,14,14,0.9998636,salvia,salvia,Correct
310,salvia/Lam.S.triX400wF(2189)(0)B-63.png,14,14,0.99979764,salvia,salvia,Correct
311,salvia/Lam.S.triX400wF(2190)(0)C-11.png,14,14,0.9999019,salvia,salvia,Correct
312,salvia/Lam.S.triX400wF(2190)(0)C-14.png,14,14,0.9998733,salvia,salvia,Correct
313,salvia/Lam.S.triX400wF(2190)(0)C-23.png,14,14,0.99985826,salvia,salvia,Correct
314,salvia/Lam.S.triX400wF(2191)(0)D-18.png,14,14,0.99983764,salvia,salvia,Correct
315,salvia/Lam.S.triX400wF(2191)(0)D-29.png,14,14,0.9998635,salvia,salvia,Correct
316,salvia/Lam.S.triX400wF(2191)(0)D-32.png,14,14,0.999884,salvia,salvia,Correct
317,salvia/Lam.S.triX400wF(2191)(0)D-33.png,14,14,0.99908924,salvia,salvia,Correct
318,salvia/Lam.S.triX400wF(2192)(0)E-2.png,14,14,0.9998516,salvia,salvia,Correct
319,salvia/Lam.S.triX400wF(2192)(0)E-7.png,14,14,0.99989915,salvia,salvia,Correct
320,salvia/Lam.S.triX400wF(2192)(0)E-8.png,14,14,0.9997867,salvia,salvia,Correct
321,salvia/Lam.S.triX400wF(2193)(0)F-10.png,14,14,0.99977773,salvia,salvia,Correct
322,salvia/Lam.S.triX400wF(2193)(0)F-20.png,14,14,0.99977773,salvia,salvia,Correct
323,salvia/Lam.S.triX400wF(2193)(0)F-8.png,14,14,0.9997881,salvia,salvia,Correct
324,satureja/Lam.S.thyX400wF(941)(937)A-2.png,15,15,0.9982829,satureja,satureja,Correct
325,satureja/Lam.S.thyX400wF(943)(990)C-9.png,15,15,0.99975806,satureja,satureja,Correct
326,satureja/Lam.S.thyX400wF(944)(940)E-17.png,15,15,0.5909821,satureja,satureja,Correct
327,satureja/Lam.S.thyX400wF(944)(940)E-26.png,15,15,0.998899,satureja,satureja,Correct
328,satureja/Lam.S.thyX400wF(944)(940)E-7.png,15,15,0.998852,satureja,satureja,Correct
329,satureja/Lam.S.thyX400wF(946)(0)G-2.png,15,15,0.9980603,satureja,satureja,Correct
331,sinapis/Bra.S.albX400wF(2150)(0)A-6.png,16,16,0.99900985,sinapis,sinapis,Correct
332,sinapis/Bra.S.albX400wF(2151)(0)B-16.png,16,16,0.99943835,sinapis,sinapis,Correct
333,sinapis/Bra.S.albX400wF(2151)(0)B-4.png,16,16,0.9985292,sinapis,sinapis,Correct
334,sinapis/Bra.S.albX400wF(2151)(0)B-7.png,16,16,0.99940574,sinapis,sinapis,Correct
335,sinapis/Bra.S.albX400wF(2152)(0)C-30.png,16,16,0.99956495,sinapis,sinapis,Correct
337,sinapis/Bra.S.albX400wF(2153)(0)D-14.png,16,16,0.9979949,sinapis,sinapis,Correct
338,sinapis/Bra.S.albX400wF(2153)(0)D-19.png,16,16,0.99805826,sinapis,sinapis,Correct
339,sinapis/Bra.S.albX400wF(2153)(0)D-2.png,16,16,0.97522247,sinapis,sinapis,Correct
340,sinapis/Bra.S.albX400wF(2153)(0)D-26.png,16,16,0.8876043,sinapis,sinapis,Correct
341,sinapis/Bra.S.albX400wF(2153)(0)D-7.png,16,16,0.9994492,sinapis,sinapis,Correct
342,sinapis/Bra.S.albX400wF(2154)(0)E-21.png,16,16,0.99948055,sinapis,sinapis,Correct
343,sinapis/Bra.S.albX400wF(2154)(0)E-3.png,16,16,0.98093814,sinapis,sinapis,Correct
344,sinapis/Bra.S.albX400wF(2154)(0)E-6.png,16,16,0.99796945,sinapis,sinapis,Correct
345,sinapis/Bra.S.albX400wF(2154)(0)E-8.png,16,16,0.999204,sinapis,sinapis,Correct
346,sinapis/Bra.S.albX400wF(2155)(0)F-1.png,16,16,0.99927646,sinapis,sinapis,Correct
347,sinapis/Bra.S.albX400wF(2155)(0)F-10.png,16,16,0.99940646,sinapis,sinapis,Correct
348,sinapis/IMG_3701-5.png,16,16,0.9994311,sinapis,sinapis,Correct
349,sinapis/IMG_3704-10.png,16,16,0.9995511,sinapis,sinapis,Correct
350,sinapis/IMG_3704-17.png,16,16,0.9995969,sinapis,sinapis,Correct
351,thymbra/Lam.T.capX400wF(1029)(0)A-11.png,17,17,0.9994025,thymbra,thymbra,Correct
352,thymbra/Lam.T.capX400wF(1029)(0)A-13.png,17,17,0.9990403,thymbra,thymbra,Correct
353,thymbra/Lam.T.capX400wF(1029)(0)A-3.png,17,17,0.9987037,thymbra,thymbra,Correct
354,thymbra/Lam.T.capX400wF(1030)(0)B-4.png,17,17,0.9991738,thymbra,thymbra,Correct
355,thymbra/Lam.T.capX400wF(1032)(0)D-4.png,17,17,0.9991227,thymbra,thymbra,Correct
356,thymbra/Lam.T.capX400wF(1032)(0)D-9.png,17,17,0.9973239,thymbra,thymbra,Correct
357,thymbra/Lam.T.capX400wF(1033)(0)E-4.png,17,17,0.99914944,thymbra,thymbra,Correct
358,thymbra/x40 f (3)-3.png,17,17,0.9995152,thymbra,thymbra,Correct
359,thymbra/x40 f (3)-6.png,17,17,0.9995363,thymbra,thymbra,Correct
360,thymbra/x40 f (4)-18.png,17,17,0.99943894,thymbra,thymbra,Correct
361,thymbra/x40 f (4)-9.png,17,17,0.9993942,thymbra,thymbra,Correct
362,thymbra/x40 f (5)-12.png,17,17,0.9995048,thymbra,thymbra,Correct
363,thymbra/x40 f (5)-13.png,17,17,0.9995074,thymbra,thymbra,Correct
364,thymbra/x40 f (6)-13.png,17,17,0.99890745,thymbra,thymbra,Correct
365,urginea/Asp.U.marX400wF(5317)(0)A-1.png,18,18,0.999169,urginea,urginea,Correct
366,urginea/Asp.U.marX400wF(5317)(0)A-13.png,18,18,0.9990728,urginea,urginea,Correct
367,urginea/Asp.U.marX400wF(5318)(0)B-4.png,18,18,0.99909246,urginea,urginea,Correct
368,urginea/Asp.U.marX400wF(5319)(0)C-14.png,18,18,0.9994666,urginea,urginea,Correct
369,urginea/Asp.U.marX400wF(5320)(0)D-5.png,18,18,0.9995789,urginea,urginea,Correct
370,urginea/Asp.U.marX400wF(5320)(0)D-7.png,18,18,0.99914825,urginea,urginea,Correct
371,urginea/Asp.U.marX400wF(5321)(0)E-11.png,18,18,0.99916303,urginea,urginea,Correct
372,urginea/Asp.U.marX400wF(5321)(0)E-7.png,18,18,0.9993352,urginea,urginea,Correct
373,urginea/Asp.U.marX400wF(5322)(0)F-1.png,18,18,0.99204457,urginea,urginea,Correct
374,urginea/Asp.U.marX400wF(5323)(0)G-14.png,18,18,0.9990429,urginea,urginea,Correct
375,urginea/Asp.U.marX400wF(5323)(0)G-4.png,18,18,0.9992322,urginea,urginea,Correct
376,vitis/Vit.V.viniX400wF(4978)(0)A-13.png,19,19,0.9997526,vitis,vitis,Correct
378,vitis/Vit.V.viniX400wF(4978)(0)A-25.png,19,19,0.99974066,vitis,vitis,Correct
379,vitis/Vit.V.viniX400wF(4980)(0)C-13.png,19,19,0.99993396,vitis,vitis,Correct
380,vitis/Vit.V.viniX400wF(4980)(0)C-15.png,19,19,0.99984884,vitis,vitis,Correct
381,vitis/Vit.V.viniX400wF(4980)(0)C-21.png,19,19,0.9999068,vitis,vitis,Correct
382,vitis/Vit.V.viniX400wF(4981)(0)D-21.png,19,19,0.9995389,vitis,vitis,Correct
383,vitis/Vit.V.viniX400wF(4981)(0)D-27.png,19,19,0.9997867,vitis,vitis,Correct
384,vitis/Vit.V.viniX400wF(4981)(0)D-31.png,19,19,0.98906696,vitis,vitis,Correct
385,vitis/Vit.V.viniX400wF(4981)(0)D-32.png,19,19,0.99990773,vitis,vitis,Correct
386,vitis/Vit.V.viniX400wF(4981)(0)D-35.png,19,19,0.99972636,vitis,vitis,Correct
387,vitis/Vit.V.viniX400wF(4981)(0)D-36.png,19,19,0.9999409,vitis,vitis,Correct
388,vitis/Vit.V.viniX400wF(4981)(0)D-8.png,19,19,0.99984956,vitis,vitis,Correct
389,vitis/Vit.V.viniX400wF(4982)(0)E-45.png,19,19,0.9993862,vitis,vitis,Correct
390,vitis/Vit.V.viniX400wF(4982)(0)E-8.png,19,19,0.99958795,vitis,vitis,Correct
391,vitis/Vit.V.viniX400wF(4983)(0)F-15.png,19,19,0.99497765,vitis,vitis,Correct
392,vitis/Vit.V.viniX400wF(4983)(0)F-18.png,19,19,0.99970067,vitis,vitis,Correct
393,vitis/Vit.V.viniX400wF(4983)(0)F-24.png,19,19,0.9903199,vitis,vitis,Correct
394,vitis/Vit.V.viniX400wF(4983)(0)F-25.png,19,19,0.99984574,vitis,vitis,Correct
395,vitis/Vit.V.viniX400wF(4984)(0)G-18.png,19,19,0.9545969,vitis,vitis,Correct
396,vitis/Vit.V.viniX400wF(4984)(0)G-25.png,19,19,0.9999056,vitis,vitis,Correct
397,vitis/Vit.V.viniX400wF(4984)(0)G-34.png,19,19,0.9995035,vitis,vitis,Correct
398,vitis/Vit.V.viniX400wF(4984)(0)G-37.png,19,19,0.99695396,vitis,vitis,Correct
399,vitis/Vit.V.viniX400wF(4984)(0)G-7.png,19,19,0.99691653,vitis,vitis,Correct
400,vitis/Vit.V.viniX400wF(4984)(0)G-9.png,19,19,0.99721503,vitis,vitis,Correct
401,vitis/Vit.V.viniX400wF(4985)(0)H-10.png,19,19,0.9991035,vitis,vitis,Correct
402,vitis/Vit.V.viniX400wF(4985)(0)H-12.png,19,19,0.999923,vitis,vitis,Correct
0,asphodelus/Asp.A.ramX400wF(1984)(0)A-3.png,0,0,0.9999145,asphodelus,asphodelus,Correct
1,asphodelus/Asp.A.ramX400wF(1988)(0)E-1.png,0,0,0.9998399,asphodelus,asphodelus,Correct
2,asphodelus/Asp.A.ramX400wF(1989)(0)F-5.png,0,0,0.9995321,asphodelus,asphodelus,Correct
3,asphodelus/Asp.A.ramX400wF(1990)(0)G-5.png,0,0,0.99943346,asphodelus,asphodelus,Correct
6,calicotome/Fab.C.vilX400wF(2017)(0)B-17.png,1,1,0.99945265,calicotome,calicotome,Correct
7,calicotome/Fab.C.vilX400wF(2019)(0)D-109.png,1,1,0.99845064,calicotome,calicotome,Correct
8,calicotome/Fab.C.vilX400wF(2019)(0)D-114.png,1,1,0.9988644,calicotome,calicotome,Correct
9,calicotome/Fab.C.vilX400wF(2019)(0)D-20.png,1,1,0.99701935,calicotome,calicotome,Correct
10,calicotome/Fab.C.vilX400wF(2019)(0)D-28.png,1,1,0.99713695,calicotome,calicotome,Correct
11,calicotome/Fab.C.vilX400wF(2019)(0)D-36.png,1,1,0.99954337,calicotome,calicotome,Correct
12,calicotome/Fab.C.vilX400wF(2019)(0)D-37.png,1,1,0.9947042,calicotome,calicotome,Correct
13,calicotome/Fab.C.vilX400wF(2019)(0)D-45.png,1,1,0.9993569,calicotome,calicotome,Correct
14,calicotome/Fab.C.vilX400wF(2019)(0)D-5.png,1,1,0.99927515,calicotome,calicotome,Correct
15,calicotome/Fab.C.vilX400wF(2019)(0)D-58.png,1,1,0.9986559,calicotome,calicotome,Correct
16,calicotome/Fab.C.vilX400wF(2019)(0)D-6.png,1,1,0.9986399,calicotome,calicotome,Correct
17,calicotome/Fab.C.vilX400wF(2019)(0)D-65.png,1,1,0.99853206,calicotome,calicotome,Correct
18,calicotome/Fab.C.vilX400wF(2019)(0)D-69.png,1,1,0.99722844,calicotome,calicotome,Correct
19,calicotome/Fab.C.vilX400wF(2019)(0)D-80.png,1,1,0.9992574,calicotome,calicotome,Correct
20,calicotome/Fab.C.vilX400wF(2019)(0)D-89.png,1,1,0.9988117,calicotome,calicotome,Correct
21,calicotome/Fab.C.vilX400wF(2019)(0)D-9.png,1,1,0.9980882,calicotome,calicotome,Correct
22,calicotome/Fab.C.vilX400wF(2020)(0)E-11.png,1,1,0.99919134,calicotome,calicotome,Correct
23,calicotome/Fab.C.vilX400wF(2020)(0)E-27.png,1,1,0.9985545,calicotome,calicotome,Correct
24,calicotome/Fab.C.vilX400wF(2020)(0)E-4.png,1,1,0.9980566,calicotome,calicotome,Correct
25,calicotome/Fab.C.vilX400wF(2020)(0)E-46.png,1,1,0.9990741,calicotome,calicotome,Correct
26,calicotome/Fab.C.vilX400wF(2020)(0)E-49.png,1,1,0.99878114,calicotome,calicotome,Correct
27,calicotome/Fab.C.vilX400wF(2020)(0)E-50.png,1,1,0.9984333,calicotome,calicotome,Correct
28,calicotome/Fab.C.vilX400wF(2020)(0)E-51.png,1,1,0.99916244,calicotome,calicotome,Correct
29,calicotome/Fab.C.vilX400wF(2020)(0)E-52.png,1,1,0.99921894,calicotome,calicotome,Correct
30,calicotome/Fab.C.vilX400wF(2020)(0)E-56.png,1,1,0.99948186,calicotome,calicotome,Correct
31,calicotome/Fab.C.vilX400wF(2020)(0)E-64.png,1,1,0.99975413,calicotome,calicotome,Correct
32,calicotome/Fab.C.vilX400wF(2020)(0)E-74.png,1,1,0.99590564,calicotome,calicotome,Correct
33,calicotome/Fab.C.vilX400wF(2020)(0)E-95.png,1,1,0.99687946,calicotome,calicotome,Correct
34,castanea/Fag.C.satX400wF(781)(0)A-1.png,2,2,0.9995933,castanea,castanea,Correct
35,castanea/Fag.C.satX400wF(781)(0)A-35.png,2,2,0.99993193,castanea,castanea,Correct
36,castanea/Fag.C.satX400wF(782)(0)B-10.png,2,2,0.97647184,castanea,castanea,Correct
37,castanea/Fag.C.satX400wF(782)(0)B-2.png,2,2,0.9997837,castanea,castanea,Correct
38,castanea/Fag.C.satX400wF(783)(0)C-10.png,2,2,0.9999565,castanea,castanea,Correct
39,castanea/Fag.C.satX400wF(783)(0)C-11.png,2,2,0.99918383,castanea,castanea,Correct
40,castanea/Fag.C.satX400wF(783)(0)C-5.png,2,2,0.9999361,castanea,castanea,Correct
41,castanea/Fag.C.satX400wF(784)(0)D-13.png,2,2,0.9995876,castanea,castanea,Correct
42,castanea/Fag.C.satX400wF(785)(0)E-2.png,2,2,0.999887,castanea,castanea,Correct
43,castanea/Fag.C.satX400wF(785)(0)E-6.png,2,2,0.9909223,castanea,castanea,Correct
44,castanea/Fag.C.satX400wF(792)(781)G-1.png,2,2,0.9994821,castanea,castanea,Correct
45,castanea/Fag.C.satX400wF(792)(781)G-10.png,2,2,0.9996872,castanea,castanea,Correct
46,castanea/Fag.C.satX400wF(792)(781)G-15.png,2,2,0.9996377,castanea,castanea,Correct
47,castanea/Fag.C.satX400wF(792)(781)G-25.png,2,2,0.9997917,castanea,castanea,Correct
48,castanea/Fag.C.satX400wF(792)(781)G-33.png,2,2,0.99993837,castanea,castanea,Correct
49,castanea/Fag.C.satX400wF(792)(781)G-39.png,2,2,0.9995757,castanea,castanea,Correct
50,castanea/Fag.C.satX400wF(792)(781)G-40.png,2,2,0.99992335,castanea,castanea,Correct
51,castanea/Fag.C.satX400wF(792)(781)G-9.png,2,2,0.9994486,castanea,castanea,Correct
52,castanea/Fag.C.satX400wF(793)(781)H-10.png,2,2,0.9996182,castanea,castanea,Correct
53,castanea/Fag.C.satX400wF(793)(781)H-16.png,2,2,0.9988154,castanea,castanea,Correct
54,castanea/Fag.C.satX400wF(793)(781)H-38.png,2,2,0.99986446,castanea,castanea,Correct
55,ceratonia/Fab.C.silX400wF(475)(0)A-15.png,3,3,0.99967813,ceratonia,ceratonia,Correct
56,ceratonia/Fab.C.silX400wF(475)(0)A-4.png,3,3,0.93861693,ceratonia,ceratonia,Correct
57,ceratonia/Fab.C.silX400wF(475)(0)A-5.png,3,3,0.9977852,ceratonia,ceratonia,Correct
58,ceratonia/Fab.C.silX400wF(476)(0)B-12.png,3,3,0.9953506,ceratonia,ceratonia,Correct
59,ceratonia/Fab.C.silX400wF(476)(0)B-3.png,3,3,0.9998777,ceratonia,ceratonia,Correct
60,ceratonia/Fab.C.silX400wF(476)(0)B-9.png,3,3,0.99934727,ceratonia,ceratonia,Correct
61,ceratonia/Fab.C.silX400wF(478)(0)D-9.png,3,3,0.9968399,ceratonia,ceratonia,Correct
62,ceratonia/Fab.C.silX400wF(480)(0)F-13.png,3,3,0.99983203,ceratonia,ceratonia,Correct
63,ceratonia/Fab.C.silX400wF(481)(0)G-16.png,3,3,0.999663,ceratonia,ceratonia,Correct
64,ceratonia/Fab.C.silX400wF(481)(0)G-17.png,3,3,0.9988446,ceratonia,ceratonia,Correct
65,ebenus/Fab.E.creX400wF(697)(0)E-1.png,4,4,0.99946517,ebenus,ebenus,Correct
66,ebenus/Fab.E.creX400wF(698)(0)F-2.png,4,4,0.99913424,ebenus,ebenus,Correct
67,ebenus/Fab.E.creX400wF(698)(0)F-5.png,4,4,0.999793,ebenus,ebenus,Correct
68,erica/Eri.E.maniX400wF(5356)(0)B-12.png,5,5,0.99960464,erica,erica,Correct
69,erica/Eri.E.maniX400wF(5356)(0)B-15.png,5,5,0.9997694,erica,erica,Correct
70,erica/Eri.E.maniX400wF(5356)(0)B-6.png,5,5,0.9998011,erica,erica,Correct
71,erica/Eri.E.maniX400wF(5357)(0)C-3.png,5,5,0.99990034,erica,erica,Correct
72,erica/Eri.E.maniX400wF(5358)(0)D-13.png,5,5,0.9996513,erica,erica,Correct
73,erica/Eri.E.maniX400wF(5358)(0)D-17.png,5,5,0.9989513,erica,erica,Correct
74,erica/Eri.E.maniX400wF(5359)(0)E-10.png,5,5,0.99990773,erica,erica,Correct
75,erica/Eri.E.maniX400wF(5359)(0)E-25.png,5,5,0.9998574,erica,erica,Correct
76,erica/Eri.E.maniX400wF(5359)(0)E-5.png,5,5,0.9998673,erica,erica,Correct
77,erica/Eri.E.maniX400wF(5359)(0)E-7.png,5,5,0.9997787,erica,erica,Correct
78,erica/Eri.E.maniX400wF(5360)(0)F-29.png,5,5,0.99954385,erica,erica,Correct
79,erica/Eri.E.maniX400wF(5361)(0)G-9.png,5,5,0.999198,erica,erica,Correct
80,erica/Eri.E.maniX400wF(5362)(0)H-12.png,5,5,0.99983716,erica,erica,Correct
81,erica/Eri.E.maniX400wF(5362)(0)H-15.png,5,5,0.99973816,erica,erica,Correct
82,erica/Eri.E.maniX400wF(5362)(0)H-4.png,5,5,0.9997551,erica,erica,Correct
83,erica/Eri.E.maniX400wF(5363)(0)I-14.png,5,5,0.9998647,erica,erica,Correct
84,erica/Eri.E.maniX400wF(5363)(0)I-17.png,5,5,0.99984884,erica,erica,Correct
85,erica/Eri.E.maniX400wF(5363)(0)I-5.png,5,5,0.99950635,erica,erica,Correct
86,eucalyptus/Myr.E.camaX400wF(1866)(0)A-3.png,6,6,0.996407,eucalyptus,eucalyptus,Correct
87,eucalyptus/Myr.E.camaX400wF(1868)(0)C-1.png,6,6,0.9929264,eucalyptus,eucalyptus,Correct
88,eucalyptus/Myr.E.camaX400wF(1868)(0)C-12.png,6,6,0.9990682,eucalyptus,eucalyptus,Correct
89,eucalyptus/Myr.E.camaX400wF(1868)(0)C-9.png,6,6,0.9521101,eucalyptus,eucalyptus,Correct
90,eucalyptus/Myr.E.camaX400wF(1869)(0)D-3.png,6,6,0.99914324,eucalyptus,eucalyptus,Correct
91,eucalyptus/Myr.E.camaX400wF(1870)(0)E-10.png,6,6,0.9994593,eucalyptus,eucalyptus,Correct
92,eucalyptus/Myr.E.camaX400wF(1870)(0)E-5.png,6,6,0.97345746,eucalyptus,eucalyptus,Correct
93,eucalyptus/Myr.E.camaX400wF(1871)(0)F-2.png,6,6,0.9992093,eucalyptus,eucalyptus,Correct
94,eucalyptus/Myr.E.camaX400wF(1871)(0)F-3.png,6,6,0.9992716,eucalyptus,eucalyptus,Correct
95,eucalyptus/Myr.E.camaX400wF(2962)(0)H-1.png,6,6,0.9997223,eucalyptus,eucalyptus,Correct
96,eucalyptus/Myr.E.camaX400wF(2962)(0)H-11.png,6,6,0.9998816,eucalyptus,eucalyptus,Correct
97,eucalyptus/Myr.E.camaX400wF(2962)(0)H-7.png,6,6,0.9988343,eucalyptus,eucalyptus,Correct
98,eucalyptus/Myr.E.camaX400wF(2963)(0)I-14.png,6,6,0.9992656,eucalyptus,eucalyptus,Correct
99,eucalyptus/Myr.E.camaX400wF(2964)(0)J-19.png,6,6,0.98897064,eucalyptus,eucalyptus,Correct
100,eucalyptus/Myr.E.camaX400wF(2964)(0)J-31.png,6,6,0.999964,eucalyptus,eucalyptus,Correct
101,eucalyptus/Myr.E.camaX400wF(2964)(0)J-5.png,6,6,0.9991466,eucalyptus,eucalyptus,Correct
102,eucalyptus/Myr.E.camaX400wF(2965)(0)K-10.png,6,6,0.99988496,eucalyptus,eucalyptus,Correct
103,ferula/Api.F.comX400wF(2135)(0)A-16.png,7,7,0.99964416,ferula,ferula,Correct
104,ferula/Api.F.comX400wF(2136)(0)B-8.png,7,7,0.9998652,ferula,ferula,Correct
105,ferula/Api.F.comX400wF(2136)(0)B-9.png,7,7,0.9999162,ferula,ferula,Correct
106,ferula/Api.F.comX400wF(2137)(0)C-3.png,7,7,0.99988973,ferula,ferula,Correct
107,ferula/Api.F.comX400wF(2137)(0)C-5.png,7,7,0.99943846,ferula,ferula,Correct
108,ferula/Api.F.comX400wF(2137)(0)C-9.png,7,7,0.9998859,ferula,ferula,Correct
109,ferula/Api.F.comX400wF(2138)(0)D-8.png,7,7,0.99987423,ferula,ferula,Correct
110,ferula/Api.F.comX400wF(2139)(0)E-20.png,7,7,0.9998677,ferula,ferula,Correct
111,myrtus/IMG_3734-100.png,8,8,0.9997384,myrtus,myrtus,Correct
112,myrtus/IMG_3734-102.png,8,8,0.9999056,myrtus,myrtus,Correct
113,myrtus/IMG_3734-113.png,8,8,0.99982125,myrtus,myrtus,Correct
114,myrtus/IMG_3734-120.png,8,8,0.99985087,myrtus,myrtus,Correct
115,myrtus/IMG_3734-122.png,8,8,0.9996948,myrtus,myrtus,Correct
116,myrtus/IMG_3734-135.png,8,8,0.9999037,myrtus,myrtus,Correct
117,myrtus/IMG_3734-65.png,8,8,0.99977356,myrtus,myrtus,Correct
118,myrtus/IMG_3734-79.png,8,8,0.9998733,myrtus,myrtus,Correct
119,myrtus/IMG_3734-81.png,8,8,0.9995364,myrtus,myrtus,Correct
120,myrtus/IMG_3734-85.png,8,8,0.9998203,myrtus,myrtus,Correct
121,myrtus/IMG_3734-86.png,8,8,0.99905556,myrtus,myrtus,Correct
122,myrtus/IMG_3734-92.png,8,8,0.9998504,myrtus,myrtus,Correct
123,myrtus/IMG_3735-22.png,8,8,0.99981254,myrtus,myrtus,Correct
124,myrtus/IMG_3736-1.png,8,8,0.9991068,myrtus,myrtus,Correct
125,myrtus/IMG_3736-12.png,8,8,0.9997397,myrtus,myrtus,Correct
126,myrtus/IMG_3736-13.png,8,8,0.99987733,myrtus,myrtus,Correct
127,myrtus/IMG_3736-47.png,8,8,0.99987733,myrtus,myrtus,Correct
128,myrtus/IMG_3736-72.png,8,8,0.99964416,myrtus,myrtus,Correct
129,myrtus/IMG_3737-14.png,8,8,0.9996406,myrtus,myrtus,Correct
130,myrtus/IMG_3737-25.png,8,8,0.99970466,myrtus,myrtus,Correct
131,myrtus/IMG_3737-32.png,8,8,0.9999044,myrtus,myrtus,Correct
132,myrtus/IMG_3737-35.png,8,8,0.999705,myrtus,myrtus,Correct
133,myrtus/IMG_3737-36.png,8,8,0.999778,myrtus,myrtus,Correct
134,myrtus/IMG_3737-52.png,8,8,0.9997495,myrtus,myrtus,Correct
135,myrtus/IMG_3737-69.png,8,8,0.99987316,myrtus,myrtus,Correct
136,myrtus/IMG_3738-104.png,8,8,0.999138,myrtus,myrtus,Correct
137,myrtus/IMG_3738-107.png,8,8,0.9997533,myrtus,myrtus,Correct
138,myrtus/IMG_3738-12.png,8,8,0.9931752,myrtus,myrtus,Correct
139,myrtus/IMG_3738-124.png,8,8,0.99987745,myrtus,myrtus,Correct
140,myrtus/IMG_3738-13.png,8,8,0.9999212,myrtus,myrtus,Correct
141,myrtus/IMG_3738-133.png,8,8,0.999818,myrtus,myrtus,Correct
142,myrtus/IMG_3738-143.png,8,8,0.99915004,myrtus,myrtus,Correct
143,myrtus/IMG_3738-146.png,8,8,0.9998324,myrtus,myrtus,Correct
144,myrtus/IMG_3738-150.png,8,8,0.9997694,myrtus,myrtus,Correct
145,myrtus/IMG_3738-21.png,8,8,0.99990165,myrtus,myrtus,Correct
146,myrtus/IMG_3738-27.png,8,8,0.9986273,myrtus,myrtus,Correct
147,myrtus/IMG_3738-32.png,8,8,0.9998128,myrtus,myrtus,Correct
148,myrtus/IMG_3738-35.png,8,8,0.9996853,myrtus,myrtus,Correct
149,myrtus/IMG_3738-36.png,8,8,0.99966574,myrtus,myrtus,Correct
150,myrtus/IMG_3738-37.png,8,8,0.9997292,myrtus,myrtus,Correct
151,myrtus/IMG_3738-5.png,8,8,0.9999045,myrtus,myrtus,Correct
152,myrtus/IMG_3738-61.png,8,8,0.99492353,myrtus,myrtus,Correct
153,myrtus/IMG_3738-86.png,8,8,0.9950041,myrtus,myrtus,Correct
154,myrtus/IMG_3741-43.png,8,8,0.99977535,myrtus,myrtus,Correct
155,myrtus/IMG_3741-8.png,8,8,0.9999049,myrtus,myrtus,Correct
156,myrtus/IMG_3742-12.png,8,8,0.9998859,myrtus,myrtus,Correct
157,myrtus/IMG_3742-14.png,8,8,0.99972934,myrtus,myrtus,Correct
158,myrtus/IMG_3742-17.png,8,8,0.99991655,myrtus,myrtus,Correct
159,myrtus/IMG_3742-26.png,8,8,0.9998517,myrtus,myrtus,Correct
160,myrtus/IMG_3742-44.png,8,8,0.9999181,myrtus,myrtus,Correct
161,myrtus/IMG_3742-47.png,8,8,0.9998486,myrtus,myrtus,Correct
162,myrtus/IMG_3743-10.png,8,8,0.9979506,myrtus,myrtus,Correct
163,myrtus/IMG_3743-35.png,8,8,0.9998017,myrtus,myrtus,Correct
164,myrtus/IMG_3744-15.png,8,8,0.99990594,myrtus,myrtus,Correct
165,myrtus/IMG_3744-2.png,8,8,0.9991242,myrtus,myrtus,Correct
166,myrtus/IMG_3744-33.png,8,8,0.98956686,myrtus,myrtus,Correct
167,myrtus/IMG_3744-48.png,8,8,0.99940634,myrtus,myrtus,Correct
168,myrtus/Myr.M.comX400wF(1095)(1091)A-15.png,8,8,0.99980277,myrtus,myrtus,Correct
169,myrtus/Myr.M.comX400wF(1095)(1091)A-27.png,8,8,0.9999027,myrtus,myrtus,Correct
170,myrtus/Myr.M.comX400wF(1095)(1091)A-33.png,8,8,0.9998282,myrtus,myrtus,Correct
171,myrtus/Myr.M.comX400wF(1095)(1091)A-37.png,8,8,0.9998217,myrtus,myrtus,Correct
172,myrtus/Myr.M.comX400wF(1095)(1091)A-38.png,8,8,0.99981576,myrtus,myrtus,Correct
173,myrtus/Myr.M.comX400wF(1095)(1091)A-41.png,8,8,0.99973446,myrtus,myrtus,Correct
174,myrtus/Myr.M.comX400wF(1095)(1091)A-51.png,8,8,0.99982375,myrtus,myrtus,Correct
175,myrtus/Myr.M.comX400wF(1095)(1091)A-62.png,8,8,0.99981767,myrtus,myrtus,Correct
176,myrtus/Myr.M.comX400wF(1095)(1091)A-8.png,8,8,0.99924755,myrtus,myrtus,Correct
177,myrtus/Myr.M.comX400wF(1095)(1091)A-86.png,8,8,0.999858,myrtus,myrtus,Correct
178,myrtus/Myr.M.comX400wF(1095)(1091)A-93.png,8,8,0.9999442,myrtus,myrtus,Correct
179,myrtus/Myr.M.comX400wF(1097)(1090)C-13.png,8,8,0.998214,myrtus,myrtus,Correct
180,myrtus/Myr.M.comX400wF(1097)(1090)C-18.png,8,8,0.99965656,myrtus,myrtus,Correct
181,myrtus/Myr.M.comX400wF(1097)(1090)C-27.png,8,8,0.9998776,myrtus,myrtus,Correct
182,myrtus/Myr.M.comX400wF(1097)(1090)C-38.png,8,8,0.99982613,myrtus,myrtus,Correct
183,myrtus/Myr.M.comX400wF(1097)(1090)C-40.png,8,8,0.99945325,myrtus,myrtus,Correct
184,myrtus/Myr.M.comX400wF(1097)(1090)C-41.png,8,8,0.99985766,myrtus,myrtus,Correct
185,myrtus/Myr.M.comX400wF(1097)(1090)C-43.png,8,8,0.99979025,myrtus,myrtus,Correct
186,myrtus/Myr.M.comX400wF(1097)(1090)C-58.png,8,8,0.99986684,myrtus,myrtus,Correct
187,myrtus/Myr.M.comX400wF(1097)(1090)C-65.png,8,8,0.99991465,myrtus,myrtus,Correct
188,myrtus/Myr.M.comX400wF(1097)(1090)C-69.png,8,8,0.99995255,myrtus,myrtus,Correct
189,myrtus/Myr.M.comX400wF(1097)(1090)C-85.png,8,8,0.99993515,myrtus,myrtus,Correct
190,olea/Ole.O.euroX400wF(4261)(0)A-25.png,9,9,0.99796045,olea,olea,Correct
191,olea/Ole.O.euroX400wF(4261)(0)A-26.png,9,9,0.9153805,olea,olea,Correct
192,olea/Ole.O.euroX400wF(4261)(0)A-3.png,9,9,0.9998599,olea,olea,Correct
193,olea/Ole.O.euroX400wF(4261)(0)A-49.png,9,9,0.99935156,olea,olea,Correct
194,olea/Ole.O.euroX400wF(4262)(0)B-14.png,9,9,0.99939394,olea,olea,Correct
195,olea/Ole.O.euroX400wF(4262)(0)B-27.png,9,9,0.99908125,olea,olea,Correct
196,olea/Ole.O.euroX400wF(4263)(0)C-10.png,9,9,0.998831,olea,olea,Correct
197,olea/Ole.O.euroX400wF(4263)(0)C-129.png,9,9,0.9997795,olea,olea,Correct
198,olea/Ole.O.euroX400wF(4263)(0)C-136.png,9,9,0.99991703,olea,olea,Correct
199,olea/Ole.O.euroX400wF(4263)(0)C-150.png,9,9,0.99981827,olea,olea,Correct
200,olea/Ole.O.euroX400wF(4263)(0)C-156.png,9,9,0.99995315,olea,olea,Correct
201,olea/Ole.O.euroX400wF(4263)(0)C-173.png,9,9,0.9991941,olea,olea,Correct
202,olea/Ole.O.euroX400wF(4263)(0)C-176.png,9,9,0.99975246,olea,olea,Correct
203,olea/Ole.O.euroX400wF(4263)(0)C-181.png,9,9,0.99901605,olea,olea,Correct
204,olea/Ole.O.euroX400wF(4263)(0)C-194.png,9,9,0.9999063,olea,olea,Correct
205,olea/Ole.O.euroX400wF(4263)(0)C-195.png,9,9,0.9999826,olea,olea,Correct
206,olea/Ole.O.euroX400wF(4263)(0)C-20.png,9,9,0.9997454,olea,olea,Correct
207,olea/Ole.O.euroX400wF(4263)(0)C-28.png,9,9,0.99993634,olea,olea,Correct
208,olea/Ole.O.euroX400wF(4263)(0)C-32.png,9,9,0.999708,olea,olea,Correct
209,olea/Ole.O.euroX400wF(4263)(0)C-41.png,9,9,0.99988747,olea,olea,Correct
210,olea/Ole.O.euroX400wF(4263)(0)C-46.png,9,9,0.99982005,olea,olea,Correct
211,olea/Ole.O.euroX400wF(4263)(0)C-5.png,9,9,0.99995744,olea,olea,Correct
212,olea/Ole.O.euroX400wF(4263)(0)C-74.png,9,9,0.9976459,olea,olea,Correct
213,olea/Ole.O.euroX400wF(4263)(0)C-79.png,9,9,0.9997098,olea,olea,Correct
214,olea/Ole.O.euroX400wF(4263)(0)C-89.png,9,9,0.9999281,olea,olea,Correct
215,olea/Ole.O.euroX400wF(4263)(0)C-91.png,9,9,0.99978846,olea,olea,Correct
216,olea/Ole.O.euroX400wF(4264)(0)D-102.png,9,9,0.99987435,olea,olea,Correct
217,olea/Ole.O.euroX400wF(4264)(0)D-116.png,9,9,0.9999232,olea,olea,Correct
218,olea/Ole.O.euroX400wF(4264)(0)D-121.png,9,9,0.99972874,olea,olea,Correct
219,olea/Ole.O.euroX400wF(4264)(0)D-123.png,9,9,0.9996824,olea,olea,Correct
220,olea/Ole.O.euroX400wF(4264)(0)D-129.png,9,9,0.999974,olea,olea,Correct
221,olea/Ole.O.euroX400wF(4264)(0)D-132.png,9,9,0.9999,olea,olea,Correct
222,olea/Ole.O.euroX400wF(4264)(0)D-45.png,9,9,0.99989986,olea,olea,Correct
223,olea/Ole.O.euroX400wF(4264)(0)D-54.png,9,9,0.9999052,olea,olea,Correct
224,olea/Ole.O.euroX400wF(4264)(0)D-57.png,9,9,0.999859,olea,olea,Correct
225,olea/Ole.O.euroX400wF(4264)(0)D-63.png,9,9,0.99993694,olea,olea,Correct
226,olea/Ole.O.euroX400wF(4264)(0)D-68.png,9,9,0.99972624,olea,olea,Correct
227,olea/Ole.O.euroX400wF(4264)(0)D-77.png,9,9,0.9997515,olea,olea,Correct
228,olea/Ole.O.euroX400wF(4264)(0)D-86.png,9,9,0.9997209,olea,olea,Correct
229,olea/Ole.O.euroX400wF(4264)(0)D-92.png,9,9,0.99986446,olea,olea,Correct
230,olea/Ole.O.euroX400wF(4264)(0)D-95.png,9,9,0.9999305,olea,olea,Correct
231,olea/Ole.O.euroX400wF(4265)(0)E-108.png,9,9,0.99964,olea,olea,Correct
232,olea/Ole.O.euroX400wF(4265)(0)E-132.png,9,9,0.9998115,olea,olea,Correct
233,olea/Ole.O.euroX400wF(4265)(0)E-139.png,9,9,0.99981326,olea,olea,Correct
234,olea/Ole.O.euroX400wF(4265)(0)E-143.png,9,9,0.9998752,olea,olea,Correct
235,olea/Ole.O.euroX400wF(4265)(0)E-153.png,9,9,0.999686,olea,olea,Correct
236,olea/Ole.O.euroX400wF(4265)(0)E-17.png,9,9,0.9997423,olea,olea,Correct
237,olea/Ole.O.euroX400wF(4265)(0)E-18.png,9,9,0.9997923,olea,olea,Correct
238,olea/Ole.O.euroX400wF(4265)(0)E-187.png,9,9,0.9999485,olea,olea,Correct
239,olea/Ole.O.euroX400wF(4265)(0)E-192.png,9,9,0.9999262,olea,olea,Correct
240,olea/Ole.O.euroX400wF(4265)(0)E-204.png,9,9,0.9999057,olea,olea,Correct
241,olea/Ole.O.euroX400wF(4265)(0)E-207.png,9,9,0.9976833,olea,olea,Correct
242,olea/Ole.O.euroX400wF(4265)(0)E-21.png,9,9,0.9989936,olea,olea,Correct
243,olea/Ole.O.euroX400wF(4265)(0)E-26.png,9,9,0.9996443,olea,olea,Correct
244,olea/Ole.O.euroX400wF(4265)(0)E-32.png,9,9,0.99996066,olea,olea,Correct
245,olea/Ole.O.euroX400wF(4265)(0)E-4.png,9,9,0.9999113,olea,olea,Correct
246,olea/Ole.O.euroX400wF(4265)(0)E-44.png,9,9,0.9998524,olea,olea,Correct
247,olea/Ole.O.euroX400wF(4265)(0)E-55.png,9,9,0.9995938,olea,olea,Correct
248,olea/Ole.O.euroX400wF(4265)(0)E-57.png,9,9,0.99858594,olea,olea,Correct
249,olea/Ole.O.euroX400wF(4265)(0)E-68.png,9,9,0.9997552,olea,olea,Correct
250,olea/Ole.O.euroX400wF(4265)(0)E-75.png,9,9,0.9999002,olea,olea,Correct
251,olea/Ole.O.euroX400wF(4265)(0)E-84.png,9,9,0.9997274,olea,olea,Correct
252,olea/Ole.O.euroX400wF(4265)(0)E-90.png,9,9,0.9999082,olea,olea,Correct
253,olea/Ole.O.euroX400wF(4265)(0)E-93.png,9,9,0.9999646,olea,olea,Correct
254,olea/Ole.O.euroX400wF(4266)(0)F-100.png,9,9,0.9999616,olea,olea,Correct
255,olea/Ole.O.euroX400wF(4266)(0)F-13.png,9,9,0.99949455,olea,olea,Correct
256,olea/Ole.O.euroX400wF(4266)(0)F-141.png,9,9,0.99976283,olea,olea,Correct
257,olea/Ole.O.euroX400wF(4266)(0)F-17.png,9,9,0.99848276,olea,olea,Correct
258,olea/Ole.O.euroX400wF(4266)(0)F-19.png,9,9,0.9963593,olea,olea,Correct
259,olea/Ole.O.euroX400wF(4266)(0)F-21.png,9,9,0.9984603,olea,olea,Correct
260,olea/Ole.O.euroX400wF(4266)(0)F-23.png,9,9,0.9978357,olea,olea,Correct
261,olea/Ole.O.euroX400wF(4266)(0)F-37.png,9,9,0.99992204,olea,olea,Correct
262,olea/Ole.O.euroX400wF(4266)(0)F-49.png,9,9,0.9996499,olea,olea,Correct
263,olea/Ole.O.euroX400wF(4266)(0)F-51.png,9,9,0.9990689,olea,olea,Correct
264,olea/Ole.O.euroX400wF(4266)(0)F-65.png,9,9,0.99990463,olea,olea,Correct
265,olea/Ole.O.euroX400wF(4266)(0)F-77.png,9,9,0.99967825,olea,olea,Correct
266,olea/Ole.O.euroX400wF(4267)(0)G-35.png,9,9,0.9999478,olea,olea,Correct
267,olea/Ole.O.euroX400wF(4267)(0)G-48.png,9,9,0.9997284,olea,olea,Correct
268,olea/Ole.O.euroX400wF(4267)(0)G-53.png,9,9,0.999814,olea,olea,Correct
269,origanum/Lam.O.micX400wF(885)(0)B-12.png,10,10,0.99975437,origanum,origanum,Correct
270,origanum/Lam.O.micX400wF(885)(0)B-6.png,10,10,0.9999076,origanum,origanum,Correct
271,origanum/Lam.O.micX400wF(885)(0)B-9.png,10,10,0.9999075,origanum,origanum,Correct
272,origanum/Lam.O.micX400wF(886)(0)C-10.png,10,10,0.9999713,origanum,origanum,Correct
273,origanum/Lam.O.micX400wF(886)(0)C-21.png,10,10,0.99975556,origanum,origanum,Correct
274,origanum/Lam.O.micX400wF(886)(0)C-26.png,10,10,0.9999716,origanum,origanum,Correct
275,origanum/Lam.O.micX400wF(886)(0)C-51.png,10,10,0.99989104,origanum,origanum,Correct
276,origanum/Lam.O.micX400wF(886)(0)C-54.png,10,10,0.9999281,origanum,origanum,Correct
277,origanum/Lam.O.micX400wF(887)(0)D-1.png,10,10,0.9999162,origanum,origanum,Correct
278,origanum/Lam.O.micX400wF(889)(0)F-14.png,10,10,0.9999808,origanum,origanum,Correct
279,origanum/Lam.O.micX400wF(889)(0)F-15.png,10,10,0.9999689,origanum,origanum,Correct
280,origanum/Lam.O.micX400wF(889)(0)F-29.png,10,10,0.9997696,origanum,origanum,Correct
281,origanum/Lam.O.micX400wF(889)(0)F-35.png,10,10,0.9998074,origanum,origanum,Correct
282,origanum/Lam.O.micX400wF(889)(0)F-36.png,10,10,0.9999423,origanum,origanum,Correct
283,origanum/Lam.O.micX400wF(889)(0)F-38.png,10,10,0.99935967,origanum,origanum,Correct
284,origanum/Lam.O.micX400wF(889)(0)F-43.png,10,10,0.9998921,origanum,origanum,Correct
285,origanum/Lam.O.micX400wF(889)(0)F-46.png,10,10,0.99987495,origanum,origanum,Correct
286,oxalis/Oxa.O.pes.cX400wF(1733)(0)A-11.png,11,11,0.99994874,oxalis,oxalis,Correct
287,oxalis/Oxa.O.pes.cX400wF(1733)(0)A-15.png,11,11,0.999819,oxalis,oxalis,Correct
288,oxalis/Oxa.O.pes.cX400wF(1733)(0)A-16.png,11,11,0.99987495,oxalis,oxalis,Correct
289,oxalis/Oxa.O.pes.cX400wF(1735)(0)C-6.png,11,11,0.9942287,oxalis,oxalis,Correct
290,oxalis/Oxa.O.pes.cX400wF(1737)(1736)E-5.png,11,11,0.9999192,oxalis,oxalis,Correct
291,oxalis/Oxa.O.pes.cX400wF(1738)(0)F-5.png,11,11,0.99991226,oxalis,oxalis,Correct
292,oxalis/Oxa.O.pes.cX400wF(1739)(0)G-4.png,11,11,0.9972167,oxalis,oxalis,Correct
293,oxalis/Oxa.O.pes.cX400wF(1739)(0)G-6.png,11,11,0.9995958,oxalis,oxalis,Correct
294,oxalis/Oxa.O.pes.cX400wF(1740)(0)H-8.png,11,11,0.9992969,oxalis,oxalis,Correct
295,oxalis/Oxa.O.pes.cX400wF(1741)(0)I-10.png,11,11,0.999278,oxalis,oxalis,Correct
296,oxalis/Oxa.O.pes.cX400wF(1741)(0)I-11.png,11,11,0.9985759,oxalis,oxalis,Correct
297,oxalis/Oxa.O.pes.cX400wF(1742)(1741)J-8.png,11,11,0.9995229,oxalis,oxalis,Correct
298,oxalis/Oxa.O.pes.cX400wF(1743)(0)K-21.png,11,11,0.9998807,oxalis,oxalis,Correct
299,oxalis/Oxa.O.pes.cX400wF(1743)(0)K-25.png,11,11,0.9998708,oxalis,oxalis,Correct
300,pinus/Pin.P.brutX400wF(3171)(0)A-4.png,12,12,0.99997354,pinus,pinus,Correct
301,pinus/Pin.P.brutX400wF(3177)(0)G-2.png,12,12,0.9999373,pinus,pinus,Correct
302,pistacia/Ana.P.tereX400wF(3222)(0)A-7.png,13,13,0.99991226,pistacia,pistacia,Correct
303,pistacia/Ana.P.tereX400wF(3224)(0)C-5.png,13,13,0.9997981,pistacia,pistacia,Correct
304,pistacia/Ana.P.tereX400wF(3226)(0)E-5.png,13,13,0.9998313,pistacia,pistacia,Correct
305,pistacia/Ana.P.tereX400wF(3227)(0)F-6.png,13,13,0.99889046,pistacia,pistacia,Correct
306,salvia/Lam.S.triX400wF(2189)(0)B-17.png,14,14,0.9999411,salvia,salvia,Correct
307,salvia/Lam.S.triX400wF(2189)(0)B-38.png,14,14,0.9996804,salvia,salvia,Correct
308,salvia/Lam.S.triX400wF(2189)(0)B-43.png,14,14,0.99921036,salvia,salvia,Correct
309,salvia/Lam.S.triX400wF(2189)(0)B-54.png,14,14,0.9997491,salvia,salvia,Correct
310,salvia/Lam.S.triX400wF(2189)(0)B-55.png,14,14,0.9996879,salvia,salvia,Correct
311,salvia/Lam.S.triX400wF(2189)(0)B-59.png,14,14,0.99989104,salvia,salvia,Correct
312,salvia/Lam.S.triX400wF(2189)(0)B-8.png,14,14,0.9993606,salvia,salvia,Correct
313,salvia/Lam.S.triX400wF(2190)(0)C-21.png,14,14,0.99883515,salvia,salvia,Correct
314,salvia/Lam.S.triX400wF(2190)(0)C-24.png,14,14,0.9999243,salvia,salvia,Correct
315,salvia/Lam.S.triX400wF(2190)(0)C-39.png,14,14,0.9998276,salvia,salvia,Correct
316,salvia/Lam.S.triX400wF(2190)(0)C-9.png,14,14,0.9999089,salvia,salvia,Correct
317,salvia/Lam.S.triX400wF(2191)(0)D-11.png,14,14,0.99983394,salvia,salvia,Correct
318,salvia/Lam.S.triX400wF(2191)(0)D-21.png,14,14,0.9998398,salvia,salvia,Correct
319,salvia/Lam.S.triX400wF(2191)(0)D-35.png,14,14,0.99994457,salvia,salvia,Correct
320,salvia/Lam.S.triX400wF(2191)(0)D-4.png,14,14,0.99980253,salvia,salvia,Correct
321,salvia/Lam.S.triX400wF(2191)(0)D-46.png,14,14,0.69857246,salvia,salvia,Correct
322,salvia/Lam.S.triX400wF(2192)(0)E-9.png,14,14,0.99916923,salvia,salvia,Correct
323,salvia/Lam.S.triX400wF(2193)(0)F-15.png,14,14,0.9999001,salvia,salvia,Correct
324,satureja/Lam.S.thyX400wF(941)(937)A-9.png,15,15,0.99987924,satureja,satureja,Correct
325,satureja/Lam.S.thyX400wF(942)(935)B-6.png,15,15,0.9998018,satureja,satureja,Correct
326,satureja/Lam.S.thyX400wF(944)(940)E-12.png,15,15,0.99977225,satureja,satureja,Correct
327,satureja/Lam.S.thyX400wF(944)(940)E-15.png,15,15,0.99961746,satureja,satureja,Correct
328,satureja/Lam.S.thyX400wF(944)(940)E-2.png,15,15,0.9993181,satureja,satureja,Correct
329,satureja/Lam.S.thyX400wF(944)(940)E-24.png,15,15,0.9997726,satureja,satureja,Correct
330,satureja/Lam.S.thyX400wF(944)(940)E-28.png,15,15,0.99928254,satureja,satureja,Correct
331,sinapis/Bra.S.albX400wF(2150)(0)A-10.png,16,16,0.9964954,sinapis,sinapis,Correct
332,sinapis/Bra.S.albX400wF(2151)(0)B-12.png,16,16,0.99980754,sinapis,sinapis,Correct
333,sinapis/Bra.S.albX400wF(2151)(0)B-19.png,16,16,0.99991214,sinapis,sinapis,Correct
334,sinapis/Bra.S.albX400wF(2151)(0)B-5.png,16,16,0.9993874,sinapis,sinapis,Correct
335,sinapis/Bra.S.albX400wF(2152)(0)C-15.png,16,16,0.9791595,sinapis,sinapis,Correct
336,sinapis/Bra.S.albX400wF(2153)(0)D-11.png,16,16,0.35034275,sinapis,sinapis,Correct
337,sinapis/Bra.S.albX400wF(2153)(0)D-22.png,16,16,0.9857927,sinapis,sinapis,Correct
338,sinapis/Bra.S.albX400wF(2153)(0)D-8.png,16,16,0.9996159,sinapis,sinapis,Correct
339,sinapis/Bra.S.albX400wF(2154)(0)E-17.png,16,16,0.99722016,sinapis,sinapis,Correct
340,sinapis/Bra.S.albX400wF(2154)(0)E-19.png,16,16,0.99983644,sinapis,sinapis,Correct
341,sinapis/Bra.S.albX400wF(2154)(0)E-5.png,16,16,0.99990046,sinapis,sinapis,Correct
342,sinapis/Bra.S.albX400wF(2155)(0)F-19.png,16,16,0.999859,sinapis,sinapis,Correct
343,sinapis/Bra.S.albX400wF(2155)(0)F-9.png,16,16,0.999895,sinapis,sinapis,Correct
344,sinapis/IMG_3701-7.png,16,16,0.99951303,sinapis,sinapis,Correct
345,sinapis/IMG_3701-8.png,16,16,0.9997857,sinapis,sinapis,Correct
346,sinapis/IMG_3704-2.png,16,16,0.9998318,sinapis,sinapis,Correct
347,sinapis/IMG_3704-7.png,16,16,0.99989164,sinapis,sinapis,Correct
348,sinapis/IMG_3706-12.png,16,16,0.9992581,sinapis,sinapis,Correct
349,sinapis/IMG_3708-3.png,16,16,0.9998807,sinapis,sinapis,Correct
350,thymbra/Lam.T.capX400wF(1029)(0)A-15.png,17,17,0.9998286,thymbra,thymbra,Correct
351,thymbra/Lam.T.capX400wF(1029)(0)A-16.png,17,17,0.9999236,thymbra,thymbra,Correct
352,thymbra/Lam.T.capX400wF(1029)(0)A-18.png,17,17,0.999863,thymbra,thymbra,Correct
353,thymbra/Lam.T.capX400wF(1032)(0)D-5.png,17,17,0.9997899,thymbra,thymbra,Correct
354,thymbra/Lam.T.capX400wF(1032)(0)D-8.png,17,17,0.99927217,thymbra,thymbra,Correct
355,thymbra/Lam.T.capX400wF(1033)(0)E-13.png,17,17,0.9999311,thymbra,thymbra,Correct
356,thymbra/x40 f (1)-8.png,17,17,0.9995752,thymbra,thymbra,Correct
357,thymbra/x40 f (4)-12.png,17,17,0.9998921,thymbra,thymbra,Correct
358,thymbra/x40 f (4)-14.png,17,17,0.99962044,thymbra,thymbra,Correct
359,thymbra/x40 f (4)-16.png,17,17,0.999549,thymbra,thymbra,Correct
360,thymbra/x40 f (4)-3.png,17,17,0.9999825,thymbra,thymbra,Correct
361,thymbra/x40 f (5)-15.png,17,17,0.9998301,thymbra,thymbra,Correct
362,thymbra/x40 f (6)-11.png,17,17,0.9999378,thymbra,thymbra,Correct
363,thymbra/x40 f (6)-4.png,17,17,0.9998288,thymbra,thymbra,Correct
364,thymbra/x40 f (7)-5.png,17,17,0.9988663,thymbra,thymbra,Correct
365,urginea/Asp.U.marX400wF(5317)(0)A-17.png,18,18,0.9992944,urginea,urginea,Correct
366,urginea/Asp.U.marX400wF(5317)(0)A-18.png,18,18,0.9997603,urginea,urginea,Correct
368,urginea/Asp.U.marX400wF(5317)(0)A-9.png,18,18,0.9998234,urginea,urginea,Correct
369,urginea/Asp.U.marX400wF(5318)(0)B-9.png,18,18,0.9998814,urginea,urginea,Correct
370,urginea/Asp.U.marX400wF(5319)(0)C-15.png,18,18,0.9998963,urginea,urginea,Correct
371,urginea/Asp.U.marX400wF(5320)(0)D-2.png,18,18,0.9997775,urginea,urginea,Correct
372,urginea/Asp.U.marX400wF(5322)(0)F-11.png,18,18,0.9997552,urginea,urginea,Correct
373,urginea/Asp.U.marX400wF(5322)(0)F-9.png,18,18,0.9997483,urginea,urginea,Correct
374,urginea/Asp.U.marX400wF(5323)(0)G-3.png,18,18,0.99981064,urginea,urginea,Correct
375,urginea/Asp.U.marX400wF(5323)(0)G-6.png,18,18,0.99985635,urginea,urginea,Correct
376,vitis/Vit.V.viniX400wF(4978)(0)A-26.png,19,19,0.9961365,vitis,vitis,Correct
377,vitis/Vit.V.viniX400wF(4978)(0)A-4.png,19,19,0.99989176,vitis,vitis,Correct
378,vitis/Vit.V.viniX400wF(4979)(0)B-11.png,19,19,0.9998043,vitis,vitis,Correct
379,vitis/Vit.V.viniX400wF(4979)(0)B-13.png,19,19,0.9998355,vitis,vitis,Correct
380,vitis/Vit.V.viniX400wF(4979)(0)B-4.png,19,19,0.99991035,vitis,vitis,Correct
381,vitis/Vit.V.viniX400wF(4979)(0)B-8.png,19,19,0.9986878,vitis,vitis,Correct
382,vitis/Vit.V.viniX400wF(4980)(0)C-16.png,19,19,0.9984823,vitis,vitis,Correct
383,vitis/Vit.V.viniX400wF(4980)(0)C-30.png,19,19,0.9998272,vitis,vitis,Correct
384,vitis/Vit.V.viniX400wF(4980)(0)C-7.png,19,19,0.9997285,vitis,vitis,Correct
385,vitis/Vit.V.viniX400wF(4981)(0)D-19.png,19,19,0.9995453,vitis,vitis,Correct
386,vitis/Vit.V.viniX400wF(4981)(0)D-6.png,19,19,0.9978923,vitis,vitis,Correct
387,vitis/Vit.V.viniX400wF(4982)(0)E-18.png,19,19,0.99948055,vitis,vitis,Correct
388,vitis/Vit.V.viniX400wF(4982)(0)E-22.png,19,19,0.9999249,vitis,vitis,Correct
389,vitis/Vit.V.viniX400wF(4982)(0)E-29.png,19,19,0.9998559,vitis,vitis,Correct
390,vitis/Vit.V.viniX400wF(4982)(0)E-43.png,19,19,0.9969607,vitis,vitis,Correct
391,vitis/Vit.V.viniX400wF(4983)(0)F-22.png,19,19,0.9998621,vitis,vitis,Correct
392,vitis/Vit.V.viniX400wF(4983)(0)F-23.png,19,19,0.99961996,vitis,vitis,Correct
393,vitis/Vit.V.viniX400wF(4984)(0)G-15.png,19,19,0.99931955,vitis,vitis,Correct
394,vitis/Vit.V.viniX400wF(4984)(0)G-36.png,19,19,0.998879,vitis,vitis,Correct
395,vitis/Vit.V.viniX400wF(4984)(0)G-5.png,19,19,0.9990194,vitis,vitis,Correct
396,vitis/Vit.V.viniX400wF(4984)(0)G-8.png,19,19,0.99988496,vitis,vitis,Correct
397,vitis/Vit.V.viniX400wF(4985)(0)H-16.png,19,19,0.99963796,vitis,vitis,Correct
398,vitis/Vit.V.viniX400wF(4985)(0)H-18.png,19,19,0.9999548,vitis,vitis,Correct
399,vitis/Vit.V.viniX400wF(4985)(0)H-2.png,19,19,0.99946934,vitis,vitis,Correct
400,vitis/Vit.V.viniX400wF(4985)(0)H-20.png,19,19,0.99985063,vitis,vitis,Correct
401,vitis/Vit.V.viniX400wF(4985)(0)H-23.png,19,19,0.99991095,vitis,vitis,Correct
402,vitis/Vit.V.viniX400wF(4985)(0)H-8.png,19,19,0.9999081,vitis,vitis,Correct
0,asphodelus/Asp.A.ramX400wF(1984)(0)A-11.png,0,0,0.99963593,asphodelus,asphodelus,Correct
1,asphodelus/Asp.A.ramX400wF(1984)(0)A-9.png,0,0,0.58508384,asphodelus,asphodelus,Correct
2,asphodelus/Asp.A.ramX400wF(1988)(0)E-4.png,0,0,0.9995641,asphodelus,asphodelus,Correct
3,asphodelus/Asp.A.ramX400wF(1989)(0)F-1.png,0,0,0.99927264,asphodelus,asphodelus,Correct
4,calicotome/Fab.C.vilX400wF(2016)(0)A-1.png,1,1,0.9994492,calicotome,calicotome,Correct
5,calicotome/Fab.C.vilX400wF(2016)(0)A-20.png,1,1,0.99959344,calicotome,calicotome,Correct
6,calicotome/Fab.C.vilX400wF(2016)(0)A-3.png,1,1,0.57114846,calicotome,calicotome,Correct
7,calicotome/Fab.C.vilX400wF(2016)(0)A-5.png,1,1,0.9996387,calicotome,calicotome,Correct
8,calicotome/Fab.C.vilX400wF(2017)(0)B-23.png,1,1,0.99974734,calicotome,calicotome,Correct
9,calicotome/Fab.C.vilX400wF(2018)(0)C-16.png,1,1,0.9406819,calicotome,calicotome,Correct
10,calicotome/Fab.C.vilX400wF(2018)(0)C-2.png,1,1,0.9996747,calicotome,calicotome,Correct
11,calicotome/Fab.C.vilX400wF(2018)(0)C-5.png,1,1,0.9995654,calicotome,calicotome,Correct
12,calicotome/Fab.C.vilX400wF(2019)(0)D-105.png,1,1,0.99912924,calicotome,calicotome,Correct
13,calicotome/Fab.C.vilX400wF(2019)(0)D-107.png,1,1,0.9990369,calicotome,calicotome,Correct
14,calicotome/Fab.C.vilX400wF(2019)(0)D-14.png,1,1,0.99921536,calicotome,calicotome,Correct
15,calicotome/Fab.C.vilX400wF(2019)(0)D-30.png,1,1,0.99957734,calicotome,calicotome,Correct
16,calicotome/Fab.C.vilX400wF(2019)(0)D-35.png,1,1,0.9984547,calicotome,calicotome,Correct
17,calicotome/Fab.C.vilX400wF(2019)(0)D-4.png,1,1,0.99872214,calicotome,calicotome,Correct
18,calicotome/Fab.C.vilX400wF(2019)(0)D-7.png,1,1,0.9983084,calicotome,calicotome,Correct
19,calicotome/Fab.C.vilX400wF(2019)(0)D-75.png,1,1,0.9994066,calicotome,calicotome,Correct
20,calicotome/Fab.C.vilX400wF(2019)(0)D-76.png,1,1,0.9995419,calicotome,calicotome,Correct
21,calicotome/Fab.C.vilX400wF(2019)(0)D-96.png,1,1,0.999193,calicotome,calicotome,Correct
22,calicotome/Fab.C.vilX400wF(2019)(0)D-98.png,1,1,0.9990995,calicotome,calicotome,Correct
23,calicotome/Fab.C.vilX400wF(2020)(0)E-10.png,1,1,0.9991283,calicotome,calicotome,Correct
24,calicotome/Fab.C.vilX400wF(2020)(0)E-103.png,1,1,0.99916124,calicotome,calicotome,Correct
25,calicotome/Fab.C.vilX400wF(2020)(0)E-108.png,1,1,0.99915314,calicotome,calicotome,Correct
26,calicotome/Fab.C.vilX400wF(2020)(0)E-17.png,1,1,0.99926597,calicotome,calicotome,Correct
27,calicotome/Fab.C.vilX400wF(2020)(0)E-30.png,1,1,0.9987349,calicotome,calicotome,Correct
28,calicotome/Fab.C.vilX400wF(2020)(0)E-35.png,1,1,0.9986994,calicotome,calicotome,Correct
29,calicotome/Fab.C.vilX400wF(2020)(0)E-69.png,1,1,0.99951136,calicotome,calicotome,Correct
30,calicotome/Fab.C.vilX400wF(2020)(0)E-78.png,1,1,0.9989856,calicotome,calicotome,Correct
31,calicotome/Fab.C.vilX400wF(2020)(0)E-87.png,1,1,0.99955624,calicotome,calicotome,Correct
32,calicotome/Fab.C.vilX400wF(2020)(0)E-91.png,1,1,0.9990631,calicotome,calicotome,Correct
33,castanea/Fag.C.satX400wF(781)(0)A-12.png,2,2,0.9993542,castanea,castanea,Correct
34,castanea/Fag.C.satX400wF(781)(0)A-17.png,2,2,0.99941456,castanea,castanea,Correct
35,castanea/Fag.C.satX400wF(781)(0)A-27.png,2,2,0.9993211,castanea,castanea,Correct
36,castanea/Fag.C.satX400wF(781)(0)A-28.png,2,2,0.9993424,castanea,castanea,Correct
37,castanea/Fag.C.satX400wF(781)(0)A-32.png,2,2,0.99883837,castanea,castanea,Correct
38,castanea/Fag.C.satX400wF(781)(0)A-34.png,2,2,0.999471,castanea,castanea,Correct
39,castanea/Fag.C.satX400wF(782)(0)B-11.png,2,2,0.99956006,castanea,castanea,Correct
40,castanea/Fag.C.satX400wF(783)(0)C-12.png,2,2,0.9982967,castanea,castanea,Correct
41,castanea/Fag.C.satX400wF(783)(0)C-3.png,2,2,0.9994301,castanea,castanea,Correct
42,castanea/Fag.C.satX400wF(783)(0)C-8.png,2,2,0.9990589,castanea,castanea,Correct
43,castanea/Fag.C.satX400wF(784)(0)D-1.png,2,2,0.9996164,castanea,castanea,Correct
44,castanea/Fag.C.satX400wF(784)(0)D-15.png,2,2,0.9993598,castanea,castanea,Correct
45,castanea/Fag.C.satX400wF(784)(0)D-16.png,2,2,0.99885917,castanea,castanea,Correct
46,castanea/Fag.C.satX400wF(784)(0)D-5.png,2,2,0.9993766,castanea,castanea,Correct
47,castanea/Fag.C.satX400wF(784)(0)D-7.png,2,2,0.99933976,castanea,castanea,Correct
48,castanea/Fag.C.satX400wF(792)(781)G-13.png,2,2,0.9994104,castanea,castanea,Correct
49,castanea/Fag.C.satX400wF(792)(781)G-28.png,2,2,0.99957937,castanea,castanea,Correct
50,castanea/Fag.C.satX400wF(792)(781)G-53.png,2,2,0.99943274,castanea,castanea,Correct
51,castanea/Fag.C.satX400wF(793)(781)H-23.png,2,2,0.9995603,castanea,castanea,Correct
52,castanea/Fag.C.satX400wF(793)(781)H-26.png,2,2,0.99963224,castanea,castanea,Correct
53,castanea/Fag.C.satX400wF(793)(781)H-28.png,2,2,0.99947685,castanea,castanea,Correct
54,castanea/Fag.C.satX400wF(793)(781)H-33.png,2,2,0.9994746,castanea,castanea,Correct
55,ceratonia/Fab.C.silX400wF(475)(0)A-11.png,3,3,0.99960226,ceratonia,ceratonia,Correct
56,ceratonia/Fab.C.silX400wF(475)(0)A-16.png,3,3,0.9239075,ceratonia,ceratonia,Correct
57,ceratonia/Fab.C.silX400wF(476)(0)B-14.png,3,3,0.99981683,ceratonia,ceratonia,Correct
58,ceratonia/Fab.C.silX400wF(476)(0)B-5.png,3,3,0.83645576,ceratonia,ceratonia,Correct
59,ceratonia/Fab.C.silX400wF(477)(0)C-1.png,3,3,0.99773824,ceratonia,ceratonia,Correct
60,ceratonia/Fab.C.silX400wF(477)(0)C-8.png,3,3,0.997106,ceratonia,ceratonia,Correct
61,ceratonia/Fab.C.silX400wF(479)(0)E-1.png,3,3,0.9994715,ceratonia,ceratonia,Correct
63,ceratonia/Fab.C.silX400wF(479)(0)E-16.png,3,3,0.99865144,ceratonia,ceratonia,Correct
64,ceratonia/Fab.C.silX400wF(481)(0)G-2.png,3,3,0.35981727,ceratonia,ceratonia,Correct
65,ebenus/Fab.E.creX400wF(694)(0)B-1.png,4,4,0.9988439,ebenus,ebenus,Correct
67,erica/Eri.E.maniX400wF(5355)(0)A-8.png,5,5,0.99874556,erica,erica,Correct
68,erica/Eri.E.maniX400wF(5356)(0)B-18.png,5,5,0.99856865,erica,erica,Correct
69,erica/Eri.E.maniX400wF(5356)(0)B-3.png,5,5,0.99842775,erica,erica,Correct
70,erica/Eri.E.maniX400wF(5357)(0)C-11.png,5,5,0.99485815,erica,erica,Correct
71,erica/Eri.E.maniX400wF(5357)(0)C-5.png,5,5,0.9980117,erica,erica,Correct
72,erica/Eri.E.maniX400wF(5358)(0)D-7.png,5,5,0.99888116,erica,erica,Correct
73,erica/Eri.E.maniX400wF(5358)(0)D-9.png,5,5,0.99887854,erica,erica,Correct
74,erica/Eri.E.maniX400wF(5359)(0)E-23.png,5,5,0.979258,erica,erica,Correct
75,erica/Eri.E.maniX400wF(5359)(0)E-26.png,5,5,0.9988192,erica,erica,Correct
76,erica/Eri.E.maniX400wF(5359)(0)E-4.png,5,5,0.9978993,erica,erica,Correct
77,erica/Eri.E.maniX400wF(5359)(0)E-9.png,5,5,0.9977729,erica,erica,Correct
78,erica/Eri.E.maniX400wF(5360)(0)F-10.png,5,5,0.99864143,erica,erica,Correct
79,erica/Eri.E.maniX400wF(5360)(0)F-13.png,5,5,0.9986563,erica,erica,Correct
80,erica/Eri.E.maniX400wF(5360)(0)F-15.png,5,5,0.9985109,erica,erica,Correct
81,erica/Eri.E.maniX400wF(5361)(0)G-14.png,5,5,0.9984993,erica,erica,Correct
82,erica/Eri.E.maniX400wF(5362)(0)H-9.png,5,5,0.99392796,erica,erica,Correct
83,erica/Eri.E.maniX400wF(5363)(0)I-13.png,5,5,0.9967981,erica,erica,Correct
84,erica/Eri.E.maniX400wF(5363)(0)I-6.png,5,5,0.9972727,erica,erica,Correct
85,erica/Eri.E.maniX400wF(5363)(0)I-9.png,5,5,0.99827445,erica,erica,Correct
86,eucalyptus/Myr.E.camaX400wF(1866)(0)A-2.png,6,6,0.978442,eucalyptus,eucalyptus,Correct
87,eucalyptus/Myr.E.camaX400wF(1867)(0)B-9.png,6,6,0.99990463,eucalyptus,eucalyptus,Correct
88,eucalyptus/Myr.E.camaX400wF(1868)(0)C-10.png,6,6,0.99989486,eucalyptus,eucalyptus,Correct
89,eucalyptus/Myr.E.camaX400wF(1868)(0)C-2.png,6,6,0.9999107,eucalyptus,eucalyptus,Correct
90,eucalyptus/Myr.E.camaX400wF(1869)(0)D-7.png,6,6,0.99781334,eucalyptus,eucalyptus,Correct
91,eucalyptus/Myr.E.camaX400wF(1872)(0)G-8.png,6,6,0.9998865,eucalyptus,eucalyptus,Correct
92,eucalyptus/Myr.E.camaX400wF(2962)(0)H-17.png,6,6,0.99988365,eucalyptus,eucalyptus,Correct
93,eucalyptus/Myr.E.camaX400wF(2962)(0)H-26.png,6,6,0.999603,eucalyptus,eucalyptus,Correct
94,eucalyptus/Myr.E.camaX400wF(2962)(0)H-30.png,6,6,0.99978906,eucalyptus,eucalyptus,Correct
95,eucalyptus/Myr.E.camaX400wF(2962)(0)H-8.png,6,6,0.9996666,eucalyptus,eucalyptus,Correct
96,eucalyptus/Myr.E.camaX400wF(2963)(0)I-11.png,6,6,0.99991333,eucalyptus,eucalyptus,Correct
97,eucalyptus/Myr.E.camaX400wF(2963)(0)I-9.png,6,6,0.9996568,eucalyptus,eucalyptus,Correct
98,eucalyptus/Myr.E.camaX400wF(2964)(0)J-15.png,6,6,0.9999374,eucalyptus,eucalyptus,Correct
99,eucalyptus/Myr.E.camaX400wF(2964)(0)J-30.png,6,6,0.99984515,eucalyptus,eucalyptus,Correct
100,eucalyptus/Myr.E.camaX400wF(2964)(0)J-6.png,6,6,0.9996544,eucalyptus,eucalyptus,Correct
101,eucalyptus/Myr.E.camaX400wF(2965)(0)K-7.png,6,6,0.9999505,eucalyptus,eucalyptus,Correct
102,eucalyptus/Myr.E.camaX400wF(2966)(0)L-2.png,6,6,0.9999331,eucalyptus,eucalyptus,Correct
103,ferula/Api.F.comX400wF(2136)(0)B-12.png,7,7,0.999705,ferula,ferula,Correct
104,ferula/Api.F.comX400wF(2137)(0)C-12.png,7,7,0.9993261,ferula,ferula,Correct
105,ferula/Api.F.comX400wF(2138)(0)D-15.png,7,7,0.99527895,ferula,ferula,Correct
106,ferula/Api.F.comX400wF(2138)(0)D-20.png,7,7,0.99872845,ferula,ferula,Correct
107,ferula/Api.F.comX400wF(2138)(0)D-22.png,7,7,0.9995378,ferula,ferula,Correct
108,ferula/Api.F.comX400wF(2139)(0)E-10.png,7,7,0.99915576,ferula,ferula,Correct
109,ferula/Api.F.comX400wF(2139)(0)E-15.png,7,7,0.9493119,ferula,ferula,Correct
110,ferula/Api.F.comX400wF(2139)(0)E-22.png,7,7,0.99932384,ferula,ferula,Correct
111,myrtus/IMG_3734-1.png,8,8,0.99820256,myrtus,myrtus,Correct
112,myrtus/IMG_3734-104.png,8,8,0.99825424,myrtus,myrtus,Correct
113,myrtus/IMG_3734-117.png,8,8,0.99912494,myrtus,myrtus,Correct
114,myrtus/IMG_3734-129.png,8,8,0.9992719,myrtus,myrtus,Correct
115,myrtus/IMG_3734-31.png,8,8,0.9981805,myrtus,myrtus,Correct
116,myrtus/IMG_3734-60.png,8,8,0.9989489,myrtus,myrtus,Correct
117,myrtus/IMG_3734-70.png,8,8,0.99930334,myrtus,myrtus,Correct
118,myrtus/IMG_3734-72.png,8,8,0.9980323,myrtus,myrtus,Correct
119,myrtus/IMG_3734-78.png,8,8,0.9989153,myrtus,myrtus,Correct
120,myrtus/IMG_3734-83.png,8,8,0.99909365,myrtus,myrtus,Correct
121,myrtus/IMG_3734-87.png,8,8,0.99856704,myrtus,myrtus,Correct
122,myrtus/IMG_3734-94.png,8,8,0.9988838,myrtus,myrtus,Correct
123,myrtus/IMG_3735-16.png,8,8,0.99914134,myrtus,myrtus,Correct
124,myrtus/IMG_3735-18.png,8,8,0.99896944,myrtus,myrtus,Correct
125,myrtus/IMG_3735-21.png,8,8,0.99899584,myrtus,myrtus,Correct
126,myrtus/IMG_3735-9.png,8,8,0.9980724,myrtus,myrtus,Correct
127,myrtus/IMG_3736-16.png,8,8,0.9989291,myrtus,myrtus,Correct
128,myrtus/IMG_3736-26.png,8,8,0.9986827,myrtus,myrtus,Correct
129,myrtus/IMG_3736-33.png,8,8,0.99919814,myrtus,myrtus,Correct
130,myrtus/IMG_3736-36.png,8,8,0.99921334,myrtus,myrtus,Correct
131,myrtus/IMG_3736-51.png,8,8,0.99873596,myrtus,myrtus,Correct
132,myrtus/IMG_3736-62.png,8,8,0.9989442,myrtus,myrtus,Correct
133,myrtus/IMG_3736-66.png,8,8,0.9982419,myrtus,myrtus,Correct
134,myrtus/IMG_3736-71.png,8,8,0.9987312,myrtus,myrtus,Correct
135,myrtus/IMG_3736-76.png,8,8,0.9984787,myrtus,myrtus,Correct
136,myrtus/IMG_3736-79.png,8,8,0.99806875,myrtus,myrtus,Correct
137,myrtus/IMG_3737-16.png,8,8,0.99929726,myrtus,myrtus,Correct
138,myrtus/IMG_3737-49.png,8,8,0.99918884,myrtus,myrtus,Correct
139,myrtus/IMG_3737-50.png,8,8,0.9992131,myrtus,myrtus,Correct
140,myrtus/IMG_3738-103.png,8,8,0.99945515,myrtus,myrtus,Correct
141,myrtus/IMG_3738-119.png,8,8,0.9989114,myrtus,myrtus,Correct
142,myrtus/IMG_3738-136.png,8,8,0.9985844,myrtus,myrtus,Correct
143,myrtus/IMG_3738-138.png,8,8,0.9988959,myrtus,myrtus,Correct
144,myrtus/IMG_3738-140.png,8,8,0.99830914,myrtus,myrtus,Correct
145,myrtus/IMG_3738-141.png,8,8,0.99896,myrtus,myrtus,Correct
146,myrtus/IMG_3738-57.png,8,8,0.99864095,myrtus,myrtus,Correct
147,myrtus/IMG_3738-68.png,8,8,0.9988525,myrtus,myrtus,Correct
148,myrtus/IMG_3738-88.png,8,8,0.9992964,myrtus,myrtus,Correct
149,myrtus/IMG_3741-1.png,8,8,0.9979572,myrtus,myrtus,Correct
150,myrtus/IMG_3741-19.png,8,8,0.99854726,myrtus,myrtus,Correct
151,myrtus/IMG_3741-21.png,8,8,0.9984919,myrtus,myrtus,Correct
152,myrtus/IMG_3741-52.png,8,8,0.99831414,myrtus,myrtus,Correct
153,myrtus/IMG_3741-6.png,8,8,0.9980015,myrtus,myrtus,Correct
154,myrtus/IMG_3742-15.png,8,8,0.99840385,myrtus,myrtus,Correct
155,myrtus/IMG_3742-16.png,8,8,0.99932873,myrtus,myrtus,Correct
156,myrtus/IMG_3742-19.png,8,8,0.99889827,myrtus,myrtus,Correct
157,myrtus/IMG_3742-33.png,8,8,0.99894553,myrtus,myrtus,Correct
158,myrtus/IMG_3742-34.png,8,8,0.9989411,myrtus,myrtus,Correct
159,myrtus/IMG_3742-38.png,8,8,0.9989813,myrtus,myrtus,Correct
160,myrtus/IMG_3743-11.png,8,8,0.99926096,myrtus,myrtus,Correct
161,myrtus/IMG_3743-12.png,8,8,0.9990601,myrtus,myrtus,Correct
162,myrtus/IMG_3743-23.png,8,8,0.99909127,myrtus,myrtus,Correct
163,myrtus/IMG_3743-31.png,8,8,0.9982887,myrtus,myrtus,Correct
164,myrtus/IMG_3744-1.png,8,8,0.99804807,myrtus,myrtus,Correct
165,myrtus/IMG_3744-10.png,8,8,0.9988424,myrtus,myrtus,Correct
166,myrtus/IMG_3744-27.png,8,8,0.99879885,myrtus,myrtus,Correct
167,myrtus/IMG_3744-47.png,8,8,0.99921346,myrtus,myrtus,Correct
168,myrtus/IMG_3744-60.png,8,8,0.99932194,myrtus,myrtus,Correct
169,myrtus/Myr.M.comX400wF(1095)(1091)A-10.png,8,8,0.9989901,myrtus,myrtus,Correct
170,myrtus/Myr.M.comX400wF(1095)(1091)A-21.png,8,8,0.99852705,myrtus,myrtus,Correct
171,myrtus/Myr.M.comX400wF(1095)(1091)A-22.png,8,8,0.9986675,myrtus,myrtus,Correct
172,myrtus/Myr.M.comX400wF(1095)(1091)A-34.png,8,8,0.99898523,myrtus,myrtus,Correct
173,myrtus/Myr.M.comX400wF(1095)(1091)A-61.png,8,8,0.99894375,myrtus,myrtus,Correct
174,myrtus/Myr.M.comX400wF(1097)(1090)C-15.png,8,8,0.99918634,myrtus,myrtus,Correct
175,myrtus/Myr.M.comX400wF(1097)(1090)C-25.png,8,8,0.9990513,myrtus,myrtus,Correct
176,myrtus/Myr.M.comX400wF(1097)(1090)C-26.png,8,8,0.9984902,myrtus,myrtus,Correct
177,myrtus/Myr.M.comX400wF(1097)(1090)C-32.png,8,8,0.99929464,myrtus,myrtus,Correct
178,myrtus/Myr.M.comX400wF(1097)(1090)C-35.png,8,8,0.99780947,myrtus,myrtus,Correct
179,myrtus/Myr.M.comX400wF(1097)(1090)C-47.png,8,8,0.9992162,myrtus,myrtus,Correct
180,myrtus/Myr.M.comX400wF(1097)(1090)C-49.png,8,8,0.9990138,myrtus,myrtus,Correct
181,myrtus/Myr.M.comX400wF(1097)(1090)C-6.png,8,8,0.99863774,myrtus,myrtus,Correct
182,myrtus/Myr.M.comX400wF(1097)(1090)C-64.png,8,8,0.9987684,myrtus,myrtus,Correct
183,myrtus/Myr.M.comX400wF(1097)(1090)C-67.png,8,8,0.9979912,myrtus,myrtus,Correct
184,myrtus/Myr.M.comX400wF(1097)(1090)C-68.png,8,8,0.99908614,myrtus,myrtus,Correct
185,myrtus/Myr.M.comX400wF(1097)(1090)C-70.png,8,8,0.99854654,myrtus,myrtus,Correct
186,myrtus/Myr.M.comX400wF(1097)(1090)C-74.png,8,8,0.99910563,myrtus,myrtus,Correct
187,myrtus/Myr.M.comX400wF(1097)(1090)C-77.png,8,8,0.99783427,myrtus,myrtus,Correct
188,myrtus/Myr.M.comX400wF(1097)(1090)C-83.png,8,8,0.99923646,myrtus,myrtus,Correct
189,olea/Ole.O.euroX400wF(4261)(0)A-17.png,9,9,0.99909675,olea,olea,Correct
190,olea/Ole.O.euroX400wF(4261)(0)A-20.png,9,9,0.99906045,olea,olea,Correct
191,olea/Ole.O.euroX400wF(4261)(0)A-37.png,9,9,0.99913436,olea,olea,Correct
192,olea/Ole.O.euroX400wF(4261)(0)A-46.png,9,9,0.99734795,olea,olea,Correct
193,olea/Ole.O.euroX400wF(4261)(0)A-5.png,9,9,0.9991691,olea,olea,Correct
194,olea/Ole.O.euroX400wF(4261)(0)A-55.png,9,9,0.9990765,olea,olea,Correct
195,olea/Ole.O.euroX400wF(4261)(0)A-58.png,9,9,0.99928075,olea,olea,Correct
196,olea/Ole.O.euroX400wF(4262)(0)B-12.png,9,9,0.9978289,olea,olea,Correct
197,olea/Ole.O.euroX400wF(4262)(0)B-13.png,9,9,0.99793124,olea,olea,Correct
198,olea/Ole.O.euroX400wF(4262)(0)B-15.png,9,9,0.9983866,olea,olea,Correct
199,olea/Ole.O.euroX400wF(4262)(0)B-35.png,9,9,0.99886394,olea,olea,Correct
200,olea/Ole.O.euroX400wF(4262)(0)B-4.png,9,9,0.9970253,olea,olea,Correct
201,olea/Ole.O.euroX400wF(4263)(0)C-108.png,9,9,0.9972946,olea,olea,Correct
202,olea/Ole.O.euroX400wF(4263)(0)C-12.png,9,9,0.99931335,olea,olea,Correct
203,olea/Ole.O.euroX400wF(4263)(0)C-125.png,9,9,0.9981267,olea,olea,Correct
204,olea/Ole.O.euroX400wF(4263)(0)C-130.png,9,9,0.99823076,olea,olea,Correct
205,olea/Ole.O.euroX400wF(4263)(0)C-145.png,9,9,0.9612137,olea,olea,Correct
206,olea/Ole.O.euroX400wF(4263)(0)C-149.png,9,9,0.9987801,olea,olea,Correct
207,olea/Ole.O.euroX400wF(4263)(0)C-162.png,9,9,0.99948657,olea,olea,Correct
208,olea/Ole.O.euroX400wF(4263)(0)C-166.png,9,9,0.99876994,olea,olea,Correct
209,olea/Ole.O.euroX400wF(4263)(0)C-170.png,9,9,0.9968064,olea,olea,Correct
210,olea/Ole.O.euroX400wF(4263)(0)C-174.png,9,9,0.99738556,olea,olea,Correct
211,olea/Ole.O.euroX400wF(4263)(0)C-187.png,9,9,0.9937942,olea,olea,Correct
212,olea/Ole.O.euroX400wF(4263)(0)C-19.png,9,9,0.99548584,olea,olea,Correct
213,olea/Ole.O.euroX400wF(4263)(0)C-197.png,9,9,0.9996019,olea,olea,Correct
214,olea/Ole.O.euroX400wF(4263)(0)C-24.png,9,9,0.99946815,olea,olea,Correct
215,olea/Ole.O.euroX400wF(4263)(0)C-25.png,9,9,0.9983633,olea,olea,Correct
216,olea/Ole.O.euroX400wF(4263)(0)C-55.png,9,9,0.9993129,olea,olea,Correct
217,olea/Ole.O.euroX400wF(4263)(0)C-66.png,9,9,0.9992317,olea,olea,Correct
218,olea/Ole.O.euroX400wF(4263)(0)C-75.png,9,9,0.98288983,olea,olea,Correct
219,olea/Ole.O.euroX400wF(4263)(0)C-83.png,9,9,0.99942756,olea,olea,Correct
220,olea/Ole.O.euroX400wF(4264)(0)D-106.png,9,9,0.99734074,olea,olea,Correct
221,olea/Ole.O.euroX400wF(4264)(0)D-124.png,9,9,0.9993605,olea,olea,Correct
222,olea/Ole.O.euroX400wF(4264)(0)D-138.png,9,9,0.9995764,olea,olea,Correct
223,olea/Ole.O.euroX400wF(4264)(0)D-14.png,9,9,0.99898654,olea,olea,Correct
224,olea/Ole.O.euroX400wF(4264)(0)D-147.png,9,9,0.9996494,olea,olea,Correct
225,olea/Ole.O.euroX400wF(4264)(0)D-150.png,9,9,0.9993824,olea,olea,Correct
226,olea/Ole.O.euroX400wF(4264)(0)D-29.png,9,9,0.99936813,olea,olea,Correct
227,olea/Ole.O.euroX400wF(4264)(0)D-30.png,9,9,0.99955255,olea,olea,Correct
228,olea/Ole.O.euroX400wF(4264)(0)D-38.png,9,9,0.9995907,olea,olea,Correct
229,olea/Ole.O.euroX400wF(4264)(0)D-41.png,9,9,0.99899644,olea,olea,Correct
230,olea/Ole.O.euroX400wF(4264)(0)D-55.png,9,9,0.99925715,olea,olea,Correct
231,olea/Ole.O.euroX400wF(4264)(0)D-65.png,9,9,0.9986119,olea,olea,Correct
232,olea/Ole.O.euroX400wF(4264)(0)D-76.png,9,9,0.9971493,olea,olea,Correct
233,olea/Ole.O.euroX400wF(4264)(0)D-78.png,9,9,0.99956816,olea,olea,Correct
234,olea/Ole.O.euroX400wF(4264)(0)D-79.png,9,9,0.9995303,olea,olea,Correct
235,olea/Ole.O.euroX400wF(4264)(0)D-93.png,9,9,0.9993309,olea,olea,Correct
236,olea/Ole.O.euroX400wF(4265)(0)E-100.png,9,9,0.9972281,olea,olea,Correct
237,olea/Ole.O.euroX400wF(4265)(0)E-126.png,9,9,0.9993699,olea,olea,Correct
238,olea/Ole.O.euroX400wF(4265)(0)E-129.png,9,9,0.99961275,olea,olea,Correct
239,olea/Ole.O.euroX400wF(4265)(0)E-159.png,9,9,0.9991837,olea,olea,Correct
240,olea/Ole.O.euroX400wF(4265)(0)E-162.png,9,9,0.9993705,olea,olea,Correct
241,olea/Ole.O.euroX400wF(4265)(0)E-169.png,9,9,0.99965954,olea,olea,Correct
242,olea/Ole.O.euroX400wF(4265)(0)E-182.png,9,9,0.99931765,olea,olea,Correct
243,olea/Ole.O.euroX400wF(4265)(0)E-184.png,9,9,0.99952734,olea,olea,Correct
244,olea/Ole.O.euroX400wF(4265)(0)E-27.png,9,9,0.9985019,olea,olea,Correct
245,olea/Ole.O.euroX400wF(4265)(0)E-28.png,9,9,0.99913293,olea,olea,Correct
246,olea/Ole.O.euroX400wF(4265)(0)E-33.png,9,9,0.99812895,olea,olea,Correct
247,olea/Ole.O.euroX400wF(4265)(0)E-36.png,9,9,0.9979372,olea,olea,Correct
248,olea/Ole.O.euroX400wF(4265)(0)E-50.png,9,9,0.9991007,olea,olea,Correct
249,olea/Ole.O.euroX400wF(4265)(0)E-59.png,9,9,0.9993635,olea,olea,Correct
250,olea/Ole.O.euroX400wF(4265)(0)E-60.png,9,9,0.99935216,olea,olea,Correct
251,olea/Ole.O.euroX400wF(4265)(0)E-78.png,9,9,0.998659,olea,olea,Correct
252,olea/Ole.O.euroX400wF(4265)(0)E-86.png,9,9,0.99948573,olea,olea,Correct
253,olea/Ole.O.euroX400wF(4265)(0)E-9.png,9,9,0.98949045,olea,olea,Correct
254,olea/Ole.O.euroX400wF(4265)(0)E-99.png,9,9,0.99925274,olea,olea,Correct
255,olea/Ole.O.euroX400wF(4266)(0)F-120.png,9,9,0.9994087,olea,olea,Correct
256,olea/Ole.O.euroX400wF(4266)(0)F-135.png,9,9,0.9994006,olea,olea,Correct
257,olea/Ole.O.euroX400wF(4266)(0)F-151.png,9,9,0.9995307,olea,olea,Correct
258,olea/Ole.O.euroX400wF(4266)(0)F-44.png,9,9,0.999418,olea,olea,Correct
259,olea/Ole.O.euroX400wF(4266)(0)F-55.png,9,9,0.9996152,olea,olea,Correct
260,olea/Ole.O.euroX400wF(4266)(0)F-74.png,9,9,0.9994838,olea,olea,Correct
261,olea/Ole.O.euroX400wF(4266)(0)F-87.png,9,9,0.99885964,olea,olea,Correct
262,olea/Ole.O.euroX400wF(4266)(0)F-96.png,9,9,0.99956566,olea,olea,Correct
263,olea/Ole.O.euroX400wF(4267)(0)G-11.png,9,9,0.99897015,olea,olea,Correct
264,olea/Ole.O.euroX400wF(4267)(0)G-18.png,9,9,0.9996458,olea,olea,Correct
265,olea/Ole.O.euroX400wF(4267)(0)G-23.png,9,9,0.99956685,olea,olea,Correct
266,olea/Ole.O.euroX400wF(4267)(0)G-43.png,9,9,0.99923944,olea,olea,Correct
267,olea/Ole.O.euroX400wF(4267)(0)G-44.png,9,9,0.99901986,olea,olea,Correct
268,origanum/Lam.O.micX400wF(884)(0)A-5.png,10,10,0.99963856,origanum,origanum,Correct
269,origanum/Lam.O.micX400wF(885)(0)B-8.png,10,10,0.998904,origanum,origanum,Correct
270,origanum/Lam.O.micX400wF(886)(0)C-28.png,10,10,0.9996145,origanum,origanum,Correct
271,origanum/Lam.O.micX400wF(886)(0)C-3.png,10,10,0.9993911,origanum,origanum,Correct
272,origanum/Lam.O.micX400wF(886)(0)C-37.png,10,10,0.9996087,origanum,origanum,Correct
273,origanum/Lam.O.micX400wF(886)(0)C-40.png,10,10,0.99957114,origanum,origanum,Correct
274,origanum/Lam.O.micX400wF(886)(0)C-43.png,10,10,0.99935406,origanum,origanum,Correct
275,origanum/Lam.O.micX400wF(886)(0)C-47.png,10,10,0.84111357,origanum,origanum,Correct
276,origanum/Lam.O.micX400wF(886)(0)C-60.png,10,10,0.9997248,origanum,origanum,Correct
277,origanum/Lam.O.micX400wF(886)(0)C-61.png,10,10,0.99915004,origanum,origanum,Correct
278,origanum/Lam.O.micX400wF(887)(0)D-3.png,10,10,0.9996165,origanum,origanum,Correct
279,origanum/Lam.O.micX400wF(889)(0)F-12.png,10,10,0.9998442,origanum,origanum,Correct
280,origanum/Lam.O.micX400wF(889)(0)F-18.png,10,10,0.99929893,origanum,origanum,Correct
281,origanum/Lam.O.micX400wF(889)(0)F-22.png,10,10,0.99963117,origanum,origanum,Correct
282,origanum/Lam.O.micX400wF(889)(0)F-27.png,10,10,0.99959296,origanum,origanum,Correct
283,origanum/Lam.O.micX400wF(889)(0)F-32.png,10,10,0.999551,origanum,origanum,Correct
284,origanum/Lam.O.micX400wF(889)(0)F-41.png,10,10,0.999634,origanum,origanum,Correct
285,origanum/Lam.O.micX400wF(889)(0)F-60.png,10,10,0.9996152,origanum,origanum,Correct
286,oxalis/Oxa.O.pes.cX400wF(1733)(0)A-6.png,11,11,0.9997205,oxalis,oxalis,Correct
287,oxalis/Oxa.O.pes.cX400wF(1734)(0)B-3.png,11,11,0.9987207,oxalis,oxalis,Correct
288,oxalis/Oxa.O.pes.cX400wF(1735)(0)C-10.png,11,11,0.99971133,oxalis,oxalis,Correct
289,oxalis/Oxa.O.pes.cX400wF(1736)(0)D-7.png,11,11,0.99950993,oxalis,oxalis,Correct
290,oxalis/Oxa.O.pes.cX400wF(1737)(1736)E-7.png,11,11,0.99986017,oxalis,oxalis,Correct
291,oxalis/Oxa.O.pes.cX400wF(1738)(0)F-1.png,11,11,0.9989661,oxalis,oxalis,Correct
292,oxalis/Oxa.O.pes.cX400wF(1738)(0)F-2.png,11,11,0.99812645,oxalis,oxalis,Correct
293,oxalis/Oxa.O.pes.cX400wF(1738)(0)F-7.png,11,11,0.9995964,oxalis,oxalis,Correct
294,oxalis/Oxa.O.pes.cX400wF(1739)(0)G-9.png,11,11,0.9993118,oxalis,oxalis,Correct
295,oxalis/Oxa.O.pes.cX400wF(1740)(0)H-12.png,11,11,0.9997632,oxalis,oxalis,Correct
296,oxalis/Oxa.O.pes.cX400wF(1743)(0)K-3.png,11,11,0.9997162,oxalis,oxalis,Correct
297,oxalis/Oxa.O.pes.cX400wF(1743)(0)K-8.png,11,11,0.9994758,oxalis,oxalis,Correct
298,oxalis/Oxa.O.pes.cX400wF(1743)(0)K-9.png,11,11,0.9900663,oxalis,oxalis,Correct
299,pinus/Pin.P.brutX400wF(3172)(0)B-5.png,12,12,0.9997085,pinus,pinus,Correct
300,pinus/Pin.P.brutX400wF(3174)(0)D-5.png,12,12,0.99964213,pinus,pinus,Correct
301,pinus/Pin.P.brutX400wF(3176)(0)F-2.png,12,12,0.9987841,pinus,pinus,Correct
302,pistacia/Ana.P.tereX400wF(3223)(0)B-2.png,13,13,0.9995617,pistacia,pistacia,Correct
303,pistacia/Ana.P.tereX400wF(3224)(0)C-3.png,13,13,0.9996263,pistacia,pistacia,Correct
304,pistacia/Ana.P.tereX400wF(3226)(0)E-1.png,13,13,0.9995628,pistacia,pistacia,Correct
305,pistacia/Ana.P.tereX400wF(3226)(0)E-4.png,13,13,0.9992324,pistacia,pistacia,Correct
306,salvia/Lam.S.triX400wF(2188)(0)A-7.png,14,14,0.9991934,salvia,salvia,Correct
307,salvia/Lam.S.triX400wF(2188)(0)A-8.png,14,14,0.9995278,salvia,salvia,Correct
308,salvia/Lam.S.triX400wF(2189)(0)B-3.png,14,14,0.9996389,salvia,salvia,Correct
309,salvia/Lam.S.triX400wF(2189)(0)B-31.png,14,14,0.9995881,salvia,salvia,Correct
310,salvia/Lam.S.triX400wF(2189)(0)B-41.png,14,14,0.99044085,salvia,salvia,Correct
311,salvia/Lam.S.triX400wF(2189)(0)B-51.png,14,14,0.9995271,salvia,salvia,Correct
312,salvia/Lam.S.triX400wF(2190)(0)C-1.png,14,14,0.99953926,salvia,salvia,Correct
313,salvia/Lam.S.triX400wF(2190)(0)C-12.png,14,14,0.99956125,salvia,salvia,Correct
314,salvia/Lam.S.triX400wF(2190)(0)C-15.png,14,14,0.9996487,salvia,salvia,Correct
315,salvia/Lam.S.triX400wF(2190)(0)C-25.png,14,14,0.99959415,salvia,salvia,Correct
316,salvia/Lam.S.triX400wF(2190)(0)C-3.png,14,14,0.99961287,salvia,salvia,Correct
317,salvia/Lam.S.triX400wF(2190)(0)C-31.png,14,14,0.9996183,salvia,salvia,Correct
318,salvia/Lam.S.triX400wF(2190)(0)C-36.png,14,14,0.9995809,salvia,salvia,Correct
319,salvia/Lam.S.triX400wF(2190)(0)C-4.png,14,14,0.9994789,salvia,salvia,Correct
320,salvia/Lam.S.triX400wF(2191)(0)D-2.png,14,14,0.99941957,salvia,salvia,Correct
321,salvia/Lam.S.triX400wF(2191)(0)D-37.png,14,14,0.99950206,salvia,salvia,Correct
322,salvia/Lam.S.triX400wF(2191)(0)D-39.png,14,14,0.9994942,salvia,salvia,Correct
323,salvia/Lam.S.triX400wF(2191)(0)D-48.png,14,14,0.9995215,salvia,salvia,Correct
324,satureja/Lam.S.thyX400wF(942)(935)B-5.png,15,15,0.9974348,satureja,satureja,Correct
325,satureja/Lam.S.thyX400wF(943)(990)C-7.png,15,15,0.9996438,satureja,satureja,Correct
326,satureja/Lam.S.thyX400wF(944)(940)E-20.png,15,15,0.9987338,satureja,satureja,Correct
327,satureja/Lam.S.thyX400wF(944)(940)E-23.png,15,15,0.99878746,satureja,satureja,Correct
328,satureja/Lam.S.thyX400wF(944)(940)E-6.png,15,15,0.99917245,satureja,satureja,Correct
329,satureja/Lam.S.thyX400wF(945)(0)F-2.png,15,15,0.998706,satureja,satureja,Correct
330,satureja/Lam.S.thyX400wF(947)(0)H-3.png,15,15,0.9989895,satureja,satureja,Correct
331,sinapis/Bra.S.albX400wF(2150)(0)A-8.png,16,16,0.99803,sinapis,sinapis,Correct
332,sinapis/Bra.S.albX400wF(2151)(0)B-18.png,16,16,0.8794085,sinapis,sinapis,Correct
333,sinapis/Bra.S.albX400wF(2151)(0)B-22.png,16,16,0.9997851,sinapis,sinapis,Correct
334,sinapis/Bra.S.albX400wF(2153)(0)D-17.png,16,16,0.8860247,sinapis,sinapis,Correct
335,sinapis/Bra.S.albX400wF(2153)(0)D-23.png,16,16,0.9995994,sinapis,sinapis,Correct
336,sinapis/Bra.S.albX400wF(2153)(0)D-27.png,16,16,0.98870534,sinapis,sinapis,Correct
337,sinapis/Bra.S.albX400wF(2153)(0)D-3.png,16,16,0.9992711,sinapis,sinapis,Correct
338,sinapis/Bra.S.albX400wF(2154)(0)E-7.png,16,16,0.9809378,sinapis,sinapis,Correct
339,sinapis/Bra.S.albX400wF(2155)(0)F-16.png,16,16,0.99931955,sinapis,sinapis,Correct
340,sinapis/Bra.S.albX400wF(2155)(0)F-4.png,16,16,0.99829084,sinapis,sinapis,Correct
341,sinapis/Bra.S.albX400wF(2155)(0)F-7.png,16,16,0.99919134,sinapis,sinapis,Correct
342,sinapis/IMG_3704-1.png,16,16,0.9991647,sinapis,sinapis,Correct
343,sinapis/IMG_3704-11.png,16,16,0.9997483,sinapis,sinapis,Correct
344,sinapis/IMG_3704-18.png,16,16,0.99896693,sinapis,sinapis,Correct
345,sinapis/IMG_3704-4.png,16,16,0.99731904,sinapis,sinapis,Correct
346,sinapis/IMG_3704-6.png,16,16,0.99979323,sinapis,sinapis,Correct
347,sinapis/IMG_3706-13.png,16,16,0.99961096,sinapis,sinapis,Correct
348,sinapis/IMG_3708-5.png,16,16,0.9998141,sinapis,sinapis,Correct
349,sinapis/IMG_3708-8.png,16,16,0.9997931,sinapis,sinapis,Correct
350,thymbra/Lam.T.capX400wF(1029)(0)A-10.png,17,17,0.9977648,thymbra,thymbra,Correct
351,thymbra/Lam.T.capX400wF(1029)(0)A-12.png,17,17,0.999371,thymbra,thymbra,Correct
352,thymbra/Lam.T.capX400wF(1029)(0)A-14.png,17,17,0.9992874,thymbra,thymbra,Correct
353,thymbra/Lam.T.capX400wF(1029)(0)A-26.png,17,17,0.9995602,thymbra,thymbra,Correct
354,thymbra/Lam.T.capX400wF(1030)(0)B-5.png,17,17,0.997347,thymbra,thymbra,Correct
355,thymbra/Lam.T.capX400wF(1031)(0)C-12.png,17,17,0.98946035,thymbra,thymbra,Correct
356,thymbra/Lam.T.capX400wF(1031)(0)C-6.png,17,17,0.9779049,thymbra,thymbra,Correct
357,thymbra/Lam.T.capX400wF(1033)(0)E-5.png,17,17,0.99893504,thymbra,thymbra,Correct
358,thymbra/Lam.T.capX400wF(1033)(0)E-6.png,17,17,0.98014164,thymbra,thymbra,Correct
359,thymbra/x40 f (2)-3.png,17,17,0.9982748,thymbra,thymbra,Correct
360,thymbra/x40 f (4)-17.png,17,17,0.9994667,thymbra,thymbra,Correct
361,thymbra/x40 f (6)-1.png,17,17,0.97907925,thymbra,thymbra,Correct
362,thymbra/x40 f (6)-16.png,17,17,0.9985997,thymbra,thymbra,Correct
363,thymbra/x40 f (6)-2.png,17,17,0.98937094,thymbra,thymbra,Correct
364,thymbra/x40 f (7)-6.png,17,17,0.9977596,thymbra,thymbra,Correct
365,urginea/Asp.U.marX400wF(5317)(0)A-4.png,18,18,0.9973084,urginea,urginea,Correct
366,urginea/Asp.U.marX400wF(5317)(0)A-8.png,18,18,0.9991684,urginea,urginea,Correct
367,urginea/Asp.U.marX400wF(5319)(0)C-11.png,18,18,0.99912983,urginea,urginea,Correct
368,urginea/Asp.U.marX400wF(5319)(0)C-3.png,18,18,0.99909616,urginea,urginea,Correct
369,urginea/Asp.U.marX400wF(5319)(0)C-9.png,18,18,0.9991466,urginea,urginea,Correct
370,urginea/Asp.U.marX400wF(5321)(0)E-1.png,18,18,0.9976497,urginea,urginea,Correct
371,urginea/Asp.U.marX400wF(5321)(0)E-12.png,18,18,0.9979765,urginea,urginea,Correct
372,urginea/Asp.U.marX400wF(5322)(0)F-8.png,18,18,0.9989963,urginea,urginea,Correct
373,urginea/Asp.U.marX400wF(5323)(0)G-11.png,18,18,0.9957593,urginea,urginea,Correct
374,urginea/Asp.U.marX400wF(5324)(0)H-2.png,18,18,0.9987796,urginea,urginea,Correct
375,urginea/Asp.U.marX400wF(5324)(0)H-6.png,18,18,0.9988182,urginea,urginea,Correct
376,vitis/Vit.V.viniX400wF(4978)(0)A-10.png,19,19,0.9989355,vitis,vitis,Correct
377,vitis/Vit.V.viniX400wF(4979)(0)B-14.png,19,19,0.9963102,vitis,vitis,Correct
379,vitis/Vit.V.viniX400wF(4980)(0)C-1.png,19,19,0.98985356,vitis,vitis,Correct
380,vitis/Vit.V.viniX400wF(4980)(0)C-11.png,19,19,0.8371636,vitis,vitis,Correct
381,vitis/Vit.V.viniX400wF(4980)(0)C-28.png,19,19,0.9429086,vitis,vitis,Correct
382,vitis/Vit.V.viniX400wF(4980)(0)C-4.png,19,19,0.9997025,vitis,vitis,Correct
383,vitis/Vit.V.viniX400wF(4980)(0)C-6.png,19,19,0.99899954,vitis,vitis,Correct
384,vitis/Vit.V.viniX400wF(4980)(0)C-8.png,19,19,0.9993338,vitis,vitis,Correct
385,vitis/Vit.V.viniX400wF(4981)(0)D-10.png,19,19,0.9991585,vitis,vitis,Correct
386,vitis/Vit.V.viniX400wF(4981)(0)D-15.png,19,19,0.9994535,vitis,vitis,Correct
387,vitis/Vit.V.viniX400wF(4981)(0)D-33.png,19,19,0.9970805,vitis,vitis,Correct
388,vitis/Vit.V.viniX400wF(4982)(0)E-10.png,19,19,0.99958473,vitis,vitis,Correct
389,vitis/Vit.V.viniX400wF(4982)(0)E-25.png,19,19,0.99986815,vitis,vitis,Correct
391,vitis/Vit.V.viniX400wF(4983)(0)F-12.png,19,19,0.99969876,vitis,vitis,Correct
392,vitis/Vit.V.viniX400wF(4983)(0)F-17.png,19,19,0.9992556,vitis,vitis,Correct
393,vitis/Vit.V.viniX400wF(4983)(0)F-21.png,19,19,0.9987595,vitis,vitis,Correct
394,vitis/Vit.V.viniX400wF(4984)(0)G-11.png,19,19,0.99953866,vitis,vitis,Correct
395,vitis/Vit.V.viniX400wF(4984)(0)G-38.png,19,19,0.98179823,vitis,vitis,Correct
396,vitis/Vit.V.viniX400wF(4984)(0)G-47.png,19,19,0.9975641,vitis,vitis,Correct
397,vitis/Vit.V.viniX400wF(4984)(0)G-48.png,19,19,0.99770266,vitis,vitis,Correct
398,vitis/Vit.V.viniX400wF(4985)(0)H-14.png,19,19,0.9997793,vitis,vitis,Correct
399,vitis/Vit.V.viniX400wF(4985)(0)H-25.png,19,19,0.9997632,vitis,vitis,Correct
400,vitis/Vit.V.viniX400wF(4985)(0)H-27.png,19,19,0.9997342,vitis,vitis,Correct
401,vitis/Vit.V.viniX400wF(4985)(0)H-3.png,19,19,0.9997588,vitis,vitis,Correct
402,vitis/Vit.V.viniX400wF(4985)(0)H-33.png,19,19,0.9996915,vitis,vitis,Correct
0,asphodelus/Asp.A.ramX400wF(1984)(0)A-2.png,0,0,0.99798846,asphodelus,asphodelus,Correct
1,asphodelus/Asp.A.ramX400wF(1985)(0)B-3.png,0,0,0.9998815,asphodelus,asphodelus,Correct
2,asphodelus/Asp.A.ramX400wF(1987)(0)D-3.png,0,0,0.9998692,asphodelus,asphodelus,Correct
3,asphodelus/Asp.A.ramX400wF(1989)(0)F-3.png,0,0,0.999943,asphodelus,asphodelus,Correct
4,calicotome/Fab.C.vilX400wF(2016)(0)A-13.png,1,1,0.9997842,calicotome,calicotome,Correct
5,calicotome/Fab.C.vilX400wF(2016)(0)A-2.png,1,1,0.99972874,calicotome,calicotome,Correct
6,calicotome/Fab.C.vilX400wF(2017)(0)B-15.png,1,1,0.9968821,calicotome,calicotome,Correct
7,calicotome/Fab.C.vilX400wF(2017)(0)B-18.png,1,1,0.99933213,calicotome,calicotome,Correct
8,calicotome/Fab.C.vilX400wF(2017)(0)B-6.png,1,1,0.9997491,calicotome,calicotome,Correct
9,calicotome/Fab.C.vilX400wF(2018)(0)C-10.png,1,1,0.9984579,calicotome,calicotome,Correct
10,calicotome/Fab.C.vilX400wF(2018)(0)C-13.png,1,1,0.99976546,calicotome,calicotome,Correct
11,calicotome/Fab.C.vilX400wF(2018)(0)C-15.png,1,1,0.9994368,calicotome,calicotome,Correct
12,calicotome/Fab.C.vilX400wF(2018)(0)C-20.png,1,1,0.99437755,calicotome,calicotome,Correct
14,calicotome/Fab.C.vilX400wF(2018)(0)C-4.png,1,1,0.9998667,calicotome,calicotome,Correct
15,calicotome/Fab.C.vilX400wF(2018)(0)C-6.png,1,1,0.9998068,calicotome,calicotome,Correct
16,calicotome/Fab.C.vilX400wF(2019)(0)D-1.png,1,1,0.99941826,calicotome,calicotome,Correct
17,calicotome/Fab.C.vilX400wF(2019)(0)D-102.png,1,1,0.9993192,calicotome,calicotome,Correct
18,calicotome/Fab.C.vilX400wF(2019)(0)D-122.png,1,1,0.9989116,calicotome,calicotome,Correct
19,calicotome/Fab.C.vilX400wF(2019)(0)D-56.png,1,1,0.9994646,calicotome,calicotome,Correct
21,calicotome/Fab.C.vilX400wF(2019)(0)D-59.png,1,1,0.9779113,calicotome,calicotome,Correct
22,calicotome/Fab.C.vilX400wF(2019)(0)D-83.png,1,1,0.99974746,calicotome,calicotome,Correct
23,calicotome/Fab.C.vilX400wF(2020)(0)E-107.png,1,1,0.9988782,calicotome,calicotome,Correct
24,calicotome/Fab.C.vilX400wF(2020)(0)E-114.png,1,1,0.9997812,calicotome,calicotome,Correct
25,calicotome/Fab.C.vilX400wF(2020)(0)E-115.png,1,1,0.9997652,calicotome,calicotome,Correct
26,calicotome/Fab.C.vilX400wF(2020)(0)E-117.png,1,1,0.99903023,calicotome,calicotome,Correct
27,calicotome/Fab.C.vilX400wF(2020)(0)E-22.png,1,1,0.9989755,calicotome,calicotome,Correct
28,calicotome/Fab.C.vilX400wF(2020)(0)E-3.png,1,1,0.99950826,calicotome,calicotome,Correct
29,calicotome/Fab.C.vilX400wF(2020)(0)E-57.png,1,1,0.99973947,calicotome,calicotome,Correct
30,calicotome/Fab.C.vilX400wF(2020)(0)E-60.png,1,1,0.9996611,calicotome,calicotome,Correct
31,calicotome/Fab.C.vilX400wF(2020)(0)E-62.png,1,1,0.9998204,calicotome,calicotome,Correct
32,calicotome/Fab.C.vilX400wF(2020)(0)E-89.png,1,1,0.99966335,calicotome,calicotome,Correct
33,castanea/Fag.C.satX400wF(781)(0)A-21.png,2,2,0.99970895,castanea,castanea,Correct
34,castanea/Fag.C.satX400wF(781)(0)A-24.png,2,2,0.9998623,castanea,castanea,Correct
35,castanea/Fag.C.satX400wF(781)(0)A-29.png,2,2,0.999313,castanea,castanea,Correct
36,castanea/Fag.C.satX400wF(781)(0)A-45.png,2,2,0.99990845,castanea,castanea,Correct
37,castanea/Fag.C.satX400wF(781)(0)A-46.png,2,2,0.9998704,castanea,castanea,Correct
38,castanea/Fag.C.satX400wF(782)(0)B-13.png,2,2,0.9999615,castanea,castanea,Correct
39,castanea/Fag.C.satX400wF(783)(0)C-7.png,2,2,0.9999635,castanea,castanea,Correct
40,castanea/Fag.C.satX400wF(784)(0)D-10.png,2,2,0.9999641,castanea,castanea,Correct
41,castanea/Fag.C.satX400wF(785)(0)E-1.png,2,2,0.9998073,castanea,castanea,Correct
42,castanea/Fag.C.satX400wF(786)(0)F-8.png,2,2,0.99983144,castanea,castanea,Correct
43,castanea/Fag.C.satX400wF(792)(781)G-32.png,2,2,0.9997056,castanea,castanea,Correct
44,castanea/Fag.C.satX400wF(792)(781)G-34.png,2,2,0.99982893,castanea,castanea,Correct
45,castanea/Fag.C.satX400wF(792)(781)G-36.png,2,2,0.9997155,castanea,castanea,Correct
46,castanea/Fag.C.satX400wF(792)(781)G-38.png,2,2,0.9998952,castanea,castanea,Correct
47,castanea/Fag.C.satX400wF(792)(781)G-42.png,2,2,0.99988186,castanea,castanea,Correct
48,castanea/Fag.C.satX400wF(793)(781)H-12.png,2,2,0.9997962,castanea,castanea,Correct
49,castanea/Fag.C.satX400wF(793)(781)H-15.png,2,2,0.99986756,castanea,castanea,Correct
50,castanea/Fag.C.satX400wF(793)(781)H-20.png,2,2,0.99976164,castanea,castanea,Correct
51,castanea/Fag.C.satX400wF(793)(781)H-31.png,2,2,0.99991775,castanea,castanea,Correct
52,castanea/Fag.C.satX400wF(793)(781)H-37.png,2,2,0.9998246,castanea,castanea,Correct
53,castanea/Fag.C.satX400wF(793)(781)H-48.png,2,2,0.9998449,castanea,castanea,Correct
54,castanea/Fag.C.satX400wF(793)(781)H-50.png,2,2,0.99994195,castanea,castanea,Correct
55,ceratonia/Fab.C.silX400wF(475)(0)A-1.png,3,3,0.9577825,ceratonia,ceratonia,Correct
56,ceratonia/Fab.C.silX400wF(475)(0)A-17.png,3,3,0.99862516,ceratonia,ceratonia,Correct
58,ceratonia/Fab.C.silX400wF(476)(0)B-6.png,3,3,0.9905289,ceratonia,ceratonia,Correct
59,ceratonia/Fab.C.silX400wF(477)(0)C-4.png,3,3,0.9986343,ceratonia,ceratonia,Correct
60,ceratonia/Fab.C.silX400wF(478)(0)D-12.png,3,3,0.9994862,ceratonia,ceratonia,Correct
61,ceratonia/Fab.C.silX400wF(478)(0)D-6.png,3,3,0.9977648,ceratonia,ceratonia,Correct
62,ceratonia/Fab.C.silX400wF(478)(0)D-7.png,3,3,0.9998043,ceratonia,ceratonia,Correct
63,ceratonia/Fab.C.silX400wF(479)(0)E-5.png,3,3,0.98318034,ceratonia,ceratonia,Correct
64,ceratonia/Fab.C.silX400wF(480)(0)F-9.png,3,3,0.9995127,ceratonia,ceratonia,Correct
65,ebenus/Fab.E.creX400wF(694)(0)B-3.png,4,4,0.9997662,ebenus,ebenus,Correct
66,ebenus/Fab.E.creX400wF(695)(0)C-3.png,4,4,0.9996388,ebenus,ebenus,Correct
67,erica/Eri.E.maniX400wF(5355)(0)A-11.png,5,5,0.99560404,erica,erica,Correct
68,erica/Eri.E.maniX400wF(5355)(0)A-15.png,5,5,0.99966335,erica,erica,Correct
69,erica/Eri.E.maniX400wF(5355)(0)A-16.png,5,5,0.9997863,erica,erica,Correct
70,erica/Eri.E.maniX400wF(5355)(0)A-21.png,5,5,0.9995272,erica,erica,Correct
71,erica/Eri.E.maniX400wF(5356)(0)B-11.png,5,5,0.99982435,erica,erica,Correct
72,erica/Eri.E.maniX400wF(5356)(0)B-13.png,5,5,0.99982196,erica,erica,Correct
73,erica/Eri.E.maniX400wF(5356)(0)B-4.png,5,5,0.9994128,erica,erica,Correct
74,erica/Eri.E.maniX400wF(5357)(0)C-26.png,5,5,0.9998659,erica,erica,Correct
75,erica/Eri.E.maniX400wF(5358)(0)D-11.png,5,5,0.99950874,erica,erica,Correct
76,erica/Eri.E.maniX400wF(5358)(0)D-16.png,5,5,0.99949265,erica,erica,Correct
77,erica/Eri.E.maniX400wF(5359)(0)E-20.png,5,5,0.99973625,erica,erica,Correct
78,erica/Eri.E.maniX400wF(5359)(0)E-29.png,5,5,0.99984,erica,erica,Correct
79,erica/Eri.E.maniX400wF(5359)(0)E-8.png,5,5,0.9997011,erica,erica,Correct
80,erica/Eri.E.maniX400wF(5361)(0)G-4.png,5,5,0.99987745,erica,erica,Correct
81,erica/Eri.E.maniX400wF(5362)(0)H-21.png,5,5,0.99943537,erica,erica,Correct
82,erica/Eri.E.maniX400wF(5362)(0)H-26.png,5,5,0.999143,erica,erica,Correct
83,erica/Eri.E.maniX400wF(5362)(0)H-5.png,5,5,0.99980384,erica,erica,Correct
84,erica/Eri.E.maniX400wF(5363)(0)I-18.png,5,5,0.9998386,erica,erica,Correct
85,eucalyptus/Myr.E.camaX400wF(1866)(0)A-5.png,6,6,0.99961483,eucalyptus,eucalyptus,Correct
86,eucalyptus/Myr.E.camaX400wF(1866)(0)A-7.png,6,6,0.9889275,eucalyptus,eucalyptus,Correct
87,eucalyptus/Myr.E.camaX400wF(1868)(0)C-6.png,6,6,0.99973637,eucalyptus,eucalyptus,Correct
88,eucalyptus/Myr.E.camaX400wF(1869)(0)D-11.png,6,6,0.90661544,eucalyptus,eucalyptus,Correct
89,eucalyptus/Myr.E.camaX400wF(1869)(0)D-8.png,6,6,0.9995695,eucalyptus,eucalyptus,Correct
90,eucalyptus/Myr.E.camaX400wF(1872)(0)G-11.png,6,6,0.9979036,eucalyptus,eucalyptus,Correct
91,eucalyptus/Myr.E.camaX400wF(1872)(0)G-12.png,6,6,0.9995473,eucalyptus,eucalyptus,Correct
92,eucalyptus/Myr.E.camaX400wF(1872)(0)G-9.png,6,6,0.99996066,eucalyptus,eucalyptus,Correct
93,eucalyptus/Myr.E.camaX400wF(2962)(0)H-18.png,6,6,0.99968886,eucalyptus,eucalyptus,Correct
94,eucalyptus/Myr.E.camaX400wF(2962)(0)H-22.png,6,6,0.9999378,eucalyptus,eucalyptus,Correct
95,eucalyptus/Myr.E.camaX400wF(2962)(0)H-29.png,6,6,0.9987583,eucalyptus,eucalyptus,Correct
96,eucalyptus/Myr.E.camaX400wF(2962)(0)H-3.png,6,6,0.99993575,eucalyptus,eucalyptus,Correct
97,eucalyptus/Myr.E.camaX400wF(2964)(0)J-13.png,6,6,0.99979836,eucalyptus,eucalyptus,Correct
98,eucalyptus/Myr.E.camaX400wF(2964)(0)J-25.png,6,6,0.99970347,eucalyptus,eucalyptus,Correct
99,eucalyptus/Myr.E.camaX400wF(2964)(0)J-32.png,6,6,0.9999161,eucalyptus,eucalyptus,Correct
100,eucalyptus/Myr.E.camaX400wF(2964)(0)J-8.png,6,6,0.99993896,eucalyptus,eucalyptus,Correct
101,eucalyptus/Myr.E.camaX400wF(2966)(0)L-4.png,6,6,0.9999298,eucalyptus,eucalyptus,Correct
102,ferula/Api.F.comX400wF(2135)(0)A-8.png,7,7,0.9997987,ferula,ferula,Correct
103,ferula/Api.F.comX400wF(2136)(0)B-11.png,7,7,0.9999163,ferula,ferula,Correct
104,ferula/Api.F.comX400wF(2136)(0)B-3.png,7,7,0.9999417,ferula,ferula,Correct
105,ferula/Api.F.comX400wF(2138)(0)D-10.png,7,7,0.99907255,ferula,ferula,Correct
106,ferula/Api.F.comX400wF(2138)(0)D-19.png,7,7,0.9999243,ferula,ferula,Correct
107,ferula/Api.F.comX400wF(2138)(0)D-4.png,7,7,0.9998523,ferula,ferula,Correct
108,ferula/Api.F.comX400wF(2138)(0)D-6.png,7,7,0.99822944,ferula,ferula,Correct
109,ferula/Api.F.comX400wF(2139)(0)E-13.png,7,7,0.99707234,ferula,ferula,Correct
110,ferula/Api.F.comX400wF(2139)(0)E-17.png,7,7,0.9994498,ferula,ferula,Correct
111,myrtus/IMG_3734-101.png,8,8,0.99947053,myrtus,myrtus,Correct
112,myrtus/IMG_3734-103.png,8,8,0.99967945,myrtus,myrtus,Correct
113,myrtus/IMG_3734-115.png,8,8,0.999859,myrtus,myrtus,Correct
114,myrtus/IMG_3734-17.png,8,8,0.99967015,myrtus,myrtus,Correct
115,myrtus/IMG_3734-76.png,8,8,0.9993894,myrtus,myrtus,Correct
116,myrtus/IMG_3734-77.png,8,8,0.99979323,myrtus,myrtus,Correct
117,myrtus/IMG_3734-90.png,8,8,0.99983954,myrtus,myrtus,Correct
118,myrtus/IMG_3734-99.png,8,8,0.9996389,myrtus,myrtus,Correct
119,myrtus/IMG_3735-12.png,8,8,0.9999027,myrtus,myrtus,Correct
120,myrtus/IMG_3735-28.png,8,8,0.9998325,myrtus,myrtus,Correct
121,myrtus/IMG_3735-4.png,8,8,0.9996846,myrtus,myrtus,Correct
122,myrtus/IMG_3736-11.png,8,8,0.9997415,myrtus,myrtus,Correct
123,myrtus/IMG_3736-18.png,8,8,0.99982977,myrtus,myrtus,Correct
124,myrtus/IMG_3736-24.png,8,8,0.99983203,myrtus,myrtus,Correct
125,myrtus/IMG_3736-25.png,8,8,0.9998228,myrtus,myrtus,Correct
126,myrtus/IMG_3736-40.png,8,8,0.99980646,myrtus,myrtus,Correct
127,myrtus/IMG_3736-6.png,8,8,0.9997813,myrtus,myrtus,Correct
128,myrtus/IMG_3736-74.png,8,8,0.9996239,myrtus,myrtus,Correct
129,myrtus/IMG_3736-80.png,8,8,0.99979633,myrtus,myrtus,Correct
130,myrtus/IMG_3737-33.png,8,8,0.99983716,myrtus,myrtus,Correct
131,myrtus/IMG_3737-34.png,8,8,0.99986756,myrtus,myrtus,Correct
132,myrtus/IMG_3737-43.png,8,8,0.9998685,myrtus,myrtus,Correct
133,myrtus/IMG_3737-68.png,8,8,0.9997744,myrtus,myrtus,Correct
134,myrtus/IMG_3737-7.png,8,8,0.9996234,myrtus,myrtus,Correct
135,myrtus/IMG_3737-71.png,8,8,0.99608433,myrtus,myrtus,Correct
136,myrtus/IMG_3738-106.png,8,8,0.99981016,myrtus,myrtus,Correct
137,myrtus/IMG_3738-118.png,8,8,0.99977845,myrtus,myrtus,Correct
138,myrtus/IMG_3738-120.png,8,8,0.99988604,myrtus,myrtus,Correct
139,myrtus/IMG_3738-137.png,8,8,0.9999037,myrtus,myrtus,Correct
140,myrtus/IMG_3738-145.png,8,8,0.99977845,myrtus,myrtus,Correct
141,myrtus/IMG_3738-151.png,8,8,0.99977154,myrtus,myrtus,Correct
142,myrtus/IMG_3738-154.png,8,8,0.999907,myrtus,myrtus,Correct
143,myrtus/IMG_3738-43.png,8,8,0.9998043,myrtus,myrtus,Correct
144,myrtus/IMG_3738-48.png,8,8,0.9998629,myrtus,myrtus,Correct
145,myrtus/IMG_3738-59.png,8,8,0.99953485,myrtus,myrtus,Correct
146,myrtus/IMG_3738-71.png,8,8,0.99984777,myrtus,myrtus,Correct
147,myrtus/IMG_3738-74.png,8,8,0.9997249,myrtus,myrtus,Correct
148,myrtus/IMG_3738-79.png,8,8,0.9999064,myrtus,myrtus,Correct
149,myrtus/IMG_3738-91.png,8,8,0.9998599,myrtus,myrtus,Correct
150,myrtus/IMG_3738-93.png,8,8,0.9997445,myrtus,myrtus,Correct
151,myrtus/IMG_3741-11.png,8,8,0.99943584,myrtus,myrtus,Correct
152,myrtus/IMG_3741-12.png,8,8,0.9998679,myrtus,myrtus,Correct
153,myrtus/IMG_3741-14.png,8,8,0.99964476,myrtus,myrtus,Correct
154,myrtus/IMG_3741-53.png,8,8,0.9997614,myrtus,myrtus,Correct
155,myrtus/IMG_3742-25.png,8,8,0.9996971,myrtus,myrtus,Correct
156,myrtus/IMG_3742-27.png,8,8,0.99979967,myrtus,myrtus,Correct
157,myrtus/IMG_3742-30.png,8,8,0.9998517,myrtus,myrtus,Correct
158,myrtus/IMG_3743-21.png,8,8,0.9998049,myrtus,myrtus,Correct
159,myrtus/IMG_3743-26.png,8,8,0.9997931,myrtus,myrtus,Correct
160,myrtus/IMG_3743-29.png,8,8,0.9996885,myrtus,myrtus,Correct
161,myrtus/IMG_3743-3.png,8,8,0.999419,myrtus,myrtus,Correct
162,myrtus/IMG_3743-40.png,8,8,0.9995801,myrtus,myrtus,Correct
163,myrtus/IMG_3743-41.png,8,8,0.9998573,myrtus,myrtus,Correct
164,myrtus/IMG_3743-42.png,8,8,0.99937135,myrtus,myrtus,Correct
165,myrtus/IMG_3744-23.png,8,8,0.999681,myrtus,myrtus,Correct
166,myrtus/IMG_3744-45.png,8,8,0.99983585,myrtus,myrtus,Correct
167,myrtus/IMG_3744-46.png,8,8,0.99979967,myrtus,myrtus,Correct
168,myrtus/IMG_3744-52.png,8,8,0.99981505,myrtus,myrtus,Correct
169,myrtus/Myr.M.comX400wF(1095)(1091)A-20.png,8,8,0.999658,myrtus,myrtus,Correct
170,myrtus/Myr.M.comX400wF(1095)(1091)A-24.png,8,8,0.9998541,myrtus,myrtus,Correct
171,myrtus/Myr.M.comX400wF(1095)(1091)A-28.png,8,8,0.99986315,myrtus,myrtus,Correct
172,myrtus/Myr.M.comX400wF(1095)(1091)A-3.png,8,8,0.9998166,myrtus,myrtus,Correct
173,myrtus/Myr.M.comX400wF(1095)(1091)A-31.png,8,8,0.9998324,myrtus,myrtus,Correct
174,myrtus/Myr.M.comX400wF(1095)(1091)A-35.png,8,8,0.999818,myrtus,myrtus,Correct
175,myrtus/Myr.M.comX400wF(1095)(1091)A-4.png,8,8,0.9998367,myrtus,myrtus,Correct
176,myrtus/Myr.M.comX400wF(1095)(1091)A-40.png,8,8,0.99982303,myrtus,myrtus,Correct
177,myrtus/Myr.M.comX400wF(1095)(1091)A-45.png,8,8,0.99970204,myrtus,myrtus,Correct
178,myrtus/Myr.M.comX400wF(1095)(1091)A-54.png,8,8,0.9997594,myrtus,myrtus,Correct
179,myrtus/Myr.M.comX400wF(1095)(1091)A-73.png,8,8,0.9998097,myrtus,myrtus,Correct
180,myrtus/Myr.M.comX400wF(1095)(1091)A-9.png,8,8,0.9995147,myrtus,myrtus,Correct
181,myrtus/Myr.M.comX400wF(1095)(1091)A-92.png,8,8,0.9998789,myrtus,myrtus,Correct
182,myrtus/Myr.M.comX400wF(1097)(1090)C-14.png,8,8,0.99968946,myrtus,myrtus,Correct
183,myrtus/Myr.M.comX400wF(1097)(1090)C-28.png,8,8,0.99987316,myrtus,myrtus,Correct
184,myrtus/Myr.M.comX400wF(1097)(1090)C-44.png,8,8,0.9998258,myrtus,myrtus,Correct
185,myrtus/Myr.M.comX400wF(1097)(1090)C-61.png,8,8,0.99974364,myrtus,myrtus,Correct
186,myrtus/Myr.M.comX400wF(1097)(1090)C-63.png,8,8,0.99986637,myrtus,myrtus,Correct
187,myrtus/Myr.M.comX400wF(1097)(1090)C-75.png,8,8,0.99988425,myrtus,myrtus,Correct
188,myrtus/Myr.M.comX400wF(1097)(1090)C-87.png,8,8,0.99985015,myrtus,myrtus,Correct
189,olea/Ole.O.euroX400wF(4261)(0)A-10.png,9,9,0.9998547,olea,olea,Correct
190,olea/Ole.O.euroX400wF(4261)(0)A-14.png,9,9,0.9995603,olea,olea,Correct
191,olea/Ole.O.euroX400wF(4261)(0)A-33.png,9,9,0.9998196,olea,olea,Correct
192,olea/Ole.O.euroX400wF(4261)(0)A-41.png,9,9,0.999401,olea,olea,Correct
193,olea/Ole.O.euroX400wF(4261)(0)A-48.png,9,9,0.99935716,olea,olea,Correct
194,olea/Ole.O.euroX400wF(4261)(0)A-57.png,9,9,0.999166,olea,olea,Correct
195,olea/Ole.O.euroX400wF(4262)(0)B-28.png,9,9,0.99980944,olea,olea,Correct
196,olea/Ole.O.euroX400wF(4262)(0)B-3.png,9,9,0.99268943,olea,olea,Correct
197,olea/Ole.O.euroX400wF(4262)(0)B-8.png,9,9,0.9998627,olea,olea,Correct
198,olea/Ole.O.euroX400wF(4263)(0)C-110.png,9,9,0.99993896,olea,olea,Correct
199,olea/Ole.O.euroX400wF(4263)(0)C-124.png,9,9,0.99955875,olea,olea,Correct
200,olea/Ole.O.euroX400wF(4263)(0)C-141.png,9,9,0.9998264,olea,olea,Correct
201,olea/Ole.O.euroX400wF(4263)(0)C-144.png,9,9,0.9998969,olea,olea,Correct
202,olea/Ole.O.euroX400wF(4263)(0)C-148.png,9,9,0.9999002,olea,olea,Correct
203,olea/Ole.O.euroX400wF(4263)(0)C-154.png,9,9,0.99122626,olea,olea,Correct
204,olea/Ole.O.euroX400wF(4263)(0)C-189.png,9,9,0.99982953,olea,olea,Correct
205,olea/Ole.O.euroX400wF(4263)(0)C-30.png,9,9,0.99986637,olea,olea,Correct
206,olea/Ole.O.euroX400wF(4263)(0)C-38.png,9,9,0.9998574,olea,olea,Correct
207,olea/Ole.O.euroX400wF(4263)(0)C-39.png,9,9,0.99990976,olea,olea,Correct
208,olea/Ole.O.euroX400wF(4263)(0)C-50.png,9,9,0.9976458,olea,olea,Correct
209,olea/Ole.O.euroX400wF(4263)(0)C-51.png,9,9,0.99979275,olea,olea,Correct
210,olea/Ole.O.euroX400wF(4263)(0)C-65.png,9,9,0.99947137,olea,olea,Correct
211,olea/Ole.O.euroX400wF(4263)(0)C-94.png,9,9,0.9999162,olea,olea,Correct
212,olea/Ole.O.euroX400wF(4264)(0)D-10.png,9,9,0.9998097,olea,olea,Correct
213,olea/Ole.O.euroX400wF(4264)(0)D-101.png,9,9,0.99992144,olea,olea,Correct
214,olea/Ole.O.euroX400wF(4264)(0)D-107.png,9,9,0.99986994,olea,olea,Correct
215,olea/Ole.O.euroX400wF(4264)(0)D-110.png,9,9,0.9997018,olea,olea,Correct
216,olea/Ole.O.euroX400wF(4264)(0)D-115.png,9,9,0.99971586,olea,olea,Correct
217,olea/Ole.O.euroX400wF(4264)(0)D-117.png,9,9,0.9997482,olea,olea,Correct
218,olea/Ole.O.euroX400wF(4264)(0)D-125.png,9,9,0.99992895,olea,olea,Correct
219,olea/Ole.O.euroX400wF(4264)(0)D-133.png,9,9,0.9998677,olea,olea,Correct
220,olea/Ole.O.euroX400wF(4264)(0)D-18.png,9,9,0.99991596,olea,olea,Correct
221,olea/Ole.O.euroX400wF(4264)(0)D-39.png,9,9,0.9999112,olea,olea,Correct
222,olea/Ole.O.euroX400wF(4264)(0)D-46.png,9,9,0.9998902,olea,olea,Correct
223,olea/Ole.O.euroX400wF(4264)(0)D-56.png,9,9,0.9998934,olea,olea,Correct
224,olea/Ole.O.euroX400wF(4264)(0)D-61.png,9,9,0.99991417,olea,olea,Correct
225,olea/Ole.O.euroX400wF(4264)(0)D-69.png,9,9,0.999746,olea,olea,Correct
226,olea/Ole.O.euroX400wF(4264)(0)D-73.png,9,9,0.9998253,olea,olea,Correct
227,olea/Ole.O.euroX400wF(4264)(0)D-75.png,9,9,0.9997689,olea,olea,Correct
228,olea/Ole.O.euroX400wF(4264)(0)D-87.png,9,9,0.99983585,olea,olea,Correct
229,olea/Ole.O.euroX400wF(4265)(0)E-118.png,9,9,0.99970716,olea,olea,Correct
230,olea/Ole.O.euroX400wF(4265)(0)E-121.png,9,9,0.9996654,olea,olea,Correct
231,olea/Ole.O.euroX400wF(4265)(0)E-141.png,9,9,0.9959105,olea,olea,Correct
232,olea/Ole.O.euroX400wF(4265)(0)E-146.png,9,9,0.99968183,olea,olea,Correct
233,olea/Ole.O.euroX400wF(4265)(0)E-148.png,9,9,0.99821824,olea,olea,Correct
234,olea/Ole.O.euroX400wF(4265)(0)E-149.png,9,9,0.999703,olea,olea,Correct
235,olea/Ole.O.euroX400wF(4265)(0)E-15.png,9,9,0.9992021,olea,olea,Correct
236,olea/Ole.O.euroX400wF(4265)(0)E-154.png,9,9,0.99962115,olea,olea,Correct
237,olea/Ole.O.euroX400wF(4265)(0)E-200.png,9,9,0.99754554,olea,olea,Correct
238,olea/Ole.O.euroX400wF(4265)(0)E-213.png,9,9,0.9998217,olea,olea,Correct
239,olea/Ole.O.euroX400wF(4265)(0)E-217.png,9,9,0.9998714,olea,olea,Correct
240,olea/Ole.O.euroX400wF(4265)(0)E-222.png,9,9,0.999463,olea,olea,Correct
241,olea/Ole.O.euroX400wF(4265)(0)E-30.png,9,9,0.998762,olea,olea,Correct
242,olea/Ole.O.euroX400wF(4265)(0)E-38.png,9,9,0.9995819,olea,olea,Correct
243,olea/Ole.O.euroX400wF(4265)(0)E-42.png,9,9,0.9995881,olea,olea,Correct
244,olea/Ole.O.euroX400wF(4265)(0)E-52.png,9,9,0.9995024,olea,olea,Correct
245,olea/Ole.O.euroX400wF(4265)(0)E-67.png,9,9,0.99984527,olea,olea,Correct
246,olea/Ole.O.euroX400wF(4265)(0)E-71.png,9,9,0.99983144,olea,olea,Correct
247,olea/Ole.O.euroX400wF(4265)(0)E-72.png,9,9,0.99975544,olea,olea,Correct
248,olea/Ole.O.euroX400wF(4265)(0)E-79.png,9,9,0.9996326,olea,olea,Correct
249,olea/Ole.O.euroX400wF(4265)(0)E-82.png,9,9,0.9995691,olea,olea,Correct
250,olea/Ole.O.euroX400wF(4265)(0)E-94.png,9,9,0.99981266,olea,olea,Correct
251,olea/Ole.O.euroX400wF(4266)(0)F-1.png,9,9,0.99972695,olea,olea,Correct
252,olea/Ole.O.euroX400wF(4266)(0)F-11.png,9,9,0.9994999,olea,olea,Correct
253,olea/Ole.O.euroX400wF(4266)(0)F-112.png,9,9,0.9994974,olea,olea,Correct
254,olea/Ole.O.euroX400wF(4266)(0)F-123.png,9,9,0.9997514,olea,olea,Correct
255,olea/Ole.O.euroX400wF(4266)(0)F-126.png,9,9,0.99970526,olea,olea,Correct
256,olea/Ole.O.euroX400wF(4266)(0)F-4.png,9,9,0.9997764,olea,olea,Correct
257,olea/Ole.O.euroX400wF(4266)(0)F-40.png,9,9,0.9996061,olea,olea,Correct
258,olea/Ole.O.euroX400wF(4266)(0)F-56.png,9,9,0.9997205,olea,olea,Correct
259,olea/Ole.O.euroX400wF(4266)(0)F-64.png,9,9,0.99954337,olea,olea,Correct
260,olea/Ole.O.euroX400wF(4266)(0)F-76.png,9,9,0.99951816,olea,olea,Correct
261,olea/Ole.O.euroX400wF(4267)(0)G-16.png,9,9,0.99962556,olea,olea,Correct
262,olea/Ole.O.euroX400wF(4267)(0)G-25.png,9,9,0.999923,olea,olea,Correct
263,olea/Ole.O.euroX400wF(4267)(0)G-27.png,9,9,0.99990237,olea,olea,Correct
264,olea/Ole.O.euroX400wF(4267)(0)G-39.png,9,9,0.9998311,olea,olea,Correct
265,olea/Ole.O.euroX400wF(4267)(0)G-50.png,9,9,0.9985826,olea,olea,Correct
266,olea/Ole.O.euroX400wF(4267)(0)G-54.png,9,9,0.99963415,olea,olea,Correct
267,olea/Ole.O.euroX400wF(4267)(0)G-55.png,9,9,0.99957925,olea,olea,Correct
268,origanum/Lam.O.micX400wF(884)(0)A-10.png,10,10,0.9995552,origanum,origanum,Correct
269,origanum/Lam.O.micX400wF(885)(0)B-11.png,10,10,0.99935526,origanum,origanum,Correct
270,origanum/Lam.O.micX400wF(886)(0)C-1.png,10,10,0.99990654,origanum,origanum,Correct
271,origanum/Lam.O.micX400wF(886)(0)C-11.png,10,10,0.99994445,origanum,origanum,Correct
272,origanum/Lam.O.micX400wF(886)(0)C-22.png,10,10,0.9998964,origanum,origanum,Correct
273,origanum/Lam.O.micX400wF(886)(0)C-50.png,10,10,0.99996483,origanum,origanum,Correct
274,origanum/Lam.O.micX400wF(886)(0)C-52.png,10,10,0.99989593,origanum,origanum,Correct
275,origanum/Lam.O.micX400wF(886)(0)C-57.png,10,10,0.9998116,origanum,origanum,Correct
276,origanum/Lam.O.micX400wF(888)(0)E-1.png,10,10,0.9983889,origanum,origanum,Correct
277,origanum/Lam.O.micX400wF(888)(0)E-3.png,10,10,0.99950445,origanum,origanum,Correct
278,origanum/Lam.O.micX400wF(889)(0)F-16.png,10,10,0.99994314,origanum,origanum,Correct
279,origanum/Lam.O.micX400wF(889)(0)F-48.png,10,10,0.99944335,origanum,origanum,Correct
280,origanum/Lam.O.micX400wF(889)(0)F-56.png,10,10,0.999635,origanum,origanum,Correct
281,origanum/Lam.O.micX400wF(889)(0)F-59.png,10,10,0.9998677,origanum,origanum,Correct
282,origanum/Lam.O.micX400wF(889)(0)F-61.png,10,10,0.99988604,origanum,origanum,Correct
283,origanum/Lam.O.micX400wF(889)(0)F-64.png,10,10,0.99973124,origanum,origanum,Correct
284,origanum/Lam.O.micX400wF(889)(0)F-65.png,10,10,0.9993573,origanum,origanum,Correct
285,oxalis/Oxa.O.pes.cX400wF(1733)(0)A-10.png,11,11,0.99889463,oxalis,oxalis,Correct
286,oxalis/Oxa.O.pes.cX400wF(1733)(0)A-14.png,11,11,0.9996946,oxalis,oxalis,Correct
287,oxalis/Oxa.O.pes.cX400wF(1733)(0)A-2.png,11,11,0.99934214,oxalis,oxalis,Correct
288,oxalis/Oxa.O.pes.cX400wF(1736)(0)D-10.png,11,11,0.99988115,oxalis,oxalis,Correct
289,oxalis/Oxa.O.pes.cX400wF(1736)(0)D-3.png,11,11,0.9997905,oxalis,oxalis,Correct
290,oxalis/Oxa.O.pes.cX400wF(1738)(0)F-4.png,11,11,0.9988624,oxalis,oxalis,Correct
291,oxalis/Oxa.O.pes.cX400wF(1738)(0)F-6.png,11,11,0.99961865,oxalis,oxalis,Correct
292,oxalis/Oxa.O.pes.cX400wF(1739)(0)G-1.png,11,11,0.9994448,oxalis,oxalis,Correct
293,oxalis/Oxa.O.pes.cX400wF(1740)(0)H-1.png,11,11,0.9983657,oxalis,oxalis,Correct
294,oxalis/Oxa.O.pes.cX400wF(1740)(0)H-11.png,11,11,0.9995148,oxalis,oxalis,Correct
295,oxalis/Oxa.O.pes.cX400wF(1740)(0)H-4.png,11,11,0.99834144,oxalis,oxalis,Correct
296,oxalis/Oxa.O.pes.cX400wF(1741)(0)I-8.png,11,11,0.99959654,oxalis,oxalis,Correct
297,oxalis/Oxa.O.pes.cX400wF(1743)(0)K-14.png,11,11,0.9995982,oxalis,oxalis,Correct
298,oxalis/Oxa.O.pes.cX400wF(1743)(0)K-5.png,11,11,0.99971515,oxalis,oxalis,Correct
299,pinus/Pin.P.brutX400wF(3171)(0)A-1.png,12,12,0.9999858,pinus,pinus,Correct
300,pinus/Pin.P.brutX400wF(3172)(0)B-1.png,12,12,0.9999869,pinus,pinus,Correct
301,pinus/Pin.P.brutX400wF(3177)(0)G-4.png,12,12,0.99997365,pinus,pinus,Correct
302,pistacia/Ana.P.tereX400wF(3222)(0)A-1.png,13,13,0.99788433,pistacia,pistacia,Correct
303,pistacia/Ana.P.tereX400wF(3222)(0)A-4.png,13,13,0.99951065,pistacia,pistacia,Correct
304,pistacia/Ana.P.tereX400wF(3222)(0)A-5.png,13,13,0.9995479,pistacia,pistacia,Correct
305,pistacia/Ana.P.tereX400wF(3227)(0)F-1.png,13,13,0.99657613,pistacia,pistacia,Correct
306,salvia/Lam.S.triX400wF(2188)(0)A-5.png,14,14,0.9997434,salvia,salvia,Correct
307,salvia/Lam.S.triX400wF(2189)(0)B-19.png,14,14,0.99974614,salvia,salvia,Correct
308,salvia/Lam.S.triX400wF(2189)(0)B-25.png,14,14,0.9996836,salvia,salvia,Correct
309,salvia/Lam.S.triX400wF(2189)(0)B-27.png,14,14,0.99953496,salvia,salvia,Correct
310,salvia/Lam.S.triX400wF(2189)(0)B-33.png,14,14,0.9899749,salvia,salvia,Correct
311,salvia/Lam.S.triX400wF(2189)(0)B-46.png,14,14,0.999608,salvia,salvia,Correct
312,salvia/Lam.S.triX400wF(2189)(0)B-47.png,14,14,0.9996264,salvia,salvia,Correct
313,salvia/Lam.S.triX400wF(2189)(0)B-7.png,14,14,0.9992866,salvia,salvia,Correct
314,salvia/Lam.S.triX400wF(2190)(0)C-20.png,14,14,0.99956495,salvia,salvia,Correct
315,salvia/Lam.S.triX400wF(2190)(0)C-26.png,14,14,0.9993937,salvia,salvia,Correct
316,salvia/Lam.S.triX400wF(2190)(0)C-34.png,14,14,0.99940825,salvia,salvia,Correct
317,salvia/Lam.S.triX400wF(2190)(0)C-5.png,14,14,0.99972564,salvia,salvia,Correct
318,salvia/Lam.S.triX400wF(2191)(0)D-25.png,14,14,0.9995384,salvia,salvia,Correct
319,salvia/Lam.S.triX400wF(2191)(0)D-34.png,14,14,0.99952364,salvia,salvia,Correct
320,salvia/Lam.S.triX400wF(2191)(0)D-47.png,14,14,0.99946994,salvia,salvia,Correct
321,salvia/Lam.S.triX400wF(2193)(0)F-18.png,14,14,0.99959844,salvia,salvia,Correct
322,salvia/Lam.S.triX400wF(2193)(0)F-22.png,14,14,0.999602,salvia,salvia,Correct
323,satureja/Lam.S.thyX400wF(941)(937)A-11.png,15,15,0.99924517,satureja,satureja,Correct
324,satureja/Lam.S.thyX400wF(941)(937)A-12.png,15,15,0.9998381,satureja,satureja,Correct
325,satureja/Lam.S.thyX400wF(941)(937)A-5.png,15,15,0.99963176,satureja,satureja,Correct
326,satureja/Lam.S.thyX400wF(943)(990)C-1.png,15,15,0.99548376,satureja,satureja,Correct
327,satureja/Lam.S.thyX400wF(943)(990)C-8.png,15,15,0.9998348,satureja,satureja,Correct
328,satureja/Lam.S.thyX400wF(944)(940)E-21.png,15,15,0.9191095,satureja,satureja,Correct
329,satureja/Lam.S.thyX400wF(944)(940)E-22.png,15,15,0.9995983,satureja,satureja,Correct
330,satureja/Lam.S.thyX400wF(944)(940)E-9.png,15,15,0.9994004,satureja,satureja,Correct
331,sinapis/Bra.S.albX400wF(2151)(0)B-10.png,16,16,0.9999392,sinapis,sinapis,Correct
332,sinapis/Bra.S.albX400wF(2151)(0)B-3.png,16,16,0.99998,sinapis,sinapis,Correct
333,sinapis/Bra.S.albX400wF(2152)(0)C-1.png,16,16,0.99985373,sinapis,sinapis,Correct
334,sinapis/Bra.S.albX400wF(2152)(0)C-11.png,16,16,0.9983841,sinapis,sinapis,Correct
335,sinapis/Bra.S.albX400wF(2152)(0)C-19.png,16,16,0.9999144,sinapis,sinapis,Correct
336,sinapis/Bra.S.albX400wF(2152)(0)C-25.png,16,16,0.9999188,sinapis,sinapis,Correct
337,sinapis/Bra.S.albX400wF(2152)(0)C-28.png,16,16,0.99749386,sinapis,sinapis,Correct
338,sinapis/Bra.S.albX400wF(2152)(0)C-3.png,16,16,0.99497837,sinapis,sinapis,Correct
339,sinapis/Bra.S.albX400wF(2152)(0)C-8.png,16,16,0.71928066,sinapis,sinapis,Correct
340,sinapis/Bra.S.albX400wF(2153)(0)D-15.png,16,16,0.9999417,sinapis,sinapis,Correct
341,sinapis/Bra.S.albX400wF(2153)(0)D-6.png,16,16,0.9992719,sinapis,sinapis,Correct
342,sinapis/Bra.S.albX400wF(2154)(0)E-18.png,16,16,0.9996649,sinapis,sinapis,Correct
343,sinapis/Bra.S.albX400wF(2155)(0)F-13.png,16,16,0.99980754,sinapis,sinapis,Correct
344,sinapis/Bra.S.albX400wF(2155)(0)F-24.png,16,16,0.76539373,sinapis,sinapis,Correct
345,sinapis/IMG_3701-3.png,16,16,0.9996871,sinapis,sinapis,Correct
346,sinapis/IMG_3706-1.png,16,16,0.9938944,sinapis,sinapis,Correct
347,sinapis/IMG_3706-2.png,16,16,0.99312454,sinapis,sinapis,Correct
348,sinapis/IMG_3708-13.png,16,16,0.9999126,sinapis,sinapis,Correct
349,sinapis/IMG_3708-6.png,16,16,0.99996114,sinapis,sinapis,Correct
350,thymbra/Lam.T.capX400wF(1029)(0)A-20.png,17,17,0.99997234,thymbra,thymbra,Correct
351,thymbra/Lam.T.capX400wF(1029)(0)A-21.png,17,17,0.99998665,thymbra,thymbra,Correct
352,thymbra/Lam.T.capX400wF(1029)(0)A-22.png,17,17,0.999962,thymbra,thymbra,Correct
353,thymbra/Lam.T.capX400wF(1029)(0)A-4.png,17,17,0.99961096,thymbra,thymbra,Correct
354,thymbra/Lam.T.capX400wF(1029)(0)A-9.png,17,17,0.99979407,thymbra,thymbra,Correct
355,thymbra/Lam.T.capX400wF(1031)(0)C-10.png,17,17,0.9991468,thymbra,thymbra,Correct
356,thymbra/Lam.T.capX400wF(1031)(0)C-4.png,17,17,0.5031831,thymbra,thymbra,Correct
357,thymbra/Lam.T.capX400wF(1031)(0)C-8.png,17,17,0.9997899,thymbra,thymbra,Correct
358,thymbra/Lam.T.capX400wF(1032)(0)D-3.png,17,17,0.9998889,thymbra,thymbra,Correct
359,thymbra/Lam.T.capX400wF(1033)(0)E-12.png,17,17,0.9997838,thymbra,thymbra,Correct
360,thymbra/Lam.T.capX400wF(1033)(0)E-9.png,17,17,0.99986076,thymbra,thymbra,Correct
361,thymbra/x40 f (2)-4.png,17,17,0.9887369,thymbra,thymbra,Correct
362,thymbra/x40 f (4)-15.png,17,17,0.99917454,thymbra,thymbra,Correct
363,thymbra/x40 f (5)-8.png,17,17,0.99995947,thymbra,thymbra,Correct
364,thymbra/x40 f (6)-12.png,17,17,0.9985153,thymbra,thymbra,Correct
365,urginea/Asp.U.marX400wF(5318)(0)B-11.png,18,18,0.9993987,urginea,urginea,Correct
366,urginea/Asp.U.marX400wF(5318)(0)B-6.png,18,18,0.9995453,urginea,urginea,Correct
367,urginea/Asp.U.marX400wF(5318)(0)B-8.png,18,18,0.999821,urginea,urginea,Correct
368,urginea/Asp.U.marX400wF(5319)(0)C-13.png,18,18,0.9997931,urginea,urginea,Correct
369,urginea/Asp.U.marX400wF(5319)(0)C-5.png,18,18,0.9996092,urginea,urginea,Correct
370,urginea/Asp.U.marX400wF(5319)(0)C-6.png,18,18,0.99956375,urginea,urginea,Correct
371,urginea/Asp.U.marX400wF(5320)(0)D-10.png,18,18,0.9997366,urginea,urginea,Correct
372,urginea/Asp.U.marX400wF(5320)(0)D-9.png,18,18,0.9997247,urginea,urginea,Correct
373,urginea/Asp.U.marX400wF(5322)(0)F-5.png,18,18,0.9997147,urginea,urginea,Correct
374,urginea/Asp.U.marX400wF(5323)(0)G-13.png,18,18,0.9998043,urginea,urginea,Correct
375,urginea/Asp.U.marX400wF(5323)(0)G-2.png,18,18,0.99971336,urginea,urginea,Correct
376,vitis/Vit.V.viniX400wF(4978)(0)A-14.png,19,19,0.99991536,vitis,vitis,Correct
377,vitis/Vit.V.viniX400wF(4978)(0)A-20.png,19,19,0.9998332,vitis,vitis,Correct
378,vitis/Vit.V.viniX400wF(4978)(0)A-21.png,19,19,0.9998337,vitis,vitis,Correct
379,vitis/Vit.V.viniX400wF(4979)(0)B-17.png,19,19,0.99989045,vitis,vitis,Correct
380,vitis/Vit.V.viniX400wF(4980)(0)C-12.png,19,19,0.9999366,vitis,vitis,Correct
381,vitis/Vit.V.viniX400wF(4981)(0)D-16.png,19,19,0.9998646,vitis,vitis,Correct
382,vitis/Vit.V.viniX400wF(4981)(0)D-18.png,19,19,0.99991107,vitis,vitis,Correct
383,vitis/Vit.V.viniX400wF(4981)(0)D-39.png,19,19,0.9999217,vitis,vitis,Correct
384,vitis/Vit.V.viniX400wF(4981)(0)D-42.png,19,19,0.99990237,vitis,vitis,Correct
385,vitis/Vit.V.viniX400wF(4981)(0)D-5.png,19,19,0.9998412,vitis,vitis,Correct
386,vitis/Vit.V.viniX400wF(4982)(0)E-12.png,19,19,0.99988174,vitis,vitis,Correct
387,vitis/Vit.V.viniX400wF(4982)(0)E-14.png,19,19,0.9999255,vitis,vitis,Correct
388,vitis/Vit.V.viniX400wF(4982)(0)E-31.png,19,19,0.9998343,vitis,vitis,Correct
389,vitis/Vit.V.viniX400wF(4982)(0)E-41.png,19,19,0.9998449,vitis,vitis,Correct
390,vitis/Vit.V.viniX400wF(4982)(0)E-5.png,19,19,0.99993813,vitis,vitis,Correct
391,vitis/Vit.V.viniX400wF(4982)(0)E-7.png,19,19,0.9998945,vitis,vitis,Correct
392,vitis/Vit.V.viniX400wF(4983)(0)F-27.png,19,19,0.9998159,vitis,vitis,Correct
393,vitis/Vit.V.viniX400wF(4983)(0)F-5.png,19,19,0.9998977,vitis,vitis,Correct
394,vitis/Vit.V.viniX400wF(4984)(0)G-16.png,19,19,0.9998159,vitis,vitis,Correct
395,vitis/Vit.V.viniX400wF(4984)(0)G-61.png,19,19,0.9652996,vitis,vitis,Correct
396,vitis/Vit.V.viniX400wF(4985)(0)H-11.png,19,19,0.9999143,vitis,vitis,Correct
397,vitis/Vit.V.viniX400wF(4985)(0)H-15.png,19,19,0.99989927,vitis,vitis,Correct
398,vitis/Vit.V.viniX400wF(4985)(0)H-39.png,19,19,0.99992955,vitis,vitis,Correct
399,vitis/Vit.V.viniX400wF(4985)(0)H-4.png,19,19,0.99992037,vitis,vitis,Correct
400,vitis/Vit.V.viniX400wF(4985)(0)H-42.png,19,19,0.9999449,vitis,vitis,Correct
401,vitis/Vit.V.viniX400wF(4985)(0)H-7.png,19,19,0.9948356,vitis,vitis,Correct
402,vitis/Vit.V.viniX400wF(4985)(0)H-9.png,19,19,0.99995625,vitis,vitis,Correct
0,asphodelus/Asp.A.ramX400wF(1984)(0)A-5.png,0,0,0.9822589,asphodelus,asphodelus,Correct
1,asphodelus/Asp.A.ramX400wF(1984)(0)A-7.png,0,0,0.9953727,asphodelus,asphodelus,Correct
2,asphodelus/Asp.A.ramX400wF(1987)(0)D-4.png,0,0,0.99131155,asphodelus,asphodelus,Correct
3,calicotome/Fab.C.vilX400wF(2016)(0)A-15.png,1,1,0.99462587,calicotome,calicotome,Correct
4,calicotome/Fab.C.vilX400wF(2016)(0)A-16.png,1,1,0.991702,calicotome,calicotome,Correct
5,calicotome/Fab.C.vilX400wF(2016)(0)A-6.png,1,1,0.99246854,calicotome,calicotome,Correct
6,calicotome/Fab.C.vilX400wF(2017)(0)B-3.png,1,1,0.9938019,calicotome,calicotome,Correct
7,calicotome/Fab.C.vilX400wF(2018)(0)C-22.png,1,1,0.9962276,calicotome,calicotome,Correct
8,calicotome/Fab.C.vilX400wF(2018)(0)C-9.png,1,1,0.99469733,calicotome,calicotome,Correct
9,calicotome/Fab.C.vilX400wF(2019)(0)D-108.png,1,1,0.99426174,calicotome,calicotome,Correct
10,calicotome/Fab.C.vilX400wF(2019)(0)D-115.png,1,1,0.99298507,calicotome,calicotome,Correct
11,calicotome/Fab.C.vilX400wF(2019)(0)D-123.png,1,1,0.9938306,calicotome,calicotome,Correct
12,calicotome/Fab.C.vilX400wF(2019)(0)D-13.png,1,1,0.99544686,calicotome,calicotome,Correct
13,calicotome/Fab.C.vilX400wF(2019)(0)D-2.png,1,1,0.9936325,calicotome,calicotome,Correct
14,calicotome/Fab.C.vilX400wF(2019)(0)D-23.png,1,1,0.99442554,calicotome,calicotome,Correct
15,calicotome/Fab.C.vilX400wF(2019)(0)D-55.png,1,1,0.9949262,calicotome,calicotome,Correct
16,calicotome/Fab.C.vilX400wF(2019)(0)D-71.png,1,1,0.9955765,calicotome,calicotome,Correct
17,calicotome/Fab.C.vilX400wF(2019)(0)D-72.png,1,1,0.9951493,calicotome,calicotome,Correct
18,calicotome/Fab.C.vilX400wF(2019)(0)D-88.png,1,1,0.99601907,calicotome,calicotome,Correct
19,calicotome/Fab.C.vilX400wF(2019)(0)D-97.png,1,1,0.99331796,calicotome,calicotome,Correct
20,calicotome/Fab.C.vilX400wF(2020)(0)E-14.png,1,1,0.9920225,calicotome,calicotome,Correct
21,calicotome/Fab.C.vilX400wF(2020)(0)E-18.png,1,1,0.99315745,calicotome,calicotome,Correct
22,calicotome/Fab.C.vilX400wF(2020)(0)E-25.png,1,1,0.99366564,calicotome,calicotome,Correct
23,calicotome/Fab.C.vilX400wF(2020)(0)E-33.png,1,1,0.992871,calicotome,calicotome,Correct
24,calicotome/Fab.C.vilX400wF(2020)(0)E-37.png,1,1,0.9944174,calicotome,calicotome,Correct
25,calicotome/Fab.C.vilX400wF(2020)(0)E-39.png,1,1,0.9930098,calicotome,calicotome,Correct
26,calicotome/Fab.C.vilX400wF(2020)(0)E-53.png,1,1,0.9911159,calicotome,calicotome,Correct
27,calicotome/Fab.C.vilX400wF(2020)(0)E-59.png,1,1,0.9932233,calicotome,calicotome,Correct
28,calicotome/Fab.C.vilX400wF(2020)(0)E-6.png,1,1,0.99403113,calicotome,calicotome,Correct
29,calicotome/Fab.C.vilX400wF(2020)(0)E-67.png,1,1,0.9954222,calicotome,calicotome,Correct
30,calicotome/Fab.C.vilX400wF(2020)(0)E-70.png,1,1,0.995748,calicotome,calicotome,Correct
31,calicotome/Fab.C.vilX400wF(2020)(0)E-73.png,1,1,0.9949102,calicotome,calicotome,Correct
32,calicotome/Fab.C.vilX400wF(2020)(0)E-93.png,1,1,0.98877,calicotome,calicotome,Correct
33,castanea/Fag.C.satX400wF(781)(0)A-25.png,2,2,0.9971288,castanea,castanea,Correct
34,castanea/Fag.C.satX400wF(781)(0)A-42.png,2,2,0.99614656,castanea,castanea,Correct
35,castanea/Fag.C.satX400wF(781)(0)A-43.png,2,2,0.99761873,castanea,castanea,Correct
36,castanea/Fag.C.satX400wF(781)(0)A-44.png,2,2,0.99841976,castanea,castanea,Correct
37,castanea/Fag.C.satX400wF(782)(0)B-12.png,2,2,0.9969433,castanea,castanea,Correct
38,castanea/Fag.C.satX400wF(782)(0)B-15.png,2,2,0.99747026,castanea,castanea,Correct
39,castanea/Fag.C.satX400wF(782)(0)B-3.png,2,2,0.9957379,castanea,castanea,Correct
40,castanea/Fag.C.satX400wF(783)(0)C-2.png,2,2,0.997617,castanea,castanea,Correct
41,castanea/Fag.C.satX400wF(783)(0)C-4.png,2,2,0.9976051,castanea,castanea,Correct
42,castanea/Fag.C.satX400wF(784)(0)D-23.png,2,2,0.9977423,castanea,castanea,Correct
43,castanea/Fag.C.satX400wF(784)(0)D-6.png,2,2,0.9970348,castanea,castanea,Correct
44,castanea/Fag.C.satX400wF(792)(781)G-11.png,2,2,0.9971378,castanea,castanea,Correct
45,castanea/Fag.C.satX400wF(792)(781)G-22.png,2,2,0.9970763,castanea,castanea,Correct
46,castanea/Fag.C.satX400wF(792)(781)G-30.png,2,2,0.9967981,castanea,castanea,Correct
47,castanea/Fag.C.satX400wF(792)(781)G-43.png,2,2,0.9980069,castanea,castanea,Correct
48,castanea/Fag.C.satX400wF(792)(781)G-54.png,2,2,0.99725777,castanea,castanea,Correct
49,castanea/Fag.C.satX400wF(792)(781)G-6.png,2,2,0.99650663,castanea,castanea,Correct
50,castanea/Fag.C.satX400wF(793)(781)H-11.png,2,2,0.9969928,castanea,castanea,Correct
51,castanea/Fag.C.satX400wF(793)(781)H-13.png,2,2,0.9969048,castanea,castanea,Correct
52,castanea/Fag.C.satX400wF(793)(781)H-34.png,2,2,0.9965268,castanea,castanea,Correct
53,castanea/Fag.C.satX400wF(793)(781)H-41.png,2,2,0.99662197,castanea,castanea,Correct
54,castanea/Fag.C.satX400wF(793)(781)H-5.png,2,2,0.9970118,castanea,castanea,Correct
55,ceratonia/Fab.C.silX400wF(475)(0)A-12.png,3,3,0.99556005,ceratonia,ceratonia,Correct
56,ceratonia/Fab.C.silX400wF(475)(0)A-2.png,3,3,0.9487639,ceratonia,ceratonia,Correct
57,ceratonia/Fab.C.silX400wF(475)(0)A-8.png,3,3,0.991576,ceratonia,ceratonia,Correct
58,ceratonia/Fab.C.silX400wF(475)(0)A-9.png,3,3,0.99418783,ceratonia,ceratonia,Correct
59,ceratonia/Fab.C.silX400wF(477)(0)C-7.png,3,3,0.9957973,ceratonia,ceratonia,Correct
60,ceratonia/Fab.C.silX400wF(478)(0)D-8.png,3,3,0.9603491,ceratonia,ceratonia,Correct
61,ceratonia/Fab.C.silX400wF(479)(0)E-13.png,3,3,0.99551827,ceratonia,ceratonia,Correct
62,ceratonia/Fab.C.silX400wF(479)(0)E-8.png,3,3,0.500721,ceratonia,ceratonia,Correct
63,ceratonia/Fab.C.silX400wF(480)(0)F-2.png,3,3,0.9829571,ceratonia,ceratonia,Correct
64,ceratonia/Fab.C.silX400wF(481)(0)G-7.png,3,3,0.9962226,ceratonia,ceratonia,Correct
65,ebenus/Fab.E.creX400wF(697)(0)E-3.png,4,4,0.9951585,ebenus,ebenus,Correct
66,ebenus/Fab.E.creX400wF(698)(0)F-1.png,4,4,0.99559915,ebenus,ebenus,Correct
67,erica/Eri.E.maniX400wF(5355)(0)A-18.png,5,5,0.9928839,erica,erica,Correct
68,erica/Eri.E.maniX400wF(5356)(0)B-9.png,5,5,0.9904655,erica,erica,Correct
69,erica/Eri.E.maniX400wF(5357)(0)C-17.png,5,5,0.99246866,erica,erica,Correct
70,erica/Eri.E.maniX400wF(5357)(0)C-28.png,5,5,0.9951148,erica,erica,Correct
71,erica/Eri.E.maniX400wF(5357)(0)C-9.png,5,5,0.991097,erica,erica,Correct
72,erica/Eri.E.maniX400wF(5358)(0)D-1.png,5,5,0.992065,erica,erica,Correct
73,erica/Eri.E.maniX400wF(5358)(0)D-6.png,5,5,0.94684196,erica,erica,Correct
74,erica/Eri.E.maniX400wF(5359)(0)E-14.png,5,5,0.99307394,erica,erica,Correct
75,erica/Eri.E.maniX400wF(5359)(0)E-3.png,5,5,0.99081475,erica,erica,Correct
76,erica/Eri.E.maniX400wF(5360)(0)F-16.png,5,5,0.99229854,erica,erica,Correct
77,erica/Eri.E.maniX400wF(5360)(0)F-18.png,5,5,0.99318117,erica,erica,Correct
78,erica/Eri.E.maniX400wF(5360)(0)F-43.png,5,5,0.99400854,erica,erica,Correct
79,erica/Eri.E.maniX400wF(5361)(0)G-2.png,5,5,0.99375665,erica,erica,Correct
80,erica/Eri.E.maniX400wF(5361)(0)G-3.png,5,5,0.9929431,erica,erica,Correct
81,erica/Eri.E.maniX400wF(5361)(0)G-6.png,5,5,0.99253064,erica,erica,Correct
82,erica/Eri.E.maniX400wF(5362)(0)H-28.png,5,5,0.9939746,erica,erica,Correct
83,erica/Eri.E.maniX400wF(5363)(0)I-1.png,5,5,0.99441504,erica,erica,Correct
84,erica/Eri.E.maniX400wF(5363)(0)I-7.png,5,5,0.9935968,erica,erica,Correct
85,eucalyptus/Myr.E.camaX400wF(1868)(0)C-11.png,6,6,0.99490815,eucalyptus,eucalyptus,Correct
86,eucalyptus/Myr.E.camaX400wF(1869)(0)D-6.png,6,6,0.98998743,eucalyptus,eucalyptus,Correct
87,eucalyptus/Myr.E.camaX400wF(1870)(0)E-3.png,6,6,0.62592834,eucalyptus,eucalyptus,Correct
88,eucalyptus/Myr.E.camaX400wF(1871)(0)F-4.png,6,6,0.9866024,eucalyptus,eucalyptus,Correct
90,eucalyptus/Myr.E.camaX400wF(2962)(0)H-15.png,6,6,0.992362,eucalyptus,eucalyptus,Correct
91,eucalyptus/Myr.E.camaX400wF(2962)(0)H-23.png,6,6,0.99324,eucalyptus,eucalyptus,Correct
92,eucalyptus/Myr.E.camaX400wF(2962)(0)H-24.png,6,6,0.98236966,eucalyptus,eucalyptus,Correct
93,eucalyptus/Myr.E.camaX400wF(2963)(0)I-13.png,6,6,0.99325365,eucalyptus,eucalyptus,Correct
94,eucalyptus/Myr.E.camaX400wF(2963)(0)I-3.png,6,6,0.98590916,eucalyptus,eucalyptus,Correct
95,eucalyptus/Myr.E.camaX400wF(2963)(0)I-6.png,6,6,0.97381216,eucalyptus,eucalyptus,Correct
96,eucalyptus/Myr.E.camaX400wF(2964)(0)J-14.png,6,6,0.9791158,eucalyptus,eucalyptus,Correct
97,eucalyptus/Myr.E.camaX400wF(2964)(0)J-29.png,6,6,0.9612181,eucalyptus,eucalyptus,Correct
98,eucalyptus/Myr.E.camaX400wF(2964)(0)J-9.png,6,6,0.95913565,eucalyptus,eucalyptus,Correct
99,eucalyptus/Myr.E.camaX400wF(2965)(0)K-1.png,6,6,0.9909541,eucalyptus,eucalyptus,Correct
100,eucalyptus/Myr.E.camaX400wF(2965)(0)K-8.png,6,6,0.99207,eucalyptus,eucalyptus,Correct
101,eucalyptus/Myr.E.camaX400wF(2966)(0)L-3.png,6,6,0.9943944,eucalyptus,eucalyptus,Correct
102,ferula/Api.F.comX400wF(2135)(0)A-5.png,7,7,0.99345386,ferula,ferula,Correct
103,ferula/Api.F.comX400wF(2136)(0)B-5.png,7,7,0.9931753,ferula,ferula,Correct
104,ferula/Api.F.comX400wF(2137)(0)C-10.png,7,7,0.9932105,ferula,ferula,Correct
105,ferula/Api.F.comX400wF(2138)(0)D-18.png,7,7,0.99161303,ferula,ferula,Correct
106,ferula/Api.F.comX400wF(2139)(0)E-11.png,7,7,0.9953312,ferula,ferula,Correct
107,ferula/Api.F.comX400wF(2139)(0)E-16.png,7,7,0.993915,ferula,ferula,Correct
108,ferula/Api.F.comX400wF(2139)(0)E-2.png,7,7,0.99316376,ferula,ferula,Correct
109,ferula/Api.F.comX400wF(2139)(0)E-24.png,7,7,0.99511933,ferula,ferula,Correct
110,ferula/Api.F.comX400wF(2139)(0)E-9.png,7,7,0.99453026,ferula,ferula,Correct
111,myrtus/IMG_3734-107.png,8,8,0.9973477,myrtus,myrtus,Correct
112,myrtus/IMG_3734-111.png,8,8,0.9976776,myrtus,myrtus,Correct
113,myrtus/IMG_3734-112.png,8,8,0.9970515,myrtus,myrtus,Correct
114,myrtus/IMG_3734-114.png,8,8,0.99717075,myrtus,myrtus,Correct
115,myrtus/IMG_3734-132.png,8,8,0.9965268,myrtus,myrtus,Correct
116,myrtus/IMG_3734-42.png,8,8,0.99749494,myrtus,myrtus,Correct
117,myrtus/IMG_3734-49.png,8,8,0.9957028,myrtus,myrtus,Correct
118,myrtus/IMG_3734-62.png,8,8,0.99813324,myrtus,myrtus,Correct
119,myrtus/IMG_3734-84.png,8,8,0.9975097,myrtus,myrtus,Correct
120,myrtus/IMG_3735-17.png,8,8,0.9973974,myrtus,myrtus,Correct
121,myrtus/IMG_3735-37.png,8,8,0.9971155,myrtus,myrtus,Correct
122,myrtus/IMG_3736-34.png,8,8,0.99738663,myrtus,myrtus,Correct
123,myrtus/IMG_3736-45.png,8,8,0.99706393,myrtus,myrtus,Correct
124,myrtus/IMG_3736-50.png,8,8,0.99733174,myrtus,myrtus,Correct
125,myrtus/IMG_3736-65.png,8,8,0.9970246,myrtus,myrtus,Correct
126,myrtus/IMG_3736-77.png,8,8,0.99715877,myrtus,myrtus,Correct
127,myrtus/IMG_3737-11.png,8,8,0.99673223,myrtus,myrtus,Correct
128,myrtus/IMG_3737-12.png,8,8,0.99573165,myrtus,myrtus,Correct
129,myrtus/IMG_3737-19.png,8,8,0.9971654,myrtus,myrtus,Correct
130,myrtus/IMG_3737-26.png,8,8,0.99776757,myrtus,myrtus,Correct
131,myrtus/IMG_3737-27.png,8,8,0.99744415,myrtus,myrtus,Correct
132,myrtus/IMG_3737-3.png,8,8,0.9947265,myrtus,myrtus,Correct
133,myrtus/IMG_3737-44.png,8,8,0.9980914,myrtus,myrtus,Correct
134,myrtus/IMG_3737-56.png,8,8,0.99810684,myrtus,myrtus,Correct
135,myrtus/IMG_3737-57.png,8,8,0.9973991,myrtus,myrtus,Correct
136,myrtus/IMG_3737-59.png,8,8,0.99768424,myrtus,myrtus,Correct
137,myrtus/IMG_3737-6.png,8,8,0.9961659,myrtus,myrtus,Correct
138,myrtus/IMG_3738-100.png,8,8,0.9977316,myrtus,myrtus,Correct
139,myrtus/IMG_3738-122.png,8,8,0.99294245,myrtus,myrtus,Correct
140,myrtus/IMG_3738-125.png,8,8,0.9945062,myrtus,myrtus,Correct
141,myrtus/IMG_3738-131.png,8,8,0.9955753,myrtus,myrtus,Correct
142,myrtus/IMG_3738-135.png,8,8,0.9979881,myrtus,myrtus,Correct
143,myrtus/IMG_3738-153.png,8,8,0.99731123,myrtus,myrtus,Correct
144,myrtus/IMG_3738-155.png,8,8,0.97650516,myrtus,myrtus,Correct
145,myrtus/IMG_3738-25.png,8,8,0.9959586,myrtus,myrtus,Correct
146,myrtus/IMG_3738-40.png,8,8,0.996527,myrtus,myrtus,Correct
147,myrtus/IMG_3738-55.png,8,8,0.99710304,myrtus,myrtus,Correct
148,myrtus/IMG_3738-62.png,8,8,0.99735236,myrtus,myrtus,Correct
149,myrtus/IMG_3738-7.png,8,8,0.9973303,myrtus,myrtus,Correct
150,myrtus/IMG_3738-75.png,8,8,0.99603856,myrtus,myrtus,Correct
151,myrtus/IMG_3738-81.png,8,8,0.5461801,myrtus,myrtus,Correct
152,myrtus/IMG_3738-85.png,8,8,0.99753904,myrtus,myrtus,Correct
153,myrtus/IMG_3741-18.png,8,8,0.9970072,myrtus,myrtus,Correct
154,myrtus/IMG_3741-51.png,8,8,0.9959269,myrtus,myrtus,Correct
155,myrtus/IMG_3741-62.png,8,8,0.9973985,myrtus,myrtus,Correct
156,myrtus/IMG_3741-63.png,8,8,0.99827075,myrtus,myrtus,Correct
157,myrtus/IMG_3741-9.png,8,8,0.99737394,myrtus,myrtus,Correct
158,myrtus/IMG_3742-18.png,8,8,0.99760216,myrtus,myrtus,Correct
159,myrtus/IMG_3742-29.png,8,8,0.99692106,myrtus,myrtus,Correct
160,myrtus/IMG_3742-36.png,8,8,0.9964361,myrtus,myrtus,Correct
161,myrtus/IMG_3742-49.png,8,8,0.99740773,myrtus,myrtus,Correct
162,myrtus/IMG_3742-52.png,8,8,0.79309684,myrtus,myrtus,Correct
163,myrtus/IMG_3742-8.png,8,8,0.996478,myrtus,myrtus,Correct
164,myrtus/IMG_3743-13.png,8,8,0.99452776,myrtus,myrtus,Correct
165,myrtus/IMG_3743-38.png,8,8,0.99822503,myrtus,myrtus,Correct
166,myrtus/IMG_3744-41.png,8,8,0.9964244,myrtus,myrtus,Correct
167,myrtus/IMG_3744-49.png,8,8,0.9950832,myrtus,myrtus,Correct
168,myrtus/IMG_3744-53.png,8,8,0.9982274,myrtus,myrtus,Correct
169,myrtus/Myr.M.comX400wF(1095)(1091)A-11.png,8,8,0.99632,myrtus,myrtus,Correct
170,myrtus/Myr.M.comX400wF(1095)(1091)A-12.png,8,8,0.99703085,myrtus,myrtus,Correct
171,myrtus/Myr.M.comX400wF(1095)(1091)A-14.png,8,8,0.99715996,myrtus,myrtus,Correct
172,myrtus/Myr.M.comX400wF(1095)(1091)A-32.png,8,8,0.99805874,myrtus,myrtus,Correct
173,myrtus/Myr.M.comX400wF(1095)(1091)A-44.png,8,8,0.9946472,myrtus,myrtus,Correct
174,myrtus/Myr.M.comX400wF(1095)(1091)A-58.png,8,8,0.99733764,myrtus,myrtus,Correct
175,myrtus/Myr.M.comX400wF(1095)(1091)A-64.png,8,8,0.997447,myrtus,myrtus,Correct
176,myrtus/Myr.M.comX400wF(1095)(1091)A-70.png,8,8,0.9967764,myrtus,myrtus,Correct
177,myrtus/Myr.M.comX400wF(1095)(1091)A-76.png,8,8,0.99723345,myrtus,myrtus,Correct
178,myrtus/Myr.M.comX400wF(1095)(1091)A-78.png,8,8,0.9975459,myrtus,myrtus,Correct
179,myrtus/Myr.M.comX400wF(1095)(1091)A-84.png,8,8,0.9958437,myrtus,myrtus,Correct
180,myrtus/Myr.M.comX400wF(1095)(1091)A-85.png,8,8,0.9974234,myrtus,myrtus,Correct
181,myrtus/Myr.M.comX400wF(1097)(1090)C-10.png,8,8,0.99779046,myrtus,myrtus,Correct
182,myrtus/Myr.M.comX400wF(1097)(1090)C-24.png,8,8,0.99617153,myrtus,myrtus,Correct
183,myrtus/Myr.M.comX400wF(1097)(1090)C-30.png,8,8,0.997696,myrtus,myrtus,Correct
184,myrtus/Myr.M.comX400wF(1097)(1090)C-42.png,8,8,0.9971981,myrtus,myrtus,Correct
185,myrtus/Myr.M.comX400wF(1097)(1090)C-45.png,8,8,0.9977487,myrtus,myrtus,Correct
186,myrtus/Myr.M.comX400wF(1097)(1090)C-53.png,8,8,0.9960341,myrtus,myrtus,Correct
187,myrtus/Myr.M.comX400wF(1097)(1090)C-71.png,8,8,0.99673694,myrtus,myrtus,Correct
188,myrtus/Myr.M.comX400wF(1097)(1090)C-73.png,8,8,0.99765223,myrtus,myrtus,Correct
189,olea/Ole.O.euroX400wF(4261)(0)A-1.png,9,9,0.96088666,olea,olea,Correct
190,olea/Ole.O.euroX400wF(4261)(0)A-11.png,9,9,0.9967152,olea,olea,Correct
191,olea/Ole.O.euroX400wF(4261)(0)A-12.png,9,9,0.99587137,olea,olea,Correct
192,olea/Ole.O.euroX400wF(4261)(0)A-19.png,9,9,0.9775803,olea,olea,Correct
193,olea/Ole.O.euroX400wF(4261)(0)A-22.png,9,9,0.99573886,olea,olea,Correct
194,olea/Ole.O.euroX400wF(4261)(0)A-29.png,9,9,0.99493957,olea,olea,Correct
195,olea/Ole.O.euroX400wF(4261)(0)A-39.png,9,9,0.99620724,olea,olea,Correct
196,olea/Ole.O.euroX400wF(4261)(0)A-50.png,9,9,0.99657816,olea,olea,Correct
197,olea/Ole.O.euroX400wF(4262)(0)B-17.png,9,9,0.99521905,olea,olea,Correct
198,olea/Ole.O.euroX400wF(4262)(0)B-20.png,9,9,0.9902463,olea,olea,Correct
199,olea/Ole.O.euroX400wF(4262)(0)B-29.png,9,9,0.9957781,olea,olea,Correct
200,olea/Ole.O.euroX400wF(4262)(0)B-32.png,9,9,0.99652714,olea,olea,Correct
201,olea/Ole.O.euroX400wF(4262)(0)B-33.png,9,9,0.9963924,olea,olea,Correct
202,olea/Ole.O.euroX400wF(4262)(0)B-34.png,9,9,0.99520004,olea,olea,Correct
203,olea/Ole.O.euroX400wF(4262)(0)B-5.png,9,9,0.99472934,olea,olea,Correct
204,olea/Ole.O.euroX400wF(4263)(0)C-101.png,9,9,0.9905911,olea,olea,Correct
205,olea/Ole.O.euroX400wF(4263)(0)C-113.png,9,9,0.9922321,olea,olea,Correct
206,olea/Ole.O.euroX400wF(4263)(0)C-114.png,9,9,0.9953982,olea,olea,Correct
207,olea/Ole.O.euroX400wF(4263)(0)C-115.png,9,9,0.9515983,olea,olea,Correct
208,olea/Ole.O.euroX400wF(4263)(0)C-140.png,9,9,0.99683386,olea,olea,Correct
209,olea/Ole.O.euroX400wF(4263)(0)C-157.png,9,9,0.9746416,olea,olea,Correct
210,olea/Ole.O.euroX400wF(4263)(0)C-163.png,9,9,0.99330574,olea,olea,Correct
211,olea/Ole.O.euroX400wF(4263)(0)C-164.png,9,9,0.99675685,olea,olea,Correct
212,olea/Ole.O.euroX400wF(4263)(0)C-177.png,9,9,0.9726228,olea,olea,Correct
213,olea/Ole.O.euroX400wF(4263)(0)C-18.png,9,9,0.9956939,olea,olea,Correct
214,olea/Ole.O.euroX400wF(4263)(0)C-186.png,9,9,0.9962643,olea,olea,Correct
215,olea/Ole.O.euroX400wF(4263)(0)C-3.png,9,9,0.99362284,olea,olea,Correct
216,olea/Ole.O.euroX400wF(4263)(0)C-35.png,9,9,0.9937954,olea,olea,Correct
217,olea/Ole.O.euroX400wF(4263)(0)C-44.png,9,9,0.99728584,olea,olea,Correct
218,olea/Ole.O.euroX400wF(4263)(0)C-48.png,9,9,0.996218,olea,olea,Correct
219,olea/Ole.O.euroX400wF(4263)(0)C-53.png,9,9,0.99603504,olea,olea,Correct
220,olea/Ole.O.euroX400wF(4263)(0)C-57.png,9,9,0.9960771,olea,olea,Correct
221,olea/Ole.O.euroX400wF(4263)(0)C-61.png,9,9,0.99294055,olea,olea,Correct
222,olea/Ole.O.euroX400wF(4263)(0)C-71.png,9,9,0.9970396,olea,olea,Correct
223,olea/Ole.O.euroX400wF(4263)(0)C-92.png,9,9,0.99720097,olea,olea,Correct
224,olea/Ole.O.euroX400wF(4264)(0)D-119.png,9,9,0.9967104,olea,olea,Correct
225,olea/Ole.O.euroX400wF(4264)(0)D-140.png,9,9,0.9956181,olea,olea,Correct
226,olea/Ole.O.euroX400wF(4264)(0)D-148.png,9,9,0.9966509,olea,olea,Correct
227,olea/Ole.O.euroX400wF(4264)(0)D-163.png,9,9,0.99616516,olea,olea,Correct
228,olea/Ole.O.euroX400wF(4264)(0)D-26.png,9,9,0.99682605,olea,olea,Correct
229,olea/Ole.O.euroX400wF(4264)(0)D-28.png,9,9,0.99647313,olea,olea,Correct
230,olea/Ole.O.euroX400wF(4264)(0)D-43.png,9,9,0.9970733,olea,olea,Correct
231,olea/Ole.O.euroX400wF(4264)(0)D-48.png,9,9,0.99534637,olea,olea,Correct
232,olea/Ole.O.euroX400wF(4264)(0)D-5.png,9,9,0.9959662,olea,olea,Correct
233,olea/Ole.O.euroX400wF(4264)(0)D-58.png,9,9,0.99639374,olea,olea,Correct
234,olea/Ole.O.euroX400wF(4264)(0)D-60.png,9,9,0.99721694,olea,olea,Correct
235,olea/Ole.O.euroX400wF(4264)(0)D-64.png,9,9,0.9960031,olea,olea,Correct
236,olea/Ole.O.euroX400wF(4264)(0)D-66.png,9,9,0.9966949,olea,olea,Correct
237,olea/Ole.O.euroX400wF(4264)(0)D-67.png,9,9,0.9966869,olea,olea,Correct
238,olea/Ole.O.euroX400wF(4264)(0)D-8.png,9,9,0.9972932,olea,olea,Correct
239,olea/Ole.O.euroX400wF(4264)(0)D-88.png,9,9,0.99622107,olea,olea,Correct
240,olea/Ole.O.euroX400wF(4265)(0)E-116.png,9,9,0.99605227,olea,olea,Correct
241,olea/Ole.O.euroX400wF(4265)(0)E-120.png,9,9,0.9902305,olea,olea,Correct
242,olea/Ole.O.euroX400wF(4265)(0)E-176.png,9,9,0.98434097,olea,olea,Correct
243,olea/Ole.O.euroX400wF(4265)(0)E-189.png,9,9,0.99634933,olea,olea,Correct
244,olea/Ole.O.euroX400wF(4265)(0)E-2.png,9,9,0.9959915,olea,olea,Correct
245,olea/Ole.O.euroX400wF(4265)(0)E-218.png,9,9,0.99424887,olea,olea,Correct
246,olea/Ole.O.euroX400wF(4265)(0)E-3.png,9,9,0.99686,olea,olea,Correct
247,olea/Ole.O.euroX400wF(4265)(0)E-39.png,9,9,0.9886142,olea,olea,Correct
248,olea/Ole.O.euroX400wF(4265)(0)E-5.png,9,9,0.9945642,olea,olea,Correct
249,olea/Ole.O.euroX400wF(4265)(0)E-58.png,9,9,0.9972355,olea,olea,Correct
250,olea/Ole.O.euroX400wF(4265)(0)E-6.png,9,9,0.9966229,olea,olea,Correct
251,olea/Ole.O.euroX400wF(4265)(0)E-76.png,9,9,0.99680907,olea,olea,Correct
252,olea/Ole.O.euroX400wF(4265)(0)E-88.png,9,9,0.9909514,olea,olea,Correct
253,olea/Ole.O.euroX400wF(4265)(0)E-98.png,9,9,0.99627364,olea,olea,Correct
254,olea/Ole.O.euroX400wF(4266)(0)F-122.png,9,9,0.976037,olea,olea,Correct
255,olea/Ole.O.euroX400wF(4266)(0)F-145.png,9,9,0.9836182,olea,olea,Correct
256,olea/Ole.O.euroX400wF(4266)(0)F-146.png,9,9,0.9957574,olea,olea,Correct
257,olea/Ole.O.euroX400wF(4266)(0)F-18.png,9,9,0.9952969,olea,olea,Correct
258,olea/Ole.O.euroX400wF(4266)(0)F-36.png,9,9,0.99433976,olea,olea,Correct
259,olea/Ole.O.euroX400wF(4266)(0)F-47.png,9,9,0.9942867,olea,olea,Correct
260,olea/Ole.O.euroX400wF(4266)(0)F-7.png,9,9,0.9973564,olea,olea,Correct
261,olea/Ole.O.euroX400wF(4266)(0)F-88.png,9,9,0.99622166,olea,olea,Correct
262,olea/Ole.O.euroX400wF(4266)(0)F-9.png,9,9,0.9965389,olea,olea,Correct
263,olea/Ole.O.euroX400wF(4266)(0)F-97.png,9,9,0.9957039,olea,olea,Correct
264,olea/Ole.O.euroX400wF(4267)(0)G-30.png,9,9,0.9959181,olea,olea,Correct
265,olea/Ole.O.euroX400wF(4267)(0)G-37.png,9,9,0.994695,olea,olea,Correct
266,olea/Ole.O.euroX400wF(4267)(0)G-52.png,9,9,0.99437594,olea,olea,Correct
267,olea/Ole.O.euroX400wF(4267)(0)G-9.png,9,9,0.96316475,olea,olea,Correct
268,origanum/Lam.O.micX400wF(885)(0)B-10.png,10,10,0.9949604,origanum,origanum,Correct
269,origanum/Lam.O.micX400wF(886)(0)C-20.png,10,10,0.9962895,origanum,origanum,Correct
270,origanum/Lam.O.micX400wF(886)(0)C-25.png,10,10,0.9941478,origanum,origanum,Correct
271,origanum/Lam.O.micX400wF(886)(0)C-36.png,10,10,0.9948532,origanum,origanum,Correct
272,origanum/Lam.O.micX400wF(886)(0)C-63.png,10,10,0.9919349,origanum,origanum,Correct
273,origanum/Lam.O.micX400wF(887)(0)D-11.png,10,10,0.99353576,origanum,origanum,Correct
274,origanum/Lam.O.micX400wF(887)(0)D-5.png,10,10,0.9940533,origanum,origanum,Correct
275,origanum/Lam.O.micX400wF(888)(0)E-2.png,10,10,0.996503,origanum,origanum,Correct
276,origanum/Lam.O.micX400wF(889)(0)F-11.png,10,10,0.99216,origanum,origanum,Correct
277,origanum/Lam.O.micX400wF(889)(0)F-13.png,10,10,0.99432737,origanum,origanum,Correct
278,origanum/Lam.O.micX400wF(889)(0)F-20.png,10,10,0.9922736,origanum,origanum,Correct
279,origanum/Lam.O.micX400wF(889)(0)F-23.png,10,10,0.9968605,origanum,origanum,Correct
280,origanum/Lam.O.micX400wF(889)(0)F-25.png,10,10,0.9916931,origanum,origanum,Correct
281,origanum/Lam.O.micX400wF(889)(0)F-31.png,10,10,0.991833,origanum,origanum,Correct
282,origanum/Lam.O.micX400wF(889)(0)F-34.png,10,10,0.9902272,origanum,origanum,Correct
283,origanum/Lam.O.micX400wF(889)(0)F-42.png,10,10,0.9961733,origanum,origanum,Correct
284,origanum/Lam.O.micX400wF(889)(0)F-63.png,10,10,0.99176437,origanum,origanum,Correct
285,oxalis/Oxa.O.pes.cX400wF(1733)(0)A-13.png,11,11,0.99706703,oxalis,oxalis,Correct
286,oxalis/Oxa.O.pes.cX400wF(1734)(0)B-2.png,11,11,0.99120307,oxalis,oxalis,Correct
287,oxalis/Oxa.O.pes.cX400wF(1735)(0)C-5.png,11,11,0.9962966,oxalis,oxalis,Correct
288,oxalis/Oxa.O.pes.cX400wF(1738)(0)F-14.png,11,11,0.9955623,oxalis,oxalis,Correct
289,oxalis/Oxa.O.pes.cX400wF(1738)(0)F-9.png,11,11,0.7941703,oxalis,oxalis,Correct
290,oxalis/Oxa.O.pes.cX400wF(1739)(0)G-5.png,11,11,0.9952803,oxalis,oxalis,Correct
291,oxalis/Oxa.O.pes.cX400wF(1741)(0)I-1.png,11,11,0.9947221,oxalis,oxalis,Correct
292,oxalis/Oxa.O.pes.cX400wF(1741)(0)I-12.png,11,11,0.9962341,oxalis,oxalis,Correct
293,oxalis/Oxa.O.pes.cX400wF(1741)(0)I-13.png,11,11,0.9957098,oxalis,oxalis,Correct
294,oxalis/Oxa.O.pes.cX400wF(1741)(0)I-4.png,11,11,0.9949319,oxalis,oxalis,Correct
295,oxalis/Oxa.O.pes.cX400wF(1741)(0)I-7.png,11,11,0.9974171,oxalis,oxalis,Correct
296,oxalis/Oxa.O.pes.cX400wF(1743)(0)K-18.png,11,11,0.99672335,oxalis,oxalis,Correct
297,oxalis/Oxa.O.pes.cX400wF(1743)(0)K-20.png,11,11,0.99624914,oxalis,oxalis,Correct
298,oxalis/Oxa.O.pes.cX400wF(1743)(0)K-22.png,11,11,0.9958669,oxalis,oxalis,Correct
299,pinus/Pin.P.brutX400wF(3171)(0)A-3.png,12,12,0.99545586,pinus,pinus,Correct
300,pinus/Pin.P.brutX400wF(3174)(0)D-2.png,12,12,0.99542505,pinus,pinus,Correct
301,pinus/Pin.P.brutX400wF(3176)(0)F-1.png,12,12,0.9950695,pinus,pinus,Correct
302,pistacia/Ana.P.tereX400wF(3223)(0)B-1.png,13,13,0.9975889,pistacia,pistacia,Correct
303,pistacia/Ana.P.tereX400wF(3224)(0)C-11.png,13,13,0.9971607,pistacia,pistacia,Correct
304,pistacia/Ana.P.tereX400wF(3226)(0)E-2.png,13,13,0.9981001,pistacia,pistacia,Correct
305,pistacia/Ana.P.tereX400wF(3227)(0)F-3.png,13,13,0.99700624,pistacia,pistacia,Correct
306,salvia/Lam.S.triX400wF(2189)(0)B-1.png,14,14,0.69043934,salvia,salvia,Correct
307,salvia/Lam.S.triX400wF(2189)(0)B-64.png,14,14,0.9947121,salvia,salvia,Correct
308,salvia/Lam.S.triX400wF(2189)(0)B-65.png,14,14,0.99336267,salvia,salvia,Correct
309,salvia/Lam.S.triX400wF(2190)(0)C-16.png,14,14,0.99396646,salvia,salvia,Correct
310,salvia/Lam.S.triX400wF(2190)(0)C-32.png,14,14,0.994615,salvia,salvia,Correct
311,salvia/Lam.S.triX400wF(2190)(0)C-33.png,14,14,0.99462587,salvia,salvia,Correct
312,salvia/Lam.S.triX400wF(2190)(0)C-35.png,14,14,0.9945785,salvia,salvia,Correct
313,salvia/Lam.S.triX400wF(2191)(0)D-17.png,14,14,0.993694,salvia,salvia,Correct
314,salvia/Lam.S.triX400wF(2191)(0)D-20.png,14,14,0.99391264,salvia,salvia,Correct
315,salvia/Lam.S.triX400wF(2191)(0)D-26.png,14,14,0.99327046,salvia,salvia,Correct
316,salvia/Lam.S.triX400wF(2191)(0)D-27.png,14,14,0.9931572,salvia,salvia,Correct
317,salvia/Lam.S.triX400wF(2191)(0)D-28.png,14,14,0.9948881,salvia,salvia,Correct
318,salvia/Lam.S.triX400wF(2191)(0)D-31.png,14,14,0.996088,salvia,salvia,Correct
319,salvia/Lam.S.triX400wF(2191)(0)D-38.png,14,14,0.9939937,salvia,salvia,Correct
320,salvia/Lam.S.triX400wF(2193)(0)F-17.png,14,14,0.9946444,salvia,salvia,Correct
321,salvia/Lam.S.triX400wF(2193)(0)F-23.png,14,14,0.9950864,salvia,salvia,Correct
322,salvia/Lam.S.triX400wF(2193)(0)F-5.png,14,14,0.9957989,salvia,salvia,Correct
323,satureja/Lam.S.thyX400wF(943)(990)C-3.png,15,15,0.996018,satureja,satureja,Correct
324,satureja/Lam.S.thyX400wF(943)(990)C-6.png,15,15,0.9966749,satureja,satureja,Correct
325,satureja/Lam.S.thyX400wF(944)(940)E-10.png,15,15,0.99518424,satureja,satureja,Correct
326,satureja/Lam.S.thyX400wF(944)(940)E-13.png,15,15,0.99463236,satureja,satureja,Correct
327,satureja/Lam.S.thyX400wF(944)(940)E-25.png,15,15,0.99433196,satureja,satureja,Correct
328,satureja/Lam.S.thyX400wF(944)(940)E-3.png,15,15,0.996375,satureja,satureja,Correct
329,satureja/Lam.S.thyX400wF(944)(940)E-8.png,15,15,0.980355,satureja,satureja,Correct
330,sinapis/Bra.S.albX400wF(2150)(0)A-14.png,16,16,0.6075826,sinapis,sinapis,Correct
331,sinapis/Bra.S.albX400wF(2150)(0)A-2.png,16,16,0.9947944,sinapis,sinapis,Correct
332,sinapis/Bra.S.albX400wF(2150)(0)A-5.png,16,16,0.9959228,sinapis,sinapis,Correct
333,sinapis/Bra.S.albX400wF(2151)(0)B-6.png,16,16,0.99582076,sinapis,sinapis,Correct
334,sinapis/Bra.S.albX400wF(2153)(0)D-10.png,16,16,0.9947018,sinapis,sinapis,Correct
335,sinapis/Bra.S.albX400wF(2153)(0)D-12.png,16,16,0.9966313,sinapis,sinapis,Correct
336,sinapis/Bra.S.albX400wF(2153)(0)D-20.png,16,16,0.99566925,sinapis,sinapis,Correct
337,sinapis/Bra.S.albX400wF(2154)(0)E-10.png,16,16,0.99481297,sinapis,sinapis,Correct
338,sinapis/Bra.S.albX400wF(2154)(0)E-13.png,16,16,0.99558914,sinapis,sinapis,Correct
339,sinapis/Bra.S.albX400wF(2154)(0)E-14.png,16,16,0.9965919,sinapis,sinapis,Correct
340,sinapis/Bra.S.albX400wF(2155)(0)F-14.png,16,16,0.996396,sinapis,sinapis,Correct
341,sinapis/Bra.S.albX400wF(2155)(0)F-2.png,16,16,0.99383765,sinapis,sinapis,Correct
342,sinapis/Bra.S.albX400wF(2155)(0)F-23.png,16,16,0.9949824,sinapis,sinapis,Correct
343,sinapis/Bra.S.albX400wF(2155)(0)F-6.png,16,16,0.9959239,sinapis,sinapis,Correct
344,sinapis/IMG_3701-1.png,16,16,0.9936079,sinapis,sinapis,Correct
345,sinapis/IMG_3704-12.png,16,16,0.9971898,sinapis,sinapis,Correct
346,sinapis/IMG_3706-10.png,16,16,0.9964198,sinapis,sinapis,Correct
347,sinapis/IMG_3706-14.png,16,16,0.9940906,sinapis,sinapis,Correct
348,sinapis/IMG_3706-9.png,16,16,0.99587715,sinapis,sinapis,Correct
349,sinapis/IMG_3708-2.png,16,16,0.99602294,sinapis,sinapis,Correct
350,thymbra/Lam.T.capX400wF(1029)(0)A-2.png,17,17,0.9942782,thymbra,thymbra,Correct
351,thymbra/Lam.T.capX400wF(1030)(0)B-3.png,17,17,0.9959849,thymbra,thymbra,Correct
352,thymbra/Lam.T.capX400wF(1030)(0)B-6.png,17,17,0.9970667,thymbra,thymbra,Correct
353,thymbra/Lam.T.capX400wF(1031)(0)C-3.png,17,17,0.99555737,thymbra,thymbra,Correct
354,thymbra/Lam.T.capX400wF(1032)(0)D-14.png,17,17,0.9923943,thymbra,thymbra,Correct
355,thymbra/Lam.T.capX400wF(1032)(0)D-2.png,17,17,0.9978383,thymbra,thymbra,Correct
356,thymbra/Lam.T.capX400wF(1033)(0)E-3.png,17,17,0.9956864,thymbra,thymbra,Correct
357,thymbra/x40 f (2)-1.png,17,17,0.98330563,thymbra,thymbra,Correct
358,thymbra/x40 f (3)-4.png,17,17,0.99726593,thymbra,thymbra,Correct
359,thymbra/x40 f (3)-8.png,17,17,0.9973508,thymbra,thymbra,Correct
360,thymbra/x40 f (4)-10.png,17,17,0.9980149,thymbra,thymbra,Correct
361,thymbra/x40 f (6)-10.png,17,17,0.99681926,thymbra,thymbra,Correct
362,thymbra/x40 f (6)-15.png,17,17,0.99658304,thymbra,thymbra,Correct
363,thymbra/x40 f (7)-1.png,17,17,0.9961308,thymbra,thymbra,Correct
365,urginea/Asp.U.marX400wF(5317)(0)A-10.png,18,18,0.9940778,urginea,urginea,Correct
366,urginea/Asp.U.marX400wF(5317)(0)A-12.png,18,18,0.9947359,urginea,urginea,Correct
367,urginea/Asp.U.marX400wF(5317)(0)A-7.png,18,18,0.99453074,urginea,urginea,Correct
368,urginea/Asp.U.marX400wF(5319)(0)C-12.png,18,18,0.994831,urginea,urginea,Correct
369,urginea/Asp.U.marX400wF(5319)(0)C-16.png,18,18,0.99541605,urginea,urginea,Correct
370,urginea/Asp.U.marX400wF(5321)(0)E-5.png,18,18,0.99467295,urginea,urginea,Correct
371,urginea/Asp.U.marX400wF(5321)(0)E-6.png,18,18,0.9946662,urginea,urginea,Correct
372,urginea/Asp.U.marX400wF(5323)(0)G-10.png,18,18,0.99254686,urginea,urginea,Correct
373,urginea/Asp.U.marX400wF(5323)(0)G-8.png,18,18,0.994477,urginea,urginea,Correct
374,urginea/Asp.U.marX400wF(5324)(0)H-3.png,18,18,0.99406236,urginea,urginea,Correct
375,urginea/Asp.U.marX400wF(5324)(0)H-8.png,18,18,0.99404246,urginea,urginea,Correct
376,vitis/Vit.V.viniX400wF(4978)(0)A-16.png,19,19,0.99180335,vitis,vitis,Correct
377,vitis/Vit.V.viniX400wF(4978)(0)A-3.png,19,19,0.99276966,vitis,vitis,Correct
378,vitis/Vit.V.viniX400wF(4978)(0)A-8.png,19,19,0.9950551,vitis,vitis,Correct
379,vitis/Vit.V.viniX400wF(4979)(0)B-12.png,19,19,0.9737969,vitis,vitis,Correct
380,vitis/Vit.V.viniX400wF(4980)(0)C-20.png,19,19,0.99508023,vitis,vitis,Correct
381,vitis/Vit.V.viniX400wF(4981)(0)D-28.png,19,19,0.9960538,vitis,vitis,Correct
382,vitis/Vit.V.viniX400wF(4981)(0)D-29.png,19,19,0.9952565,vitis,vitis,Correct
383,vitis/Vit.V.viniX400wF(4981)(0)D-34.png,19,19,0.9969863,vitis,vitis,Correct
384,vitis/Vit.V.viniX400wF(4981)(0)D-40.png,19,19,0.99346054,vitis,vitis,Correct
385,vitis/Vit.V.viniX400wF(4982)(0)E-17.png,19,19,0.9939825,vitis,vitis,Correct
386,vitis/Vit.V.viniX400wF(4982)(0)E-2.png,19,19,0.9956131,vitis,vitis,Correct
387,vitis/Vit.V.viniX400wF(4982)(0)E-23.png,19,19,0.9971727,vitis,vitis,Correct
388,vitis/Vit.V.viniX400wF(4982)(0)E-26.png,19,19,0.9971095,vitis,vitis,Correct
389,vitis/Vit.V.viniX400wF(4982)(0)E-30.png,19,19,0.9292825,vitis,vitis,Correct
390,vitis/Vit.V.viniX400wF(4982)(0)E-39.png,19,19,0.9960129,vitis,vitis,Correct
391,vitis/Vit.V.viniX400wF(4983)(0)F-11.png,19,19,0.9956831,vitis,vitis,Correct
392,vitis/Vit.V.viniX400wF(4983)(0)F-16.png,19,19,0.99562645,vitis,vitis,Correct
393,vitis/Vit.V.viniX400wF(4983)(0)F-6.png,19,19,0.99531144,vitis,vitis,Correct
394,vitis/Vit.V.viniX400wF(4984)(0)G-13.png,19,19,0.9834751,vitis,vitis,Correct
395,vitis/Vit.V.viniX400wF(4984)(0)G-29.png,19,19,0.99063116,vitis,vitis,Correct
396,vitis/Vit.V.viniX400wF(4984)(0)G-51.png,19,19,0.90890944,vitis,vitis,Correct
397,vitis/Vit.V.viniX400wF(4984)(0)G-57.png,19,19,0.9933975,vitis,vitis,Correct
398,vitis/Vit.V.viniX400wF(4984)(0)G-58.png,19,19,0.995678,vitis,vitis,Correct
399,vitis/Vit.V.viniX400wF(4985)(0)H-17.png,19,19,0.994124,vitis,vitis,Correct
400,vitis/Vit.V.viniX400wF(4985)(0)H-24.png,19,19,0.9924534,vitis,vitis,Correct
401,vitis/Vit.V.viniX400wF(4985)(0)H-32.png,19,19,0.99607664,vitis,vitis,Correct
402,vitis/Vit.V.viniX400wF(4985)(0)H-6.png,19,19,0.9954645,vitis,vitis,Correct
0,asphodelus/Asp.A.ramX400wF(1984)(0)A-1.png,0,0,0.9928595,asphodelus,asphodelus,Correct
1,asphodelus/Asp.A.ramX400wF(1984)(0)A-4.png,0,0,0.99409616,asphodelus,asphodelus,Correct
2,asphodelus/Asp.A.ramX400wF(1990)(0)G-1.png,0,0,0.9948521,asphodelus,asphodelus,Correct
3,calicotome/Fab.C.vilX400wF(2016)(0)A-14.png,1,1,0.99691856,calicotome,calicotome,Correct
4,calicotome/Fab.C.vilX400wF(2016)(0)A-22.png,1,1,0.8199223,calicotome,calicotome,Correct
5,calicotome/Fab.C.vilX400wF(2016)(0)A-9.png,1,1,0.9787168,calicotome,calicotome,Correct
6,calicotome/Fab.C.vilX400wF(2017)(0)B-11.png,1,1,0.9968941,calicotome,calicotome,Correct
7,calicotome/Fab.C.vilX400wF(2017)(0)B-12.png,1,1,0.99728835,calicotome,calicotome,Correct
8,calicotome/Fab.C.vilX400wF(2017)(0)B-13.png,1,1,0.9974043,calicotome,calicotome,Correct
9,calicotome/Fab.C.vilX400wF(2018)(0)C-12.png,1,1,0.9969512,calicotome,calicotome,Correct
10,calicotome/Fab.C.vilX400wF(2018)(0)C-18.png,1,1,0.99777347,calicotome,calicotome,Correct
11,calicotome/Fab.C.vilX400wF(2018)(0)C-24.png,1,1,0.99535626,calicotome,calicotome,Correct
12,calicotome/Fab.C.vilX400wF(2019)(0)D-11.png,1,1,0.99710804,calicotome,calicotome,Correct
13,calicotome/Fab.C.vilX400wF(2019)(0)D-112.png,1,1,0.9964384,calicotome,calicotome,Correct
14,calicotome/Fab.C.vilX400wF(2019)(0)D-118.png,1,1,0.9965395,calicotome,calicotome,Correct
15,calicotome/Fab.C.vilX400wF(2019)(0)D-27.png,1,1,0.9974413,calicotome,calicotome,Correct
16,calicotome/Fab.C.vilX400wF(2019)(0)D-47.png,1,1,0.9967681,calicotome,calicotome,Correct
17,calicotome/Fab.C.vilX400wF(2019)(0)D-49.png,1,1,0.9967277,calicotome,calicotome,Correct
18,calicotome/Fab.C.vilX400wF(2019)(0)D-51.png,1,1,0.9967982,calicotome,calicotome,Correct
19,calicotome/Fab.C.vilX400wF(2019)(0)D-66.png,1,1,0.99648273,calicotome,calicotome,Correct
20,calicotome/Fab.C.vilX400wF(2019)(0)D-67.png,1,1,0.99697804,calicotome,calicotome,Correct
21,calicotome/Fab.C.vilX400wF(2019)(0)D-73.png,1,1,0.99700314,calicotome,calicotome,Correct
22,calicotome/Fab.C.vilX400wF(2019)(0)D-82.png,1,1,0.99698895,calicotome,calicotome,Correct
23,calicotome/Fab.C.vilX400wF(2019)(0)D-94.png,1,1,0.99659216,calicotome,calicotome,Correct
24,calicotome/Fab.C.vilX400wF(2020)(0)E-104.png,1,1,0.99650455,calicotome,calicotome,Correct
25,calicotome/Fab.C.vilX400wF(2020)(0)E-105.png,1,1,0.99661404,calicotome,calicotome,Correct
26,calicotome/Fab.C.vilX400wF(2020)(0)E-110.png,1,1,0.99579984,calicotome,calicotome,Correct
27,calicotome/Fab.C.vilX400wF(2020)(0)E-13.png,1,1,0.99695045,calicotome,calicotome,Correct
28,calicotome/Fab.C.vilX400wF(2020)(0)E-20.png,1,1,0.99698645,calicotome,calicotome,Correct
29,calicotome/Fab.C.vilX400wF(2020)(0)E-31.png,1,1,0.9966216,calicotome,calicotome,Correct
30,calicotome/Fab.C.vilX400wF(2020)(0)E-38.png,1,1,0.99604356,calicotome,calicotome,Correct
31,calicotome/Fab.C.vilX400wF(2020)(0)E-79.png,1,1,0.99670863,calicotome,calicotome,Correct
32,calicotome/Fab.C.vilX400wF(2020)(0)E-83.png,1,1,0.98588413,calicotome,calicotome,Correct
33,castanea/Fag.C.satX400wF(781)(0)A-19.png,2,2,0.9982665,castanea,castanea,Correct
34,castanea/Fag.C.satX400wF(781)(0)A-40.png,2,2,0.99875224,castanea,castanea,Correct
35,castanea/Fag.C.satX400wF(781)(0)A-5.png,2,2,0.9987172,castanea,castanea,Correct
36,castanea/Fag.C.satX400wF(782)(0)B-1.png,2,2,0.9986125,castanea,castanea,Correct
37,castanea/Fag.C.satX400wF(782)(0)B-9.png,2,2,0.99784327,castanea,castanea,Correct
38,castanea/Fag.C.satX400wF(784)(0)D-12.png,2,2,0.9993143,castanea,castanea,Correct
39,castanea/Fag.C.satX400wF(784)(0)D-2.png,2,2,0.9985927,castanea,castanea,Correct
40,castanea/Fag.C.satX400wF(784)(0)D-20.png,2,2,0.9989498,castanea,castanea,Correct
41,castanea/Fag.C.satX400wF(785)(0)E-3.png,2,2,0.99828255,castanea,castanea,Correct
42,castanea/Fag.C.satX400wF(786)(0)F-7.png,2,2,0.9987519,castanea,castanea,Correct
43,castanea/Fag.C.satX400wF(792)(781)G-16.png,2,2,0.9978612,castanea,castanea,Correct
44,castanea/Fag.C.satX400wF(792)(781)G-19.png,2,2,0.9982262,castanea,castanea,Correct
45,castanea/Fag.C.satX400wF(792)(781)G-27.png,2,2,0.998192,castanea,castanea,Correct
46,castanea/Fag.C.satX400wF(792)(781)G-46.png,2,2,0.9980787,castanea,castanea,Correct
47,castanea/Fag.C.satX400wF(792)(781)G-50.png,2,2,0.9982547,castanea,castanea,Correct
48,castanea/Fag.C.satX400wF(793)(781)H-21.png,2,2,0.99718237,castanea,castanea,Correct
49,castanea/Fag.C.satX400wF(793)(781)H-25.png,2,2,0.998343,castanea,castanea,Correct
50,castanea/Fag.C.satX400wF(793)(781)H-30.png,2,2,0.99779487,castanea,castanea,Correct
51,castanea/Fag.C.satX400wF(793)(781)H-39.png,2,2,0.99836904,castanea,castanea,Correct
52,castanea/Fag.C.satX400wF(793)(781)H-42.png,2,2,0.997863,castanea,castanea,Correct
53,castanea/Fag.C.satX400wF(793)(781)H-49.png,2,2,0.998533,castanea,castanea,Correct
54,castanea/Fag.C.satX400wF(793)(781)H-8.png,2,2,0.99805593,castanea,castanea,Correct
55,ceratonia/Fab.C.silX400wF(475)(0)A-13.png,3,3,0.99709094,ceratonia,ceratonia,Correct
56,ceratonia/Fab.C.silX400wF(476)(0)B-2.png,3,3,0.991646,ceratonia,ceratonia,Correct
57,ceratonia/Fab.C.silX400wF(480)(0)F-10.png,3,3,0.99720013,ceratonia,ceratonia,Correct
58,ceratonia/Fab.C.silX400wF(480)(0)F-11.png,3,3,0.9980192,ceratonia,ceratonia,Correct
59,ceratonia/Fab.C.silX400wF(480)(0)F-12.png,3,3,0.99742776,ceratonia,ceratonia,Correct
60,ceratonia/Fab.C.silX400wF(481)(0)G-10.png,3,3,0.99666995,ceratonia,ceratonia,Correct
61,ceratonia/Fab.C.silX400wF(481)(0)G-15.png,3,3,0.99723524,ceratonia,ceratonia,Correct
62,ceratonia/Fab.C.silX400wF(481)(0)G-18.png,3,3,0.9945444,ceratonia,ceratonia,Correct
63,ceratonia/Fab.C.silX400wF(481)(0)G-5.png,3,3,0.99281,ceratonia,ceratonia,Correct
64,ceratonia/Fab.C.silX400wF(481)(0)G-8.png,3,3,0.9950289,ceratonia,ceratonia,Correct
65,ebenus/Fab.E.creX400wF(695)(0)C-1.png,4,4,0.99396837,ebenus,ebenus,Correct
66,ebenus/Fab.E.creX400wF(698)(0)F-4.png,4,4,0.995122,ebenus,ebenus,Correct
67,erica/Eri.E.maniX400wF(5355)(0)A-12.png,5,5,0.99722856,erica,erica,Correct
68,erica/Eri.E.maniX400wF(5355)(0)A-14.png,5,5,0.97868437,erica,erica,Correct
69,erica/Eri.E.maniX400wF(5355)(0)A-9.png,5,5,0.99678755,erica,erica,Correct
70,erica/Eri.E.maniX400wF(5356)(0)B-5.png,5,5,0.9976665,erica,erica,Correct
71,erica/Eri.E.maniX400wF(5357)(0)C-15.png,5,5,0.99755126,erica,erica,Correct
72,erica/Eri.E.maniX400wF(5357)(0)C-18.png,5,5,0.9956993,erica,erica,Correct
73,erica/Eri.E.maniX400wF(5357)(0)C-24.png,5,5,0.997324,erica,erica,Correct
74,erica/Eri.E.maniX400wF(5357)(0)C-7.png,5,5,0.99623436,erica,erica,Correct
75,erica/Eri.E.maniX400wF(5358)(0)D-10.png,5,5,0.99494535,erica,erica,Correct
76,erica/Eri.E.maniX400wF(5359)(0)E-13.png,5,5,0.99650145,erica,erica,Correct
77,erica/Eri.E.maniX400wF(5359)(0)E-17.png,5,5,0.99694794,erica,erica,Correct
78,erica/Eri.E.maniX400wF(5359)(0)E-21.png,5,5,0.9968796,erica,erica,Correct
79,erica/Eri.E.maniX400wF(5360)(0)F-23.png,5,5,0.9774041,erica,erica,Correct
80,erica/Eri.E.maniX400wF(5360)(0)F-25.png,5,5,0.9965712,erica,erica,Correct
81,erica/Eri.E.maniX400wF(5361)(0)G-15.png,5,5,0.9953489,erica,erica,Correct
82,erica/Eri.E.maniX400wF(5362)(0)H-18.png,5,5,0.99571925,erica,erica,Correct
83,erica/Eri.E.maniX400wF(5363)(0)I-16.png,5,5,0.99574935,erica,erica,Correct
84,erica/Eri.E.maniX400wF(5363)(0)I-2.png,5,5,0.9929155,erica,erica,Correct
85,eucalyptus/Myr.E.camaX400wF(1867)(0)B-3.png,6,6,0.99747866,eucalyptus,eucalyptus,Correct
86,eucalyptus/Myr.E.camaX400wF(1868)(0)C-8.png,6,6,0.98782873,eucalyptus,eucalyptus,Correct
87,eucalyptus/Myr.E.camaX400wF(1869)(0)D-10.png,6,6,0.98064685,eucalyptus,eucalyptus,Correct
88,eucalyptus/Myr.E.camaX400wF(1869)(0)D-4.png,6,6,0.9941282,eucalyptus,eucalyptus,Correct
89,eucalyptus/Myr.E.camaX400wF(1869)(0)D-5.png,6,6,0.9361567,eucalyptus,eucalyptus,Correct
90,eucalyptus/Myr.E.camaX400wF(1870)(0)E-1.png,6,6,0.9940394,eucalyptus,eucalyptus,Correct
91,eucalyptus/Myr.E.camaX400wF(1870)(0)E-4.png,6,6,0.99581087,eucalyptus,eucalyptus,Correct
92,eucalyptus/Myr.E.camaX400wF(1872)(0)G-3.png,6,6,0.98881835,eucalyptus,eucalyptus,Correct
93,eucalyptus/Myr.E.camaX400wF(2962)(0)H-12.png,6,6,0.9973711,eucalyptus,eucalyptus,Correct
94,eucalyptus/Myr.E.camaX400wF(2962)(0)H-19.png,6,6,0.9967424,eucalyptus,eucalyptus,Correct
95,eucalyptus/Myr.E.camaX400wF(2962)(0)H-21.png,6,6,0.99533266,eucalyptus,eucalyptus,Correct
96,eucalyptus/Myr.E.camaX400wF(2963)(0)I-10.png,6,6,0.9964562,eucalyptus,eucalyptus,Correct
97,eucalyptus/Myr.E.camaX400wF(2963)(0)I-4.png,6,6,0.9968285,eucalyptus,eucalyptus,Correct
99,eucalyptus/Myr.E.camaX400wF(2964)(0)J-16.png,6,6,0.99536633,eucalyptus,eucalyptus,Correct
100,eucalyptus/Myr.E.camaX400wF(2966)(0)L-1.png,6,6,0.9963458,eucalyptus,eucalyptus,Correct
101,eucalyptus/Myr.E.camaX400wF(2966)(0)L-9.png,6,6,0.99342763,eucalyptus,eucalyptus,Correct
102,ferula/Api.F.comX400wF(2137)(0)C-4.png,7,7,0.9944507,ferula,ferula,Correct
103,ferula/Api.F.comX400wF(2137)(0)C-8.png,7,7,0.99502844,ferula,ferula,Correct
104,ferula/Api.F.comX400wF(2138)(0)D-1.png,7,7,0.99415106,ferula,ferula,Correct
105,ferula/Api.F.comX400wF(2138)(0)D-11.png,7,7,0.9937312,ferula,ferula,Correct
106,ferula/Api.F.comX400wF(2138)(0)D-21.png,7,7,0.99435127,ferula,ferula,Correct
107,ferula/Api.F.comX400wF(2139)(0)E-1.png,7,7,0.9954099,ferula,ferula,Correct
108,ferula/Api.F.comX400wF(2139)(0)E-18.png,7,7,0.99315506,ferula,ferula,Correct
109,ferula/Api.F.comX400wF(2139)(0)E-27.png,7,7,0.9931545,ferula,ferula,Correct
110,ferula/Api.F.comX400wF(2139)(0)E-6.png,7,7,0.9964708,ferula,ferula,Correct
111,myrtus/IMG_3734-10.png,8,8,0.9977791,myrtus,myrtus,Correct
112,myrtus/IMG_3734-110.png,8,8,0.9977915,myrtus,myrtus,Correct
113,myrtus/IMG_3734-118.png,8,8,0.99758315,myrtus,myrtus,Correct
114,myrtus/IMG_3734-119.png,8,8,0.99720013,myrtus,myrtus,Correct
115,myrtus/IMG_3734-123.png,8,8,0.997251,myrtus,myrtus,Correct
116,myrtus/IMG_3734-127.png,8,8,0.9979063,myrtus,myrtus,Correct
117,myrtus/IMG_3734-133.png,8,8,0.9981463,myrtus,myrtus,Correct
118,myrtus/IMG_3734-43.png,8,8,0.99775237,myrtus,myrtus,Correct
119,myrtus/IMG_3734-46.png,8,8,0.99721956,myrtus,myrtus,Correct
120,myrtus/IMG_3734-52.png,8,8,0.99725205,myrtus,myrtus,Correct
121,myrtus/IMG_3734-58.png,8,8,0.9981591,myrtus,myrtus,Correct
122,myrtus/IMG_3734-6.png,8,8,0.9967871,myrtus,myrtus,Correct
123,myrtus/IMG_3734-73.png,8,8,0.9978047,myrtus,myrtus,Correct
124,myrtus/IMG_3734-75.png,8,8,0.9972103,myrtus,myrtus,Correct
125,myrtus/IMG_3735-24.png,8,8,0.99729663,myrtus,myrtus,Correct
126,myrtus/IMG_3735-42.png,8,8,0.9975606,myrtus,myrtus,Correct
127,myrtus/IMG_3735-5.png,8,8,0.9977088,myrtus,myrtus,Correct
128,myrtus/IMG_3735-8.png,8,8,0.9975667,myrtus,myrtus,Correct
129,myrtus/IMG_3736-14.png,8,8,0.9978278,myrtus,myrtus,Correct
130,myrtus/IMG_3736-20.png,8,8,0.99778783,myrtus,myrtus,Correct
131,myrtus/IMG_3736-21.png,8,8,0.9979091,myrtus,myrtus,Correct
132,myrtus/IMG_3736-23.png,8,8,0.996872,myrtus,myrtus,Correct
133,myrtus/IMG_3736-27.png,8,8,0.99772054,myrtus,myrtus,Correct
134,myrtus/IMG_3736-46.png,8,8,0.9976554,myrtus,myrtus,Correct
135,myrtus/IMG_3736-54.png,8,8,0.9973425,myrtus,myrtus,Correct
136,myrtus/IMG_3736-58.png,8,8,0.99689925,myrtus,myrtus,Correct
137,myrtus/IMG_3736-81.png,8,8,0.9974884,myrtus,myrtus,Correct
138,myrtus/IMG_3736-83.png,8,8,0.997279,myrtus,myrtus,Correct
139,myrtus/IMG_3737-28.png,8,8,0.9979619,myrtus,myrtus,Correct
140,myrtus/IMG_3737-37.png,8,8,0.9976488,myrtus,myrtus,Correct
141,myrtus/IMG_3737-38.png,8,8,0.9978017,myrtus,myrtus,Correct
142,myrtus/IMG_3737-42.png,8,8,0.99722195,myrtus,myrtus,Correct
143,myrtus/IMG_3737-48.png,8,8,0.99731296,myrtus,myrtus,Correct
144,myrtus/IMG_3737-5.png,8,8,0.99813396,myrtus,myrtus,Correct
145,myrtus/IMG_3737-60.png,8,8,0.9971199,myrtus,myrtus,Correct
146,myrtus/IMG_3737-62.png,8,8,0.9974298,myrtus,myrtus,Correct
147,myrtus/IMG_3737-64.png,8,8,0.9972863,myrtus,myrtus,Correct
148,myrtus/IMG_3737-65.png,8,8,0.9973212,myrtus,myrtus,Correct
149,myrtus/IMG_3737-67.png,8,8,0.9976948,myrtus,myrtus,Correct
150,myrtus/IMG_3737-70.png,8,8,0.9976948,myrtus,myrtus,Correct
151,myrtus/IMG_3738-105.png,8,8,0.99719363,myrtus,myrtus,Correct
152,myrtus/IMG_3738-108.png,8,8,0.99766624,myrtus,myrtus,Correct
153,myrtus/IMG_3738-114.png,8,8,0.99799323,myrtus,myrtus,Correct
154,myrtus/IMG_3738-117.png,8,8,0.99783283,myrtus,myrtus,Correct
155,myrtus/IMG_3738-15.png,8,8,0.9977858,myrtus,myrtus,Correct
156,myrtus/IMG_3738-2.png,8,8,0.9981962,myrtus,myrtus,Correct
157,myrtus/IMG_3738-22.png,8,8,0.9980514,myrtus,myrtus,Correct
158,myrtus/IMG_3738-41.png,8,8,0.99752253,myrtus,myrtus,Correct
159,myrtus/IMG_3738-49.png,8,8,0.99743503,myrtus,myrtus,Correct
160,myrtus/IMG_3738-72.png,8,8,0.9978878,myrtus,myrtus,Correct
161,myrtus/IMG_3741-2.png,8,8,0.9967211,myrtus,myrtus,Correct
162,myrtus/IMG_3741-25.png,8,8,0.9977089,myrtus,myrtus,Correct
163,myrtus/IMG_3741-26.png,8,8,0.9966394,myrtus,myrtus,Correct
164,myrtus/IMG_3741-27.png,8,8,0.99702626,myrtus,myrtus,Correct
165,myrtus/IMG_3741-31.png,8,8,0.997889,myrtus,myrtus,Correct
166,myrtus/IMG_3741-45.png,8,8,0.9893259,myrtus,myrtus,Correct
167,myrtus/IMG_3741-55.png,8,8,0.99758375,myrtus,myrtus,Correct
168,myrtus/IMG_3741-59.png,8,8,0.99731547,myrtus,myrtus,Correct
169,myrtus/IMG_3741-66.png,8,8,0.9980064,myrtus,myrtus,Correct
170,myrtus/IMG_3742-21.png,8,8,0.9971119,myrtus,myrtus,Correct
171,myrtus/IMG_3742-45.png,8,8,0.997031,myrtus,myrtus,Correct
172,myrtus/IMG_3742-5.png,8,8,0.9978259,myrtus,myrtus,Correct
173,myrtus/IMG_3742-7.png,8,8,0.9974648,myrtus,myrtus,Correct
174,myrtus/IMG_3743-22.png,8,8,0.99781454,myrtus,myrtus,Correct
175,myrtus/IMG_3743-27.png,8,8,0.9976362,myrtus,myrtus,Correct
176,myrtus/IMG_3743-30.png,8,8,0.99747294,myrtus,myrtus,Correct
177,myrtus/IMG_3743-32.png,8,8,0.9975108,myrtus,myrtus,Correct
178,myrtus/IMG_3743-34.png,8,8,0.9981824,myrtus,myrtus,Correct
179,myrtus/IMG_3744-57.png,8,8,0.997666,myrtus,myrtus,Correct
180,myrtus/Myr.M.comX400wF(1095)(1091)A-39.png,8,8,0.9966462,myrtus,myrtus,Correct
181,myrtus/Myr.M.comX400wF(1095)(1091)A-49.png,8,8,0.9976362,myrtus,myrtus,Correct
182,myrtus/Myr.M.comX400wF(1095)(1091)A-55.png,8,8,0.99712026,myrtus,myrtus,Correct
183,myrtus/Myr.M.comX400wF(1097)(1090)C-19.png,8,8,0.99794084,myrtus,myrtus,Correct
184,myrtus/Myr.M.comX400wF(1097)(1090)C-37.png,8,8,0.9978103,myrtus,myrtus,Correct
185,myrtus/Myr.M.comX400wF(1097)(1090)C-4.png,8,8,0.996576,myrtus,myrtus,Correct
186,myrtus/Myr.M.comX400wF(1097)(1090)C-7.png,8,8,0.99773324,myrtus,myrtus,Correct
187,myrtus/Myr.M.comX400wF(1097)(1090)C-78.png,8,8,0.9974911,myrtus,myrtus,Correct
188,myrtus/Myr.M.comX400wF(1097)(1090)C-8.png,8,8,0.99733895,myrtus,myrtus,Correct
190,olea/Ole.O.euroX400wF(4261)(0)A-44.png,9,9,0.99623483,olea,olea,Correct
191,olea/Ole.O.euroX400wF(4261)(0)A-47.png,9,9,0.997577,olea,olea,Correct
192,olea/Ole.O.euroX400wF(4262)(0)B-23.png,9,9,0.9969494,olea,olea,Correct
193,olea/Ole.O.euroX400wF(4262)(0)B-31.png,9,9,0.9979665,olea,olea,Correct
194,olea/Ole.O.euroX400wF(4263)(0)C-102.png,9,9,0.99730325,olea,olea,Correct
195,olea/Ole.O.euroX400wF(4263)(0)C-104.png,9,9,0.9955183,olea,olea,Correct
196,olea/Ole.O.euroX400wF(4263)(0)C-107.png,9,9,0.97880846,olea,olea,Correct
197,olea/Ole.O.euroX400wF(4263)(0)C-123.png,9,9,0.99744,olea,olea,Correct
198,olea/Ole.O.euroX400wF(4263)(0)C-126.png,9,9,0.9968694,olea,olea,Correct
199,olea/Ole.O.euroX400wF(4263)(0)C-128.png,9,9,0.997431,olea,olea,Correct
200,olea/Ole.O.euroX400wF(4263)(0)C-132.png,9,9,0.9962948,olea,olea,Correct
201,olea/Ole.O.euroX400wF(4263)(0)C-135.png,9,9,0.99796295,olea,olea,Correct
202,olea/Ole.O.euroX400wF(4263)(0)C-142.png,9,9,0.9942456,olea,olea,Correct
203,olea/Ole.O.euroX400wF(4263)(0)C-143.png,9,9,0.998108,olea,olea,Correct
204,olea/Ole.O.euroX400wF(4263)(0)C-147.png,9,9,0.79765445,olea,olea,Correct
205,olea/Ole.O.euroX400wF(4263)(0)C-165.png,9,9,0.9981688,olea,olea,Correct
206,olea/Ole.O.euroX400wF(4263)(0)C-172.png,9,9,0.99624395,olea,olea,Correct
207,olea/Ole.O.euroX400wF(4263)(0)C-178.png,9,9,0.99731135,olea,olea,Correct
208,olea/Ole.O.euroX400wF(4263)(0)C-196.png,9,9,0.99818414,olea,olea,Correct
209,olea/Ole.O.euroX400wF(4263)(0)C-2.png,9,9,0.9969862,olea,olea,Correct
210,olea/Ole.O.euroX400wF(4263)(0)C-29.png,9,9,0.997633,olea,olea,Correct
211,olea/Ole.O.euroX400wF(4263)(0)C-47.png,9,9,0.99783474,olea,olea,Correct
212,olea/Ole.O.euroX400wF(4263)(0)C-70.png,9,9,0.9976307,olea,olea,Correct
213,olea/Ole.O.euroX400wF(4263)(0)C-8.png,9,9,0.99773103,olea,olea,Correct
214,olea/Ole.O.euroX400wF(4263)(0)C-86.png,9,9,0.99777454,olea,olea,Correct
215,olea/Ole.O.euroX400wF(4264)(0)D-118.png,9,9,0.9972874,olea,olea,Correct
216,olea/Ole.O.euroX400wF(4264)(0)D-131.png,9,9,0.99786085,olea,olea,Correct
217,olea/Ole.O.euroX400wF(4264)(0)D-136.png,9,9,0.9979265,olea,olea,Correct
218,olea/Ole.O.euroX400wF(4264)(0)D-137.png,9,9,0.996363,olea,olea,Correct
219,olea/Ole.O.euroX400wF(4264)(0)D-159.png,9,9,0.9971414,olea,olea,Correct
220,olea/Ole.O.euroX400wF(4264)(0)D-16.png,9,9,0.9967991,olea,olea,Correct
221,olea/Ole.O.euroX400wF(4264)(0)D-19.png,9,9,0.9941697,olea,olea,Correct
222,olea/Ole.O.euroX400wF(4264)(0)D-24.png,9,9,0.9976726,olea,olea,Correct
223,olea/Ole.O.euroX400wF(4264)(0)D-36.png,9,9,0.99744,olea,olea,Correct
224,olea/Ole.O.euroX400wF(4264)(0)D-44.png,9,9,0.99781394,olea,olea,Correct
225,olea/Ole.O.euroX400wF(4264)(0)D-6.png,9,9,0.9972216,olea,olea,Correct
226,olea/Ole.O.euroX400wF(4264)(0)D-62.png,9,9,0.9981108,olea,olea,Correct
227,olea/Ole.O.euroX400wF(4264)(0)D-85.png,9,9,0.99766517,olea,olea,Correct
228,olea/Ole.O.euroX400wF(4264)(0)D-96.png,9,9,0.99799037,olea,olea,Correct
229,olea/Ole.O.euroX400wF(4265)(0)E-111.png,9,9,0.997523,olea,olea,Correct
230,olea/Ole.O.euroX400wF(4265)(0)E-125.png,9,9,0.99775153,olea,olea,Correct
231,olea/Ole.O.euroX400wF(4265)(0)E-144.png,9,9,0.996888,olea,olea,Correct
232,olea/Ole.O.euroX400wF(4265)(0)E-161.png,9,9,0.9969035,olea,olea,Correct
233,olea/Ole.O.euroX400wF(4265)(0)E-172.png,9,9,0.99732095,olea,olea,Correct
234,olea/Ole.O.euroX400wF(4265)(0)E-173.png,9,9,0.99743325,olea,olea,Correct
235,olea/Ole.O.euroX400wF(4265)(0)E-175.png,9,9,0.9974578,olea,olea,Correct
236,olea/Ole.O.euroX400wF(4265)(0)E-191.png,9,9,0.99728143,olea,olea,Correct
237,olea/Ole.O.euroX400wF(4265)(0)E-198.png,9,9,0.997556,olea,olea,Correct
238,olea/Ole.O.euroX400wF(4265)(0)E-20.png,9,9,0.997832,olea,olea,Correct
239,olea/Ole.O.euroX400wF(4265)(0)E-210.png,9,9,0.9966176,olea,olea,Correct
240,olea/Ole.O.euroX400wF(4265)(0)E-29.png,9,9,0.99564606,olea,olea,Correct
241,olea/Ole.O.euroX400wF(4265)(0)E-35.png,9,9,0.9973116,olea,olea,Correct
242,olea/Ole.O.euroX400wF(4265)(0)E-48.png,9,9,0.9968568,olea,olea,Correct
243,olea/Ole.O.euroX400wF(4265)(0)E-61.png,9,9,0.995574,olea,olea,Correct
244,olea/Ole.O.euroX400wF(4265)(0)E-70.png,9,9,0.9979437,olea,olea,Correct
245,olea/Ole.O.euroX400wF(4265)(0)E-73.png,9,9,0.9937603,olea,olea,Correct
246,olea/Ole.O.euroX400wF(4265)(0)E-83.png,9,9,0.99666566,olea,olea,Correct
247,olea/Ole.O.euroX400wF(4265)(0)E-91.png,9,9,0.9974577,olea,olea,Correct
248,olea/Ole.O.euroX400wF(4265)(0)E-96.png,9,9,0.997825,olea,olea,Correct
249,olea/Ole.O.euroX400wF(4266)(0)F-105.png,9,9,0.9972555,olea,olea,Correct
250,olea/Ole.O.euroX400wF(4266)(0)F-121.png,9,9,0.9891046,olea,olea,Correct
251,olea/Ole.O.euroX400wF(4266)(0)F-133.png,9,9,0.9977182,olea,olea,Correct
252,olea/Ole.O.euroX400wF(4266)(0)F-147.png,9,9,0.9979819,olea,olea,Correct
253,olea/Ole.O.euroX400wF(4266)(0)F-16.png,9,9,0.9975013,olea,olea,Correct
254,olea/Ole.O.euroX400wF(4266)(0)F-3.png,9,9,0.99714774,olea,olea,Correct
255,olea/Ole.O.euroX400wF(4266)(0)F-30.png,9,9,0.9972687,olea,olea,Correct
256,olea/Ole.O.euroX400wF(4266)(0)F-39.png,9,9,0.995288,olea,olea,Correct
257,olea/Ole.O.euroX400wF(4266)(0)F-42.png,9,9,0.9973109,olea,olea,Correct
258,olea/Ole.O.euroX400wF(4266)(0)F-61.png,9,9,0.9949207,olea,olea,Correct
259,olea/Ole.O.euroX400wF(4266)(0)F-67.png,9,9,0.997891,olea,olea,Correct
260,olea/Ole.O.euroX400wF(4266)(0)F-73.png,9,9,0.99728656,olea,olea,Correct
261,olea/Ole.O.euroX400wF(4266)(0)F-81.png,9,9,0.9978194,olea,olea,Correct
262,olea/Ole.O.euroX400wF(4266)(0)F-82.png,9,9,0.9976457,olea,olea,Correct
263,olea/Ole.O.euroX400wF(4267)(0)G-21.png,9,9,0.9982002,olea,olea,Correct
264,olea/Ole.O.euroX400wF(4267)(0)G-29.png,9,9,0.9981511,olea,olea,Correct
265,olea/Ole.O.euroX400wF(4267)(0)G-33.png,9,9,0.99735296,olea,olea,Correct
266,olea/Ole.O.euroX400wF(4267)(0)G-42.png,9,9,0.99784315,olea,olea,Correct
267,olea/Ole.O.euroX400wF(4267)(0)G-6.png,9,9,0.99693406,olea,olea,Correct
268,origanum/Lam.O.micX400wF(884)(0)A-15.png,10,10,0.9934496,origanum,origanum,Correct
269,origanum/Lam.O.micX400wF(884)(0)A-7.png,10,10,0.99650687,origanum,origanum,Correct
271,origanum/Lam.O.micX400wF(885)(0)B-13.png,10,10,0.99567777,origanum,origanum,Correct
272,origanum/Lam.O.micX400wF(886)(0)C-13.png,10,10,0.99658954,origanum,origanum,Correct
273,origanum/Lam.O.micX400wF(886)(0)C-30.png,10,10,0.9960407,origanum,origanum,Correct
274,origanum/Lam.O.micX400wF(886)(0)C-35.png,10,10,0.9960989,origanum,origanum,Correct
275,origanum/Lam.O.micX400wF(886)(0)C-41.png,10,10,0.99701107,origanum,origanum,Correct
276,origanum/Lam.O.micX400wF(886)(0)C-45.png,10,10,0.99732447,origanum,origanum,Correct
277,origanum/Lam.O.micX400wF(886)(0)C-48.png,10,10,0.9952844,origanum,origanum,Correct
278,origanum/Lam.O.micX400wF(886)(0)C-55.png,10,10,0.9900559,origanum,origanum,Correct
279,origanum/Lam.O.micX400wF(886)(0)C-7.png,10,10,0.99566686,origanum,origanum,Correct
280,origanum/Lam.O.micX400wF(887)(0)D-9.png,10,10,0.9958121,origanum,origanum,Correct
281,origanum/Lam.O.micX400wF(888)(0)E-6.png,10,10,0.9966363,origanum,origanum,Correct
282,origanum/Lam.O.micX400wF(888)(0)E-7.png,10,10,0.9818746,origanum,origanum,Correct
283,origanum/Lam.O.micX400wF(889)(0)F-2.png,10,10,0.99261475,origanum,origanum,Correct
284,origanum/Lam.O.micX400wF(889)(0)F-33.png,10,10,0.9945433,origanum,origanum,Correct
285,oxalis/Oxa.O.pes.cX400wF(1734)(0)B-4.png,11,11,0.989656,oxalis,oxalis,Correct
286,oxalis/Oxa.O.pes.cX400wF(1734)(0)B-5.png,11,11,0.9957267,oxalis,oxalis,Correct
287,oxalis/Oxa.O.pes.cX400wF(1734)(0)B-7.png,11,11,0.9961157,oxalis,oxalis,Correct
288,oxalis/Oxa.O.pes.cX400wF(1734)(0)B-8.png,11,11,0.9957157,oxalis,oxalis,Correct
289,oxalis/Oxa.O.pes.cX400wF(1735)(0)C-11.png,11,11,0.99561346,oxalis,oxalis,Correct
290,oxalis/Oxa.O.pes.cX400wF(1736)(0)D-1.png,11,11,0.9933971,oxalis,oxalis,Correct
291,oxalis/Oxa.O.pes.cX400wF(1736)(0)D-6.png,11,11,0.9958221,oxalis,oxalis,Correct
292,oxalis/Oxa.O.pes.cX400wF(1736)(0)D-8.png,11,11,0.9961249,oxalis,oxalis,Correct
293,oxalis/Oxa.O.pes.cX400wF(1737)(1736)E-6.png,11,11,0.9950983,oxalis,oxalis,Correct
294,oxalis/Oxa.O.pes.cX400wF(1737)(1736)E-8.png,11,11,0.995484,oxalis,oxalis,Correct
295,oxalis/Oxa.O.pes.cX400wF(1739)(0)G-7.png,11,11,0.9940546,oxalis,oxalis,Correct
296,oxalis/Oxa.O.pes.cX400wF(1740)(0)H-3.png,11,11,0.9963343,oxalis,oxalis,Correct
297,oxalis/Oxa.O.pes.cX400wF(1741)(0)I-6.png,11,11,0.99577254,oxalis,oxalis,Correct
298,oxalis/Oxa.O.pes.cX400wF(1743)(0)K-12.png,11,11,0.99581015,oxalis,oxalis,Correct
299,pinus/Pin.P.brutX400wF(3173)(0)C-3.png,12,12,0.9982857,pinus,pinus,Correct
300,pinus/Pin.P.brutX400wF(3175)(0)E-1.png,12,12,0.99843115,pinus,pinus,Correct
301,pinus/Pin.P.brutX400wF(3177)(0)G-1.png,12,12,0.99805474,pinus,pinus,Correct
302,pistacia/Ana.P.tereX400wF(3226)(0)E-9.png,13,13,0.9910411,pistacia,pistacia,Correct
303,pistacia/Ana.P.tereX400wF(3227)(0)F-2.png,13,13,0.99699926,pistacia,pistacia,Correct
304,pistacia/Ana.P.tereX400wF(3227)(0)F-4.png,13,13,0.99639505,pistacia,pistacia,Correct
305,salvia/Lam.S.triX400wF(2189)(0)B-14.png,14,14,0.9974584,salvia,salvia,Correct
306,salvia/Lam.S.triX400wF(2189)(0)B-16.png,14,14,0.9962722,salvia,salvia,Correct
307,salvia/Lam.S.triX400wF(2189)(0)B-21.png,14,14,0.9955852,salvia,salvia,Correct
308,salvia/Lam.S.triX400wF(2189)(0)B-24.png,14,14,0.9970613,salvia,salvia,Correct
309,salvia/Lam.S.triX400wF(2189)(0)B-30.png,14,14,0.99642193,salvia,salvia,Correct
310,salvia/Lam.S.triX400wF(2189)(0)B-57.png,14,14,0.99648786,salvia,salvia,Correct
311,salvia/Lam.S.triX400wF(2190)(0)C-38.png,14,14,0.9968406,salvia,salvia,Correct
312,salvia/Lam.S.triX400wF(2191)(0)D-13.png,14,14,0.9969344,salvia,salvia,Correct
313,salvia/Lam.S.triX400wF(2191)(0)D-42.png,14,14,0.9965957,salvia,salvia,Correct
314,salvia/Lam.S.triX400wF(2191)(0)D-43.png,14,14,0.9968721,salvia,salvia,Correct
315,salvia/Lam.S.triX400wF(2191)(0)D-5.png,14,14,0.99657804,salvia,salvia,Correct
316,salvia/Lam.S.triX400wF(2192)(0)E-5.png,14,14,0.9972047,salvia,salvia,Correct
317,salvia/Lam.S.triX400wF(2193)(0)F-1.png,14,14,0.99543864,salvia,salvia,Correct
318,salvia/Lam.S.triX400wF(2193)(0)F-12.png,14,14,0.99664754,salvia,salvia,Correct
319,salvia/Lam.S.triX400wF(2193)(0)F-14.png,14,14,0.99738604,salvia,salvia,Correct
320,salvia/Lam.S.triX400wF(2193)(0)F-16.png,14,14,0.99406296,salvia,salvia,Correct
321,salvia/Lam.S.triX400wF(2193)(0)F-7.png,14,14,0.9970891,salvia,salvia,Correct
322,salvia/Lam.S.triX400wF(2193)(0)F-9.png,14,14,0.995691,salvia,salvia,Correct
323,satureja/Lam.S.thyX400wF(941)(937)A-7.png,15,15,0.9933995,satureja,satureja,Correct
324,satureja/Lam.S.thyX400wF(941)(937)A-8.png,15,15,0.994093,satureja,satureja,Correct
325,satureja/Lam.S.thyX400wF(942)(935)B-9.png,15,15,0.99770904,satureja,satureja,Correct
326,satureja/Lam.S.thyX400wF(943)(990)C-10.png,15,15,0.9977023,satureja,satureja,Correct
327,satureja/Lam.S.thyX400wF(944)(940)E-5.png,15,15,0.99370193,satureja,satureja,Correct
328,satureja/Lam.S.thyX400wF(947)(0)H-1.png,15,15,0.9940988,satureja,satureja,Correct
329,satureja/Lam.S.thyX400wF(947)(0)H-6.png,15,15,0.62673306,satureja,satureja,Correct
330,sinapis/Bra.S.albX400wF(2150)(0)A-12.png,16,16,0.99732506,sinapis,sinapis,Correct
331,sinapis/Bra.S.albX400wF(2150)(0)A-13.png,16,16,0.9962847,sinapis,sinapis,Correct
332,sinapis/Bra.S.albX400wF(2150)(0)A-15.png,16,16,0.9964186,sinapis,sinapis,Correct
333,sinapis/Bra.S.albX400wF(2151)(0)B-13.png,16,16,0.9974376,sinapis,sinapis,Correct
334,sinapis/Bra.S.albX400wF(2151)(0)B-15.png,16,16,0.9977552,sinapis,sinapis,Correct
335,sinapis/Bra.S.albX400wF(2152)(0)C-10.png,16,16,0.99634016,sinapis,sinapis,Correct
337,sinapis/Bra.S.albX400wF(2152)(0)C-20.png,16,16,0.749622,sinapis,sinapis,Correct
338,sinapis/Bra.S.albX400wF(2152)(0)C-21.png,16,16,0.99427104,sinapis,sinapis,Correct
340,sinapis/Bra.S.albX400wF(2152)(0)C-26.png,16,16,0.9970843,sinapis,sinapis,Correct
341,sinapis/Bra.S.albX400wF(2152)(0)C-29.png,16,16,0.764041,sinapis,sinapis,Correct
342,sinapis/Bra.S.albX400wF(2153)(0)D-16.png,16,16,0.9962973,sinapis,sinapis,Correct
343,sinapis/Bra.S.albX400wF(2153)(0)D-21.png,16,16,0.9948972,sinapis,sinapis,Correct
344,sinapis/Bra.S.albX400wF(2153)(0)D-4.png,16,16,0.99710125,sinapis,sinapis,Correct
345,sinapis/Bra.S.albX400wF(2155)(0)F-17.png,16,16,0.9964922,sinapis,sinapis,Correct
346,sinapis/Bra.S.albX400wF(2155)(0)F-3.png,16,16,0.99707437,sinapis,sinapis,Correct
347,sinapis/IMG_3704-15.png,16,16,0.99716777,sinapis,sinapis,Correct
348,sinapis/IMG_3704-19.png,16,16,0.9863458,sinapis,sinapis,Correct
349,sinapis/IMG_3708-10.png,16,16,0.99571496,sinapis,sinapis,Correct
350,thymbra/Lam.T.capX400wF(1029)(0)A-24.png,17,17,0.9903655,thymbra,thymbra,Correct
351,thymbra/Lam.T.capX400wF(1029)(0)A-7.png,17,17,0.99692374,thymbra,thymbra,Correct
352,thymbra/Lam.T.capX400wF(1031)(0)C-5.png,17,17,0.99509406,thymbra,thymbra,Correct
353,thymbra/Lam.T.capX400wF(1031)(0)C-7.png,17,17,0.9978027,thymbra,thymbra,Correct
355,thymbra/Lam.T.capX400wF(1032)(0)D-7.png,17,17,0.99719113,thymbra,thymbra,Correct
356,thymbra/Lam.T.capX400wF(1033)(0)E-2.png,17,17,0.99725276,thymbra,thymbra,Correct
357,thymbra/x40 f (1)-2.png,17,17,0.99784017,thymbra,thymbra,Correct
358,thymbra/x40 f (1)-3.png,17,17,0.9975561,thymbra,thymbra,Correct
359,thymbra/x40 f (2)-2.png,17,17,0.9951983,thymbra,thymbra,Correct
360,thymbra/x40 f (3)-9.png,17,17,0.9865832,thymbra,thymbra,Correct
361,thymbra/x40 f (4)-1.png,17,17,0.9940376,thymbra,thymbra,Correct
362,thymbra/x40 f (5)-16.png,17,17,0.99846244,thymbra,thymbra,Correct
363,thymbra/x40 f (5)-2.png,17,17,0.9981592,thymbra,thymbra,Correct
364,thymbra/x40 f (6)-6.png,17,17,0.99792176,thymbra,thymbra,Correct
365,urginea/Asp.U.marX400wF(5318)(0)B-10.png,18,18,0.99455065,urginea,urginea,Correct
366,urginea/Asp.U.marX400wF(5318)(0)B-5.png,18,18,0.99437934,urginea,urginea,Correct
367,urginea/Asp.U.marX400wF(5318)(0)B-7.png,18,18,0.9953383,urginea,urginea,Correct
368,urginea/Asp.U.marX400wF(5319)(0)C-4.png,18,18,0.99479634,urginea,urginea,Correct
369,urginea/Asp.U.marX400wF(5320)(0)D-4.png,18,18,0.9950854,urginea,urginea,Correct
370,urginea/Asp.U.marX400wF(5320)(0)D-6.png,18,18,0.99529076,urginea,urginea,Correct
371,urginea/Asp.U.marX400wF(5321)(0)E-13.png,18,18,0.9961116,urginea,urginea,Correct
372,urginea/Asp.U.marX400wF(5321)(0)E-4.png,18,18,0.99534684,urginea,urginea,Correct
373,urginea/Asp.U.marX400wF(5322)(0)F-6.png,18,18,0.9949818,urginea,urginea,Correct
374,urginea/Asp.U.marX400wF(5323)(0)G-9.png,18,18,0.9955521,urginea,urginea,Correct
375,urginea/Asp.U.marX400wF(5324)(0)H-5.png,18,18,0.9949568,urginea,urginea,Correct
376,vitis/Vit.V.viniX400wF(4978)(0)A-11.png,19,19,0.990031,vitis,vitis,Correct
377,vitis/Vit.V.viniX400wF(4978)(0)A-15.png,19,19,0.9954912,vitis,vitis,Correct
378,vitis/Vit.V.viniX400wF(4978)(0)A-22.png,19,19,0.99607086,vitis,vitis,Correct
379,vitis/Vit.V.viniX400wF(4979)(0)B-1.png,19,19,0.99424654,vitis,vitis,Correct
380,vitis/Vit.V.viniX400wF(4979)(0)B-19.png,19,19,0.9971764,vitis,vitis,Correct
381,vitis/Vit.V.viniX400wF(4979)(0)B-2.png,19,19,0.9873226,vitis,vitis,Correct
382,vitis/Vit.V.viniX400wF(4979)(0)B-21.png,19,19,0.99383545,vitis,vitis,Correct
383,vitis/Vit.V.viniX400wF(4979)(0)B-6.png,19,19,0.99734926,vitis,vitis,Correct
384,vitis/Vit.V.viniX400wF(4980)(0)C-18.png,19,19,0.99623907,vitis,vitis,Correct
385,vitis/Vit.V.viniX400wF(4980)(0)C-19.png,19,19,0.996482,vitis,vitis,Correct
386,vitis/Vit.V.viniX400wF(4980)(0)C-24.png,19,19,0.9889627,vitis,vitis,Correct
387,vitis/Vit.V.viniX400wF(4980)(0)C-3.png,19,19,0.997303,vitis,vitis,Correct
388,vitis/Vit.V.viniX400wF(4981)(0)D-13.png,19,19,0.99571556,vitis,vitis,Correct
389,vitis/Vit.V.viniX400wF(4981)(0)D-14.png,19,19,0.99723226,vitis,vitis,Correct
390,vitis/Vit.V.viniX400wF(4981)(0)D-7.png,19,19,0.997347,vitis,vitis,Correct
391,vitis/Vit.V.viniX400wF(4982)(0)E-1.png,19,19,0.9964671,vitis,vitis,Correct
392,vitis/Vit.V.viniX400wF(4982)(0)E-15.png,19,19,0.99567896,vitis,vitis,Correct
393,vitis/Vit.V.viniX400wF(4982)(0)E-16.png,19,19,0.9954151,vitis,vitis,Correct
394,vitis/Vit.V.viniX400wF(4983)(0)F-19.png,19,19,0.9961994,vitis,vitis,Correct
395,vitis/Vit.V.viniX400wF(4983)(0)F-7.png,19,19,0.9975472,vitis,vitis,Correct
396,vitis/Vit.V.viniX400wF(4984)(0)G-1.png,19,19,0.99649066,vitis,vitis,Correct
397,vitis/Vit.V.viniX400wF(4984)(0)G-32.png,19,19,0.9916102,vitis,vitis,Correct
398,vitis/Vit.V.viniX400wF(4984)(0)G-41.png,19,19,0.9977851,vitis,vitis,Correct
399,vitis/Vit.V.viniX400wF(4984)(0)G-44.png,19,19,0.9788617,vitis,vitis,Correct
400,vitis/Vit.V.viniX400wF(4985)(0)H-19.png,19,19,0.9971584,vitis,vitis,Correct
401,vitis/Vit.V.viniX400wF(4985)(0)H-29.png,19,19,0.99646384,vitis,vitis,Correct
0,asphodelus/Asp.A.ramX400wF(1988)(0)E-3.png,0,0,0.9950519,asphodelus,asphodelus,Correct
1,asphodelus/Asp.A.ramX400wF(1989)(0)F-6.png,0,0,0.99850744,asphodelus,asphodelus,Correct
2,asphodelus/Asp.A.ramX400wF(1990)(0)G-3.png,0,0,0.9968532,asphodelus,asphodelus,Correct
3,calicotome/Fab.C.vilX400wF(2016)(0)A-10.png,1,1,0.9740286,calicotome,calicotome,Correct
4,calicotome/Fab.C.vilX400wF(2016)(0)A-11.png,1,1,0.9991603,calicotome,calicotome,Correct
5,calicotome/Fab.C.vilX400wF(2017)(0)B-10.png,1,1,0.99923563,calicotome,calicotome,Correct
6,calicotome/Fab.C.vilX400wF(2017)(0)B-16.png,1,1,0.99788827,calicotome,calicotome,Correct
7,calicotome/Fab.C.vilX400wF(2018)(0)C-14.png,1,1,0.56911165,calicotome,calicotome,Correct
8,calicotome/Fab.C.vilX400wF(2019)(0)D-10.png,1,1,0.99926704,calicotome,calicotome,Correct
9,calicotome/Fab.C.vilX400wF(2019)(0)D-12.png,1,1,0.9986363,calicotome,calicotome,Correct
10,calicotome/Fab.C.vilX400wF(2019)(0)D-121.png,1,1,0.9990472,calicotome,calicotome,Correct
11,calicotome/Fab.C.vilX400wF(2019)(0)D-16.png,1,1,0.5906554,calicotome,calicotome,Correct
12,calicotome/Fab.C.vilX400wF(2019)(0)D-3.png,1,1,0.99883384,calicotome,calicotome,Correct
13,calicotome/Fab.C.vilX400wF(2019)(0)D-63.png,1,1,0.998818,calicotome,calicotome,Correct
14,calicotome/Fab.C.vilX400wF(2019)(0)D-85.png,1,1,0.99941003,calicotome,calicotome,Correct
15,calicotome/Fab.C.vilX400wF(2020)(0)E-100.png,1,1,0.5153403,calicotome,calicotome,Correct
16,calicotome/Fab.C.vilX400wF(2020)(0)E-109.png,1,1,0.9993259,calicotome,calicotome,Correct
17,calicotome/Fab.C.vilX400wF(2020)(0)E-12.png,1,1,0.9991605,calicotome,calicotome,Correct
18,calicotome/Fab.C.vilX400wF(2020)(0)E-16.png,1,1,0.9989691,calicotome,calicotome,Correct
19,calicotome/Fab.C.vilX400wF(2020)(0)E-21.png,1,1,0.99924135,calicotome,calicotome,Correct
20,calicotome/Fab.C.vilX400wF(2020)(0)E-23.png,1,1,0.97857577,calicotome,calicotome,Correct
21,calicotome/Fab.C.vilX400wF(2020)(0)E-29.png,1,1,0.9991602,calicotome,calicotome,Correct
22,calicotome/Fab.C.vilX400wF(2020)(0)E-36.png,1,1,0.99906343,calicotome,calicotome,Correct
23,calicotome/Fab.C.vilX400wF(2020)(0)E-40.png,1,1,0.9992638,calicotome,calicotome,Correct
24,calicotome/Fab.C.vilX400wF(2020)(0)E-41.png,1,1,0.9986532,calicotome,calicotome,Correct
25,calicotome/Fab.C.vilX400wF(2020)(0)E-48.png,1,1,0.99916255,calicotome,calicotome,Correct
26,calicotome/Fab.C.vilX400wF(2020)(0)E-65.png,1,1,0.99931955,calicotome,calicotome,Correct
27,calicotome/Fab.C.vilX400wF(2020)(0)E-7.png,1,1,0.99884665,calicotome,calicotome,Correct
28,calicotome/Fab.C.vilX400wF(2020)(0)E-72.png,1,1,0.999328,calicotome,calicotome,Correct
29,calicotome/Fab.C.vilX400wF(2020)(0)E-9.png,1,1,0.9987632,calicotome,calicotome,Correct
30,calicotome/Fab.C.vilX400wF(2020)(0)E-92.png,1,1,0.9994221,calicotome,calicotome,Correct
31,calicotome/Fab.C.vilX400wF(2020)(0)E-96.png,1,1,0.9992162,calicotome,calicotome,Correct
32,calicotome/Fab.C.vilX400wF(2020)(0)E-98.png,1,1,0.9990965,calicotome,calicotome,Correct
33,castanea/Fag.C.satX400wF(781)(0)A-15.png,2,2,0.9994097,castanea,castanea,Correct
34,castanea/Fag.C.satX400wF(781)(0)A-26.png,2,2,0.9990398,castanea,castanea,Correct
35,castanea/Fag.C.satX400wF(781)(0)A-30.png,2,2,0.99938416,castanea,castanea,Correct
36,castanea/Fag.C.satX400wF(781)(0)A-37.png,2,2,0.99706995,castanea,castanea,Correct
37,castanea/Fag.C.satX400wF(781)(0)A-48.png,2,2,0.99955803,castanea,castanea,Correct
38,castanea/Fag.C.satX400wF(782)(0)B-14.png,2,2,0.9981622,castanea,castanea,Correct
39,castanea/Fag.C.satX400wF(783)(0)C-6.png,2,2,0.99860245,castanea,castanea,Correct
40,castanea/Fag.C.satX400wF(783)(0)C-9.png,2,2,0.9980925,castanea,castanea,Correct
41,castanea/Fag.C.satX400wF(785)(0)E-4.png,2,2,0.9982162,castanea,castanea,Correct
42,castanea/Fag.C.satX400wF(785)(0)E-8.png,2,2,0.99659616,castanea,castanea,Correct
43,castanea/Fag.C.satX400wF(786)(0)F-1.png,2,2,0.9750508,castanea,castanea,Correct
44,castanea/Fag.C.satX400wF(792)(781)G-14.png,2,2,0.99973315,castanea,castanea,Correct
45,castanea/Fag.C.satX400wF(792)(781)G-21.png,2,2,0.999338,castanea,castanea,Correct
46,castanea/Fag.C.satX400wF(792)(781)G-24.png,2,2,0.999595,castanea,castanea,Correct
47,castanea/Fag.C.satX400wF(792)(781)G-29.png,2,2,0.9997008,castanea,castanea,Correct
48,castanea/Fag.C.satX400wF(792)(781)G-35.png,2,2,0.9994727,castanea,castanea,Correct
49,castanea/Fag.C.satX400wF(792)(781)G-48.png,2,2,0.9994648,castanea,castanea,Correct
50,castanea/Fag.C.satX400wF(792)(781)G-51.png,2,2,0.99920744,castanea,castanea,Correct
51,castanea/Fag.C.satX400wF(793)(781)H-1.png,2,2,0.9995988,castanea,castanea,Correct
52,castanea/Fag.C.satX400wF(793)(781)H-19.png,2,2,0.9977768,castanea,castanea,Correct
53,castanea/Fag.C.satX400wF(793)(781)H-29.png,2,2,0.9996506,castanea,castanea,Correct
54,castanea/Fag.C.satX400wF(793)(781)H-47.png,2,2,0.99973947,castanea,castanea,Correct
55,ceratonia/Fab.C.silX400wF(475)(0)A-14.png,3,3,0.9987961,ceratonia,ceratonia,Correct
56,ceratonia/Fab.C.silX400wF(475)(0)A-7.png,3,3,0.99834573,ceratonia,ceratonia,Correct
57,ceratonia/Fab.C.silX400wF(476)(0)B-13.png,3,3,0.9987651,ceratonia,ceratonia,Correct
58,ceratonia/Fab.C.silX400wF(476)(0)B-16.png,3,3,0.96100104,ceratonia,ceratonia,Correct
59,ceratonia/Fab.C.silX400wF(479)(0)E-12.png,3,3,0.9942695,ceratonia,ceratonia,Correct
60,ceratonia/Fab.C.silX400wF(479)(0)E-14.png,3,3,0.9803043,ceratonia,ceratonia,Correct
61,ceratonia/Fab.C.silX400wF(480)(0)F-1.png,3,3,0.9977635,ceratonia,ceratonia,Correct
62,ceratonia/Fab.C.silX400wF(480)(0)F-3.png,3,3,0.9987154,ceratonia,ceratonia,Correct
63,ceratonia/Fab.C.silX400wF(480)(0)F-5.png,3,3,0.9996959,ceratonia,ceratonia,Correct
64,ceratonia/Fab.C.silX400wF(480)(0)F-6.png,3,3,0.99976784,ceratonia,ceratonia,Correct
65,ebenus/Fab.E.creX400wF(693)(0)A-2.png,4,4,0.9996362,ebenus,ebenus,Correct
66,ebenus/Fab.E.creX400wF(697)(0)E-4.png,4,4,0.99956757,ebenus,ebenus,Correct
67,erica/Eri.E.maniX400wF(5356)(0)B-1.png,5,5,0.9995229,erica,erica,Correct
68,erica/Eri.E.maniX400wF(5356)(0)B-2.png,5,5,0.99922323,erica,erica,Correct
69,erica/Eri.E.maniX400wF(5357)(0)C-14.png,5,5,0.99968576,erica,erica,Correct
70,erica/Eri.E.maniX400wF(5357)(0)C-2.png,5,5,0.99966216,erica,erica,Correct
71,erica/Eri.E.maniX400wF(5357)(0)C-22.png,5,5,0.9991411,erica,erica,Correct
72,erica/Eri.E.maniX400wF(5358)(0)D-2.png,5,5,0.9995485,erica,erica,Correct
73,erica/Eri.E.maniX400wF(5358)(0)D-3.png,5,5,0.9994887,erica,erica,Correct
74,erica/Eri.E.maniX400wF(5359)(0)E-2.png,5,5,0.9936411,erica,erica,Correct
75,erica/Eri.E.maniX400wF(5360)(0)F-1.png,5,5,0.99966884,erica,erica,Correct
76,erica/Eri.E.maniX400wF(5360)(0)F-26.png,5,5,0.9995535,erica,erica,Correct
77,erica/Eri.E.maniX400wF(5360)(0)F-38.png,5,5,0.99852556,erica,erica,Correct
78,erica/Eri.E.maniX400wF(5361)(0)G-1.png,5,5,0.99962616,erica,erica,Correct
79,erica/Eri.E.maniX400wF(5361)(0)G-17.png,5,5,0.99966395,erica,erica,Correct
80,erica/Eri.E.maniX400wF(5361)(0)G-21.png,5,5,0.9995302,erica,erica,Correct
81,erica/Eri.E.maniX400wF(5362)(0)H-16.png,5,5,0.99973005,erica,erica,Correct
82,erica/Eri.E.maniX400wF(5362)(0)H-17.png,5,5,0.99956554,erica,erica,Correct
83,erica/Eri.E.maniX400wF(5363)(0)I-11.png,5,5,0.9992835,erica,erica,Correct
84,erica/Eri.E.maniX400wF(5363)(0)I-15.png,5,5,0.99963605,erica,erica,Correct
86,eucalyptus/Myr.E.camaX400wF(1867)(0)B-2.png,6,6,0.9995241,eucalyptus,eucalyptus,Correct
87,eucalyptus/Myr.E.camaX400wF(1867)(0)B-5.png,6,6,0.99961424,eucalyptus,eucalyptus,Correct
88,eucalyptus/Myr.E.camaX400wF(1868)(0)C-14.png,6,6,0.99938107,eucalyptus,eucalyptus,Correct
90,eucalyptus/Myr.E.camaX400wF(1869)(0)D-9.png,6,6,0.99906594,eucalyptus,eucalyptus,Correct
91,eucalyptus/Myr.E.camaX400wF(1870)(0)E-2.png,6,6,0.8310458,eucalyptus,eucalyptus,Correct
92,eucalyptus/Myr.E.camaX400wF(1871)(0)F-10.png,6,6,0.89452857,eucalyptus,eucalyptus,Correct
93,eucalyptus/Myr.E.camaX400wF(1871)(0)F-11.png,6,6,0.98874027,eucalyptus,eucalyptus,Correct
94,eucalyptus/Myr.E.camaX400wF(1872)(0)G-7.png,6,6,0.9978816,eucalyptus,eucalyptus,Correct
95,eucalyptus/Myr.E.camaX400wF(2962)(0)H-20.png,6,6,0.99866986,eucalyptus,eucalyptus,Correct
96,eucalyptus/Myr.E.camaX400wF(2963)(0)I-12.png,6,6,0.9991742,eucalyptus,eucalyptus,Correct
97,eucalyptus/Myr.E.camaX400wF(2964)(0)J-22.png,6,6,0.99908864,eucalyptus,eucalyptus,Correct
98,eucalyptus/Myr.E.camaX400wF(2964)(0)J-24.png,6,6,0.9995166,eucalyptus,eucalyptus,Correct
99,eucalyptus/Myr.E.camaX400wF(2965)(0)K-13.png,6,6,0.9991211,eucalyptus,eucalyptus,Correct
100,eucalyptus/Myr.E.camaX400wF(2965)(0)K-6.png,6,6,0.99831486,eucalyptus,eucalyptus,Correct
101,eucalyptus/Myr.E.camaX400wF(2966)(0)L-11.png,6,6,0.998558,eucalyptus,eucalyptus,Correct
102,ferula/Api.F.comX400wF(2135)(0)A-10.png,7,7,0.9971733,ferula,ferula,Correct
103,ferula/Api.F.comX400wF(2135)(0)A-14.png,7,7,0.99851555,ferula,ferula,Correct
104,ferula/Api.F.comX400wF(2136)(0)B-4.png,7,7,0.998218,ferula,ferula,Correct
105,ferula/Api.F.comX400wF(2136)(0)B-7.png,7,7,0.9983242,ferula,ferula,Correct
106,ferula/Api.F.comX400wF(2138)(0)D-12.png,7,7,0.9989221,ferula,ferula,Correct
107,ferula/Api.F.comX400wF(2138)(0)D-13.png,7,7,0.99852353,ferula,ferula,Correct
108,ferula/Api.F.comX400wF(2138)(0)D-9.png,7,7,0.99861205,ferula,ferula,Correct
109,ferula/Api.F.comX400wF(2139)(0)E-3.png,7,7,0.67803097,ferula,ferula,Correct
110,myrtus/IMG_3734-105.png,8,8,0.9984382,myrtus,myrtus,Correct
111,myrtus/IMG_3734-108.png,8,8,0.9989207,myrtus,myrtus,Correct
112,myrtus/IMG_3734-47.png,8,8,0.9974815,myrtus,myrtus,Correct
113,myrtus/IMG_3734-63.png,8,8,0.99919623,myrtus,myrtus,Correct
114,myrtus/IMG_3734-66.png,8,8,0.99843985,myrtus,myrtus,Correct
115,myrtus/IMG_3734-93.png,8,8,0.9982514,myrtus,myrtus,Correct
116,myrtus/IMG_3735-2.png,8,8,0.99765754,myrtus,myrtus,Correct
117,myrtus/IMG_3735-29.png,8,8,0.9980241,myrtus,myrtus,Correct
118,myrtus/IMG_3735-30.png,8,8,0.99671775,myrtus,myrtus,Correct
119,myrtus/IMG_3735-32.png,8,8,0.9983277,myrtus,myrtus,Correct
120,myrtus/IMG_3735-35.png,8,8,0.99839777,myrtus,myrtus,Correct
121,myrtus/IMG_3735-36.png,8,8,0.9985293,myrtus,myrtus,Correct
122,myrtus/IMG_3736-10.png,8,8,0.9979107,myrtus,myrtus,Correct
123,myrtus/IMG_3736-35.png,8,8,0.9982816,myrtus,myrtus,Correct
124,myrtus/IMG_3736-38.png,8,8,0.99850225,myrtus,myrtus,Correct
125,myrtus/IMG_3736-41.png,8,8,0.99835217,myrtus,myrtus,Correct
126,myrtus/IMG_3736-44.png,8,8,0.99804866,myrtus,myrtus,Correct
127,myrtus/IMG_3736-48.png,8,8,0.9982375,myrtus,myrtus,Correct
128,myrtus/IMG_3736-55.png,8,8,0.99807537,myrtus,myrtus,Correct
129,myrtus/IMG_3736-63.png,8,8,0.9980578,myrtus,myrtus,Correct
130,myrtus/IMG_3736-67.png,8,8,0.9982382,myrtus,myrtus,Correct
131,myrtus/IMG_3736-75.png,8,8,0.99858594,myrtus,myrtus,Correct
132,myrtus/IMG_3737-39.png,8,8,0.99859744,myrtus,myrtus,Correct
133,myrtus/IMG_3737-41.png,8,8,0.99861705,myrtus,myrtus,Correct
134,myrtus/IMG_3737-47.png,8,8,0.99876463,myrtus,myrtus,Correct
135,myrtus/IMG_3737-54.png,8,8,0.999033,myrtus,myrtus,Correct
136,myrtus/IMG_3737-61.png,8,8,0.99736804,myrtus,myrtus,Correct
137,myrtus/IMG_3737-63.png,8,8,0.9978204,myrtus,myrtus,Correct
138,myrtus/IMG_3737-9.png,8,8,0.9984598,myrtus,myrtus,Correct
139,myrtus/IMG_3738-10.png,8,8,0.99887186,myrtus,myrtus,Correct
140,myrtus/IMG_3738-123.png,8,8,0.9972459,myrtus,myrtus,Correct
141,myrtus/IMG_3738-129.png,8,8,0.99835926,myrtus,myrtus,Correct
142,myrtus/IMG_3738-139.png,8,8,0.99371547,myrtus,myrtus,Correct
143,myrtus/IMG_3738-156.png,8,8,0.99883384,myrtus,myrtus,Correct
144,myrtus/IMG_3738-3.png,8,8,0.99807775,myrtus,myrtus,Correct
145,myrtus/IMG_3738-31.png,8,8,0.99909353,myrtus,myrtus,Correct
146,myrtus/IMG_3738-33.png,8,8,0.9986374,myrtus,myrtus,Correct
147,myrtus/IMG_3738-42.png,8,8,0.99642146,myrtus,myrtus,Correct
148,myrtus/IMG_3738-46.png,8,8,0.9985454,myrtus,myrtus,Correct
149,myrtus/IMG_3738-51.png,8,8,0.9982224,myrtus,myrtus,Correct
150,myrtus/IMG_3738-6.png,8,8,0.9979613,myrtus,myrtus,Correct
151,myrtus/IMG_3738-60.png,8,8,0.99860054,myrtus,myrtus,Correct
152,myrtus/IMG_3738-73.png,8,8,0.99734604,myrtus,myrtus,Correct
153,myrtus/IMG_3738-78.png,8,8,0.9989766,myrtus,myrtus,Correct
154,myrtus/IMG_3738-90.png,8,8,0.99835384,myrtus,myrtus,Correct
155,myrtus/IMG_3741-17.png,8,8,0.99644417,myrtus,myrtus,Correct
156,myrtus/IMG_3741-4.png,8,8,0.99731195,myrtus,myrtus,Correct
157,myrtus/IMG_3741-49.png,8,8,0.99831367,myrtus,myrtus,Correct
158,myrtus/IMG_3741-61.png,8,8,0.9990702,myrtus,myrtus,Correct
159,myrtus/IMG_3742-46.png,8,8,0.9965467,myrtus,myrtus,Correct
160,myrtus/IMG_3742-48.png,8,8,0.9981275,myrtus,myrtus,Correct
161,myrtus/IMG_3743-24.png,8,8,0.99883825,myrtus,myrtus,Correct
162,myrtus/IMG_3743-39.png,8,8,0.9981306,myrtus,myrtus,Correct
163,myrtus/IMG_3743-6.png,8,8,0.99842393,myrtus,myrtus,Correct
164,myrtus/IMG_3744-12.png,8,8,0.9982134,myrtus,myrtus,Correct
165,myrtus/IMG_3744-42.png,8,8,0.99846566,myrtus,myrtus,Correct
166,myrtus/IMG_3744-5.png,8,8,0.99868256,myrtus,myrtus,Correct
167,myrtus/Myr.M.comX400wF(1095)(1091)A-29.png,8,8,0.9981128,myrtus,myrtus,Correct
168,myrtus/Myr.M.comX400wF(1095)(1091)A-36.png,8,8,0.99802774,myrtus,myrtus,Correct
169,myrtus/Myr.M.comX400wF(1095)(1091)A-42.png,8,8,0.9983346,myrtus,myrtus,Correct
170,myrtus/Myr.M.comX400wF(1095)(1091)A-43.png,8,8,0.9979474,myrtus,myrtus,Correct
171,myrtus/Myr.M.comX400wF(1095)(1091)A-50.png,8,8,0.99854714,myrtus,myrtus,Correct
172,myrtus/Myr.M.comX400wF(1095)(1091)A-53.png,8,8,0.9910527,myrtus,myrtus,Correct
173,myrtus/Myr.M.comX400wF(1095)(1091)A-6.png,8,8,0.99801254,myrtus,myrtus,Correct
174,myrtus/Myr.M.comX400wF(1095)(1091)A-68.png,8,8,0.99785715,myrtus,myrtus,Correct
175,myrtus/Myr.M.comX400wF(1095)(1091)A-7.png,8,8,0.9984635,myrtus,myrtus,Correct
176,myrtus/Myr.M.comX400wF(1095)(1091)A-71.png,8,8,0.99792176,myrtus,myrtus,Correct
177,myrtus/Myr.M.comX400wF(1095)(1091)A-72.png,8,8,0.9981034,myrtus,myrtus,Correct
178,myrtus/Myr.M.comX400wF(1095)(1091)A-74.png,8,8,0.99731845,myrtus,myrtus,Correct
179,myrtus/Myr.M.comX400wF(1095)(1091)A-75.png,8,8,0.9980406,myrtus,myrtus,Correct
180,myrtus/Myr.M.comX400wF(1095)(1091)A-89.png,8,8,0.9965432,myrtus,myrtus,Correct
181,myrtus/Myr.M.comX400wF(1097)(1090)C-23.png,8,8,0.99702966,myrtus,myrtus,Correct
182,myrtus/Myr.M.comX400wF(1097)(1090)C-55.png,8,8,0.99769825,myrtus,myrtus,Correct
183,myrtus/Myr.M.comX400wF(1097)(1090)C-57.png,8,8,0.9978853,myrtus,myrtus,Correct
184,myrtus/Myr.M.comX400wF(1097)(1090)C-62.png,8,8,0.9976642,myrtus,myrtus,Correct
185,myrtus/Myr.M.comX400wF(1097)(1090)C-66.png,8,8,0.9979236,myrtus,myrtus,Correct
186,myrtus/Myr.M.comX400wF(1097)(1090)C-81.png,8,8,0.99791914,myrtus,myrtus,Correct
187,myrtus/Myr.M.comX400wF(1097)(1090)C-86.png,8,8,0.9983033,myrtus,myrtus,Correct
188,myrtus/Myr.M.comX400wF(1097)(1090)C-88.png,8,8,0.99867177,myrtus,myrtus,Correct
189,olea/Ole.O.euroX400wF(4261)(0)A-16.png,9,9,0.99784017,olea,olea,Correct
190,olea/Ole.O.euroX400wF(4261)(0)A-2.png,9,9,0.99758625,olea,olea,Correct
191,olea/Ole.O.euroX400wF(4261)(0)A-27.png,9,9,0.9983069,olea,olea,Correct
192,olea/Ole.O.euroX400wF(4261)(0)A-28.png,9,9,0.99652547,olea,olea,Correct
193,olea/Ole.O.euroX400wF(4261)(0)A-31.png,9,9,0.99844724,olea,olea,Correct
194,olea/Ole.O.euroX400wF(4261)(0)A-45.png,9,9,0.994242,olea,olea,Correct
195,olea/Ole.O.euroX400wF(4261)(0)A-53.png,9,9,0.99793977,olea,olea,Correct
196,olea/Ole.O.euroX400wF(4261)(0)A-8.png,9,9,0.99666744,olea,olea,Correct
197,olea/Ole.O.euroX400wF(4263)(0)C-1.png,9,9,0.9987514,olea,olea,Correct
198,olea/Ole.O.euroX400wF(4263)(0)C-103.png,9,9,0.9990388,olea,olea,Correct
199,olea/Ole.O.euroX400wF(4263)(0)C-116.png,9,9,0.9978532,olea,olea,Correct
200,olea/Ole.O.euroX400wF(4263)(0)C-118.png,9,9,0.9983633,olea,olea,Correct
201,olea/Ole.O.euroX400wF(4263)(0)C-131.png,9,9,0.9977558,olea,olea,Correct
202,olea/Ole.O.euroX400wF(4263)(0)C-133.png,9,9,0.99902964,olea,olea,Correct
203,olea/Ole.O.euroX400wF(4263)(0)C-138.png,9,9,0.9981741,olea,olea,Correct
204,olea/Ole.O.euroX400wF(4263)(0)C-139.png,9,9,0.99881375,olea,olea,Correct
205,olea/Ole.O.euroX400wF(4263)(0)C-16.png,9,9,0.99854064,olea,olea,Correct
206,olea/Ole.O.euroX400wF(4263)(0)C-21.png,9,9,0.9983987,olea,olea,Correct
207,olea/Ole.O.euroX400wF(4263)(0)C-56.png,9,9,0.99924123,olea,olea,Correct
208,olea/Ole.O.euroX400wF(4263)(0)C-62.png,9,9,0.9987878,olea,olea,Correct
209,olea/Ole.O.euroX400wF(4263)(0)C-64.png,9,9,0.99886656,olea,olea,Correct
210,olea/Ole.O.euroX400wF(4263)(0)C-78.png,9,9,0.99828243,olea,olea,Correct
211,olea/Ole.O.euroX400wF(4263)(0)C-82.png,9,9,0.9986229,olea,olea,Correct
212,olea/Ole.O.euroX400wF(4263)(0)C-84.png,9,9,0.99753463,olea,olea,Correct
213,olea/Ole.O.euroX400wF(4263)(0)C-87.png,9,9,0.9991003,olea,olea,Correct
214,olea/Ole.O.euroX400wF(4263)(0)C-90.png,9,9,0.99877113,olea,olea,Correct
215,olea/Ole.O.euroX400wF(4263)(0)C-99.png,9,9,0.9989483,olea,olea,Correct
216,olea/Ole.O.euroX400wF(4264)(0)D-104.png,9,9,0.99835485,olea,olea,Correct
217,olea/Ole.O.euroX400wF(4264)(0)D-105.png,9,9,0.99944156,olea,olea,Correct
218,olea/Ole.O.euroX400wF(4264)(0)D-128.png,9,9,0.99916244,olea,olea,Correct
219,olea/Ole.O.euroX400wF(4264)(0)D-134.png,9,9,0.99794596,olea,olea,Correct
220,olea/Ole.O.euroX400wF(4264)(0)D-142.png,9,9,0.9982317,olea,olea,Correct
221,olea/Ole.O.euroX400wF(4264)(0)D-153.png,9,9,0.99892396,olea,olea,Correct
222,olea/Ole.O.euroX400wF(4264)(0)D-155.png,9,9,0.9990252,olea,olea,Correct
223,olea/Ole.O.euroX400wF(4264)(0)D-162.png,9,9,0.9986534,olea,olea,Correct
224,olea/Ole.O.euroX400wF(4264)(0)D-22.png,9,9,0.9986173,olea,olea,Correct
225,olea/Ole.O.euroX400wF(4264)(0)D-35.png,9,9,0.99890745,olea,olea,Correct
226,olea/Ole.O.euroX400wF(4264)(0)D-50.png,9,9,0.9987594,olea,olea,Correct
227,olea/Ole.O.euroX400wF(4264)(0)D-81.png,9,9,0.99855095,olea,olea,Correct
228,olea/Ole.O.euroX400wF(4264)(0)D-82.png,9,9,0.9991493,olea,olea,Correct
229,olea/Ole.O.euroX400wF(4264)(0)D-91.png,9,9,0.99862313,olea,olea,Correct
230,olea/Ole.O.euroX400wF(4264)(0)D-97.png,9,9,0.9986449,olea,olea,Correct
231,olea/Ole.O.euroX400wF(4265)(0)E-102.png,9,9,0.99883264,olea,olea,Correct
232,olea/Ole.O.euroX400wF(4265)(0)E-106.png,9,9,0.998801,olea,olea,Correct
233,olea/Ole.O.euroX400wF(4265)(0)E-117.png,9,9,0.9982912,olea,olea,Correct
234,olea/Ole.O.euroX400wF(4265)(0)E-127.png,9,9,0.9926917,olea,olea,Correct
235,olea/Ole.O.euroX400wF(4265)(0)E-13.png,9,9,0.9973016,olea,olea,Correct
236,olea/Ole.O.euroX400wF(4265)(0)E-130.png,9,9,0.9983948,olea,olea,Correct
237,olea/Ole.O.euroX400wF(4265)(0)E-165.png,9,9,0.9973909,olea,olea,Correct
238,olea/Ole.O.euroX400wF(4265)(0)E-166.png,9,9,0.9990404,olea,olea,Correct
239,olea/Ole.O.euroX400wF(4265)(0)E-167.png,9,9,0.99890196,olea,olea,Correct
240,olea/Ole.O.euroX400wF(4265)(0)E-168.png,9,9,0.98794657,olea,olea,Correct
241,olea/Ole.O.euroX400wF(4265)(0)E-186.png,9,9,0.9987733,olea,olea,Correct
242,olea/Ole.O.euroX400wF(4265)(0)E-188.png,9,9,0.99828017,olea,olea,Correct
243,olea/Ole.O.euroX400wF(4265)(0)E-199.png,9,9,0.9974492,olea,olea,Correct
244,olea/Ole.O.euroX400wF(4265)(0)E-214.png,9,9,0.9974704,olea,olea,Correct
245,olea/Ole.O.euroX400wF(4265)(0)E-219.png,9,9,0.99884415,olea,olea,Correct
246,olea/Ole.O.euroX400wF(4265)(0)E-220.png,9,9,0.9974406,olea,olea,Correct
247,olea/Ole.O.euroX400wF(4265)(0)E-40.png,9,9,0.9827901,olea,olea,Correct
248,olea/Ole.O.euroX400wF(4265)(0)E-53.png,9,9,0.9991227,olea,olea,Correct
249,olea/Ole.O.euroX400wF(4265)(0)E-62.png,9,9,0.9991721,olea,olea,Correct
250,olea/Ole.O.euroX400wF(4265)(0)E-69.png,9,9,0.9987306,olea,olea,Correct
251,olea/Ole.O.euroX400wF(4265)(0)E-74.png,9,9,0.9986052,olea,olea,Correct
252,olea/Ole.O.euroX400wF(4266)(0)F-10.png,9,9,0.9984781,olea,olea,Correct
253,olea/Ole.O.euroX400wF(4266)(0)F-114.png,9,9,0.9989913,olea,olea,Correct
254,olea/Ole.O.euroX400wF(4266)(0)F-15.png,9,9,0.99839157,olea,olea,Correct
255,olea/Ole.O.euroX400wF(4266)(0)F-22.png,9,9,0.9988009,olea,olea,Correct
256,olea/Ole.O.euroX400wF(4266)(0)F-38.png,9,9,0.9990816,olea,olea,Correct
257,olea/Ole.O.euroX400wF(4266)(0)F-54.png,9,9,0.9994161,olea,olea,Correct
258,olea/Ole.O.euroX400wF(4266)(0)F-6.png,9,9,0.9989297,olea,olea,Correct
259,olea/Ole.O.euroX400wF(4266)(0)F-68.png,9,9,0.999358,olea,olea,Correct
260,olea/Ole.O.euroX400wF(4266)(0)F-92.png,9,9,0.99322987,olea,olea,Correct
261,olea/Ole.O.euroX400wF(4266)(0)F-99.png,9,9,0.9978054,olea,olea,Correct
262,olea/Ole.O.euroX400wF(4267)(0)G-14.png,9,9,0.99716276,olea,olea,Correct
263,olea/Ole.O.euroX400wF(4267)(0)G-17.png,9,9,0.99864095,olea,olea,Correct
264,olea/Ole.O.euroX400wF(4267)(0)G-26.png,9,9,0.998642,olea,olea,Correct
265,olea/Ole.O.euroX400wF(4267)(0)G-41.png,9,9,0.99800295,olea,olea,Correct
266,olea/Ole.O.euroX400wF(4267)(0)G-47.png,9,9,0.998292,olea,olea,Correct
267,olea/Ole.O.euroX400wF(4267)(0)G-49.png,9,9,0.99888617,olea,olea,Correct
268,origanum/Lam.O.micX400wF(884)(0)A-16.png,10,10,0.991572,origanum,origanum,Correct
269,origanum/Lam.O.micX400wF(884)(0)A-3.png,10,10,0.9988667,origanum,origanum,Correct
270,origanum/Lam.O.micX400wF(884)(0)A-8.png,10,10,0.9992471,origanum,origanum,Correct
271,origanum/Lam.O.micX400wF(885)(0)B-2.png,10,10,0.9984464,origanum,origanum,Correct
272,origanum/Lam.O.micX400wF(886)(0)C-16.png,10,10,0.9990767,origanum,origanum,Correct
273,origanum/Lam.O.micX400wF(886)(0)C-39.png,10,10,0.9976286,origanum,origanum,Correct
274,origanum/Lam.O.micX400wF(886)(0)C-58.png,10,10,0.99967074,origanum,origanum,Correct
275,origanum/Lam.O.micX400wF(886)(0)C-6.png,10,10,0.9992613,origanum,origanum,Correct
276,origanum/Lam.O.micX400wF(887)(0)D-4.png,10,10,0.9990532,origanum,origanum,Correct
278,origanum/Lam.O.micX400wF(888)(0)E-5.png,10,10,0.9736562,origanum,origanum,Correct
279,origanum/Lam.O.micX400wF(889)(0)F-17.png,10,10,0.99891675,origanum,origanum,Correct
280,origanum/Lam.O.micX400wF(889)(0)F-3.png,10,10,0.99937075,origanum,origanum,Correct
281,origanum/Lam.O.micX400wF(889)(0)F-45.png,10,10,0.9993869,origanum,origanum,Correct
282,origanum/Lam.O.micX400wF(889)(0)F-51.png,10,10,0.9956124,origanum,origanum,Correct
283,origanum/Lam.O.micX400wF(889)(0)F-6.png,10,10,0.9932355,origanum,origanum,Correct
284,origanum/Lam.O.micX400wF(889)(0)F-8.png,10,10,0.9993399,origanum,origanum,Correct
285,oxalis/Oxa.O.pes.cX400wF(1733)(0)A-12.png,11,11,0.99848276,oxalis,oxalis,Correct
286,oxalis/Oxa.O.pes.cX400wF(1733)(0)A-3.png,11,11,0.9423035,oxalis,oxalis,Correct
287,oxalis/Oxa.O.pes.cX400wF(1733)(0)A-4.png,11,11,0.9986099,oxalis,oxalis,Correct
288,oxalis/Oxa.O.pes.cX400wF(1735)(0)C-9.png,11,11,0.9985851,oxalis,oxalis,Correct
289,oxalis/Oxa.O.pes.cX400wF(1736)(0)D-4.png,11,11,0.99883133,oxalis,oxalis,Correct
290,oxalis/Oxa.O.pes.cX400wF(1737)(1736)E-1.png,11,11,0.9973907,oxalis,oxalis,Correct
291,oxalis/Oxa.O.pes.cX400wF(1738)(0)F-10.png,11,11,0.99857867,oxalis,oxalis,Correct
292,oxalis/Oxa.O.pes.cX400wF(1739)(0)G-8.png,11,11,0.9987458,oxalis,oxalis,Correct
293,oxalis/Oxa.O.pes.cX400wF(1740)(0)H-2.png,11,11,0.9980596,oxalis,oxalis,Correct
294,oxalis/Oxa.O.pes.cX400wF(1741)(0)I-2.png,11,11,0.99466115,oxalis,oxalis,Correct
295,oxalis/Oxa.O.pes.cX400wF(1741)(0)I-9.png,11,11,0.99827003,oxalis,oxalis,Correct
296,oxalis/Oxa.O.pes.cX400wF(1743)(0)K-19.png,11,11,0.99848664,oxalis,oxalis,Correct
297,oxalis/Oxa.O.pes.cX400wF(1743)(0)K-2.png,11,11,0.99813277,oxalis,oxalis,Correct
298,oxalis/Oxa.O.pes.cX400wF(1743)(0)K-24.png,11,11,0.9983651,oxalis,oxalis,Correct
299,pinus/Pin.P.brutX400wF(3171)(0)A-5.png,12,12,0.9992434,pinus,pinus,Correct
300,pinus/Pin.P.brutX400wF(3173)(0)C-2.png,12,12,0.9989604,pinus,pinus,Correct
301,pinus/Pin.P.brutX400wF(3177)(0)G-3.png,12,12,0.99919087,pinus,pinus,Correct
302,pistacia/Ana.P.tereX400wF(3223)(0)B-3.png,13,13,0.99845266,pistacia,pistacia,Correct
303,pistacia/Ana.P.tereX400wF(3224)(0)C-8.png,13,13,0.99900717,pistacia,pistacia,Correct
304,pistacia/Ana.P.tereX400wF(3227)(0)F-5.png,13,13,0.9989549,pistacia,pistacia,Correct
305,salvia/Lam.S.triX400wF(2188)(0)A-6.png,14,14,0.99958044,salvia,salvia,Correct
306,salvia/Lam.S.triX400wF(2189)(0)B-20.png,14,14,0.9996592,salvia,salvia,Correct
307,salvia/Lam.S.triX400wF(2189)(0)B-52.png,14,14,0.9994968,salvia,salvia,Correct
308,salvia/Lam.S.triX400wF(2189)(0)B-60.png,14,14,0.99961406,salvia,salvia,Correct
309,salvia/Lam.S.triX400wF(2190)(0)C-18.png,14,14,0.999701,salvia,salvia,Correct
310,salvia/Lam.S.triX400wF(2190)(0)C-8.png,14,14,0.99558264,salvia,salvia,Correct
311,salvia/Lam.S.triX400wF(2191)(0)D-1.png,14,14,0.99952507,salvia,salvia,Correct
312,salvia/Lam.S.triX400wF(2191)(0)D-10.png,14,14,0.9997459,salvia,salvia,Correct
313,salvia/Lam.S.triX400wF(2191)(0)D-15.png,14,14,0.9995689,salvia,salvia,Correct
314,salvia/Lam.S.triX400wF(2191)(0)D-19.png,14,14,0.9997174,salvia,salvia,Correct
315,salvia/Lam.S.triX400wF(2191)(0)D-24.png,14,14,0.9996313,salvia,salvia,Correct
316,salvia/Lam.S.triX400wF(2191)(0)D-30.png,14,14,0.99977106,salvia,salvia,Correct
317,salvia/Lam.S.triX400wF(2191)(0)D-7.png,14,14,0.99974626,salvia,salvia,Correct
318,salvia/Lam.S.triX400wF(2192)(0)E-1.png,14,14,0.9996482,salvia,salvia,Correct
319,salvia/Lam.S.triX400wF(2192)(0)E-3.png,14,14,0.99966514,salvia,salvia,Correct
320,salvia/Lam.S.triX400wF(2192)(0)E-4.png,14,14,0.9996768,salvia,salvia,Correct
321,salvia/Lam.S.triX400wF(2193)(0)F-13.png,14,14,0.9993119,salvia,salvia,Correct
322,salvia/Lam.S.triX400wF(2193)(0)F-4.png,14,14,0.9996253,salvia,salvia,Correct
323,satureja/Lam.S.thyX400wF(942)(935)B-7.png,15,15,0.99127895,satureja,satureja,Correct
324,satureja/Lam.S.thyX400wF(943)(990)C-5.png,15,15,0.99475765,satureja,satureja,Correct
325,satureja/Lam.S.thyX400wF(944)(940)E-1.png,15,15,0.9977748,satureja,satureja,Correct
326,satureja/Lam.S.thyX400wF(944)(940)E-14.png,15,15,0.8826783,satureja,satureja,Correct
327,satureja/Lam.S.thyX400wF(944)(940)E-16.png,15,15,0.99804,satureja,satureja,Correct
328,satureja/Lam.S.thyX400wF(945)(0)F-3.png,15,15,0.9173537,satureja,satureja,Correct
329,satureja/Lam.S.thyX400wF(947)(0)H-5.png,15,15,0.9698305,satureja,satureja,Correct
330,sinapis/Bra.S.albX400wF(2150)(0)A-7.png,16,16,0.9598993,sinapis,sinapis,Correct
331,sinapis/Bra.S.albX400wF(2151)(0)B-11.png,16,16,0.9989436,sinapis,sinapis,Correct
332,sinapis/Bra.S.albX400wF(2151)(0)B-23.png,16,16,0.9975883,sinapis,sinapis,Correct
333,sinapis/Bra.S.albX400wF(2151)(0)B-25.png,16,16,0.9977519,sinapis,sinapis,Correct
334,sinapis/Bra.S.albX400wF(2151)(0)B-26.png,16,16,0.87357956,sinapis,sinapis,Correct
335,sinapis/Bra.S.albX400wF(2152)(0)C-23.png,16,16,0.97564894,sinapis,sinapis,Correct
336,sinapis/Bra.S.albX400wF(2153)(0)D-13.png,16,16,0.9978471,sinapis,sinapis,Correct
337,sinapis/Bra.S.albX400wF(2153)(0)D-24.png,16,16,0.9912913,sinapis,sinapis,Correct
338,sinapis/Bra.S.albX400wF(2154)(0)E-11.png,16,16,0.95319504,sinapis,sinapis,Correct
339,sinapis/Bra.S.albX400wF(2154)(0)E-20.png,16,16,0.99774915,sinapis,sinapis,Correct
340,sinapis/Bra.S.albX400wF(2155)(0)F-12.png,16,16,0.9984775,sinapis,sinapis,Correct
341,sinapis/Bra.S.albX400wF(2155)(0)F-18.png,16,16,0.9978091,sinapis,sinapis,Correct
342,sinapis/IMG_3701-6.png,16,16,0.9978611,sinapis,sinapis,Correct
343,sinapis/IMG_3704-14.png,16,16,0.99837816,sinapis,sinapis,Correct
344,sinapis/IMG_3704-5.png,16,16,0.9982967,sinapis,sinapis,Correct
345,sinapis/IMG_3706-11.png,16,16,0.9970367,sinapis,sinapis,Correct
346,sinapis/IMG_3706-5.png,16,16,0.99836475,sinapis,sinapis,Correct
347,sinapis/IMG_3706-6.png,16,16,0.9980361,sinapis,sinapis,Correct
348,sinapis/IMG_3708-1.png,16,16,0.99874157,sinapis,sinapis,Correct
349,sinapis/IMG_3708-4.png,16,16,0.9910704,sinapis,sinapis,Correct
350,thymbra/Lam.T.capX400wF(1029)(0)A-1.png,17,17,0.9924388,thymbra,thymbra,Correct
351,thymbra/Lam.T.capX400wF(1029)(0)A-17.png,17,17,0.9956573,thymbra,thymbra,Correct
352,thymbra/Lam.T.capX400wF(1029)(0)A-25.png,17,17,0.98463905,thymbra,thymbra,Correct
353,thymbra/Lam.T.capX400wF(1029)(0)A-27.png,17,17,0.99898833,thymbra,thymbra,Correct
354,thymbra/Lam.T.capX400wF(1030)(0)B-2.png,17,17,0.9919681,thymbra,thymbra,Correct
355,thymbra/Lam.T.capX400wF(1031)(0)C-11.png,17,17,0.9985147,thymbra,thymbra,Correct
356,thymbra/Lam.T.capX400wF(1031)(0)C-13.png,17,17,0.998774,thymbra,thymbra,Correct
357,thymbra/Lam.T.capX400wF(1031)(0)C-14.png,17,17,0.99794155,thymbra,thymbra,Correct
358,thymbra/Lam.T.capX400wF(1032)(0)D-1.png,17,17,0.99677306,thymbra,thymbra,Correct
359,thymbra/Lam.T.capX400wF(1033)(0)E-11.png,17,17,0.999385,thymbra,thymbra,Correct
360,thymbra/x40 f (1)-4.png,17,17,0.9988362,thymbra,thymbra,Correct
361,thymbra/x40 f (4)-19.png,17,17,0.9984232,thymbra,thymbra,Correct
362,thymbra/x40 f (5)-1.png,17,17,0.99583155,thymbra,thymbra,Correct
363,thymbra/x40 f (6)-5.png,17,17,0.99778193,thymbra,thymbra,Correct
364,thymbra/x40 f (6)-7.png,17,17,0.9987233,thymbra,thymbra,Correct
365,urginea/Asp.U.marX400wF(5317)(0)A-5.png,18,18,0.9991997,urginea,urginea,Correct
366,urginea/Asp.U.marX400wF(5318)(0)B-1.png,18,18,0.9989986,urginea,urginea,Correct
367,urginea/Asp.U.marX400wF(5318)(0)B-2.png,18,18,0.9991146,urginea,urginea,Correct
368,urginea/Asp.U.marX400wF(5319)(0)C-1.png,18,18,0.99905115,urginea,urginea,Correct
369,urginea/Asp.U.marX400wF(5320)(0)D-1.png,18,18,0.9988029,urginea,urginea,Correct
370,urginea/Asp.U.marX400wF(5320)(0)D-3.png,18,18,0.9991748,urginea,urginea,Correct
371,urginea/Asp.U.marX400wF(5322)(0)F-7.png,18,18,0.99918157,urginea,urginea,Correct
372,urginea/Asp.U.marX400wF(5323)(0)G-15.png,18,18,0.9986303,urginea,urginea,Correct
373,urginea/Asp.U.marX400wF(5323)(0)G-7.png,18,18,0.9991541,urginea,urginea,Correct
374,urginea/Asp.U.marX400wF(5324)(0)H-9.png,18,18,0.9992151,urginea,urginea,Correct
375,vitis/Vit.V.viniX400wF(4978)(0)A-18.png,19,19,0.9987348,vitis,vitis,Correct
376,vitis/Vit.V.viniX400wF(4978)(0)A-7.png,19,19,0.99871254,vitis,vitis,Correct
377,vitis/Vit.V.viniX400wF(4978)(0)A-9.png,19,19,0.9985238,vitis,vitis,Correct
378,vitis/Vit.V.viniX400wF(4979)(0)B-18.png,19,19,0.9981493,vitis,vitis,Correct
379,vitis/Vit.V.viniX400wF(4979)(0)B-20.png,19,19,0.99823123,vitis,vitis,Correct
380,vitis/Vit.V.viniX400wF(4979)(0)B-7.png,19,19,0.99876416,vitis,vitis,Correct
381,vitis/Vit.V.viniX400wF(4980)(0)C-14.png,19,19,0.9991479,vitis,vitis,Correct
382,vitis/Vit.V.viniX400wF(4980)(0)C-9.png,19,19,0.9993585,vitis,vitis,Correct
383,vitis/Vit.V.viniX400wF(4981)(0)D-24.png,19,19,0.99777645,vitis,vitis,Correct
384,vitis/Vit.V.viniX400wF(4981)(0)D-26.png,19,19,0.99891496,vitis,vitis,Correct
385,vitis/Vit.V.viniX400wF(4981)(0)D-37.png,19,19,0.9990145,vitis,vitis,Correct
386,vitis/Vit.V.viniX400wF(4981)(0)D-41.png,19,19,0.9990362,vitis,vitis,Correct
387,vitis/Vit.V.viniX400wF(4982)(0)E-20.png,19,19,0.99885297,vitis,vitis,Correct
388,vitis/Vit.V.viniX400wF(4982)(0)E-21.png,19,19,0.9989687,vitis,vitis,Correct
389,vitis/Vit.V.viniX400wF(4982)(0)E-27.png,19,19,0.9990357,vitis,vitis,Correct
390,vitis/Vit.V.viniX400wF(4982)(0)E-28.png,19,19,0.99938047,vitis,vitis,Correct
391,vitis/Vit.V.viniX400wF(4982)(0)E-32.png,19,19,0.9997495,vitis,vitis,Correct
392,vitis/Vit.V.viniX400wF(4982)(0)E-40.png,19,19,0.99924135,vitis,vitis,Correct
393,vitis/Vit.V.viniX400wF(4983)(0)F-2.png,19,19,0.9429369,vitis,vitis,Correct
394,vitis/Vit.V.viniX400wF(4983)(0)F-28.png,19,19,0.9989355,vitis,vitis,Correct
395,vitis/Vit.V.viniX400wF(4984)(0)G-19.png,19,19,0.9990181,vitis,vitis,Correct
396,vitis/Vit.V.viniX400wF(4984)(0)G-2.png,19,19,0.99973935,vitis,vitis,Correct
397,vitis/Vit.V.viniX400wF(4984)(0)G-4.png,19,19,0.9987676,vitis,vitis,Correct
398,vitis/Vit.V.viniX400wF(4985)(0)H-22.png,19,19,0.9989441,vitis,vitis,Correct
399,vitis/Vit.V.viniX400wF(4985)(0)H-26.png,19,19,0.99843174,vitis,vitis,Correct
400,vitis/Vit.V.viniX400wF(4985)(0)H-38.png,19,19,0.99907684,vitis,vitis,Correct
401,vitis/Vit.V.viniX400wF(4985)(0)H-43.png,19,19,0.99871755,vitis,vitis,Correct
0,asphodelus/Asp.A.ramX400wF(1988)(0)E-2.png,0,0,0.9999541,asphodelus,asphodelus,Correct
1,asphodelus/Asp.A.ramX400wF(1988)(0)E-5.png,0,0,0.9999442,asphodelus,asphodelus,Correct
2,asphodelus/Asp.A.ramX400wF(1990)(0)G-4.png,0,0,0.9999689,asphodelus,asphodelus,Correct
3,calicotome/Fab.C.vilX400wF(2016)(0)A-23.png,1,1,0.9654809,calicotome,calicotome,Correct
4,calicotome/Fab.C.vilX400wF(2016)(0)A-7.png,1,1,0.99982125,calicotome,calicotome,Correct
5,calicotome/Fab.C.vilX400wF(2017)(0)B-8.png,1,1,0.9999927,calicotome,calicotome,Correct
6,calicotome/Fab.C.vilX400wF(2017)(0)B-9.png,1,1,0.9999956,calicotome,calicotome,Correct
8,calicotome/Fab.C.vilX400wF(2018)(0)C-7.png,1,1,0.93812704,calicotome,calicotome,Correct
9,calicotome/Fab.C.vilX400wF(2019)(0)D-104.png,1,1,0.9999876,calicotome,calicotome,Correct
10,calicotome/Fab.C.vilX400wF(2019)(0)D-110.png,1,1,0.99998534,calicotome,calicotome,Correct
11,calicotome/Fab.C.vilX400wF(2019)(0)D-111.png,1,1,0.99998546,calicotome,calicotome,Correct
12,calicotome/Fab.C.vilX400wF(2019)(0)D-117.png,1,1,0.99998415,calicotome,calicotome,Correct
13,calicotome/Fab.C.vilX400wF(2019)(0)D-26.png,1,1,0.99990666,calicotome,calicotome,Correct
14,calicotome/Fab.C.vilX400wF(2019)(0)D-39.png,1,1,0.97943294,calicotome,calicotome,Correct
15,calicotome/Fab.C.vilX400wF(2019)(0)D-41.png,1,1,0.9999733,calicotome,calicotome,Correct
16,calicotome/Fab.C.vilX400wF(2019)(0)D-46.png,1,1,0.9999368,calicotome,calicotome,Correct
17,calicotome/Fab.C.vilX400wF(2019)(0)D-52.png,1,1,0.99998355,calicotome,calicotome,Correct
18,calicotome/Fab.C.vilX400wF(2019)(0)D-60.png,1,1,0.99998105,calicotome,calicotome,Correct
19,calicotome/Fab.C.vilX400wF(2019)(0)D-61.png,1,1,0.99955577,calicotome,calicotome,Correct
20,calicotome/Fab.C.vilX400wF(2019)(0)D-68.png,1,1,0.99999,calicotome,calicotome,Correct
21,calicotome/Fab.C.vilX400wF(2019)(0)D-81.png,1,1,0.9999702,calicotome,calicotome,Correct
22,calicotome/Fab.C.vilX400wF(2019)(0)D-87.png,1,1,0.9996873,calicotome,calicotome,Correct
23,calicotome/Fab.C.vilX400wF(2020)(0)E-102.png,1,1,0.99998796,calicotome,calicotome,Correct
24,calicotome/Fab.C.vilX400wF(2020)(0)E-111.png,1,1,0.9999865,calicotome,calicotome,Correct
25,calicotome/Fab.C.vilX400wF(2020)(0)E-2.png,1,1,0.99998057,calicotome,calicotome,Correct
26,calicotome/Fab.C.vilX400wF(2020)(0)E-24.png,1,1,0.9999161,calicotome,calicotome,Correct
27,calicotome/Fab.C.vilX400wF(2020)(0)E-42.png,1,1,0.9999703,calicotome,calicotome,Correct
28,calicotome/Fab.C.vilX400wF(2020)(0)E-47.png,1,1,0.99998915,calicotome,calicotome,Correct
29,calicotome/Fab.C.vilX400wF(2020)(0)E-71.png,1,1,0.9999943,calicotome,calicotome,Correct
30,calicotome/Fab.C.vilX400wF(2020)(0)E-77.png,1,1,0.99999344,calicotome,calicotome,Correct
31,calicotome/Fab.C.vilX400wF(2020)(0)E-8.png,1,1,0.99996424,calicotome,calicotome,Correct
32,calicotome/Fab.C.vilX400wF(2020)(0)E-84.png,1,1,0.9999963,calicotome,calicotome,Correct
33,castanea/Fag.C.satX400wF(781)(0)A-10.png,2,2,0.9999746,castanea,castanea,Correct
34,castanea/Fag.C.satX400wF(781)(0)A-14.png,2,2,0.999979,castanea,castanea,Correct
35,castanea/Fag.C.satX400wF(781)(0)A-16.png,2,2,0.99997294,castanea,castanea,Correct
36,castanea/Fag.C.satX400wF(783)(0)C-1.png,2,2,0.99995375,castanea,castanea,Correct
37,castanea/Fag.C.satX400wF(784)(0)D-19.png,2,2,0.99997723,castanea,castanea,Correct
38,castanea/Fag.C.satX400wF(784)(0)D-22.png,2,2,0.99997604,castanea,castanea,Correct
39,castanea/Fag.C.satX400wF(784)(0)D-3.png,2,2,0.99996245,castanea,castanea,Correct
40,castanea/Fag.C.satX400wF(784)(0)D-4.png,2,2,0.99996614,castanea,castanea,Correct
41,castanea/Fag.C.satX400wF(785)(0)E-7.png,2,2,0.9999602,castanea,castanea,Correct
42,castanea/Fag.C.satX400wF(786)(0)F-3.png,2,2,0.99996495,castanea,castanea,Correct
43,castanea/Fag.C.satX400wF(786)(0)F-4.png,2,2,0.999962,castanea,castanea,Correct
44,castanea/Fag.C.satX400wF(786)(0)F-6.png,2,2,0.9999589,castanea,castanea,Correct
45,castanea/Fag.C.satX400wF(786)(0)F-9.png,2,2,0.9999639,castanea,castanea,Correct
46,castanea/Fag.C.satX400wF(792)(781)G-37.png,2,2,0.9999652,castanea,castanea,Correct
47,castanea/Fag.C.satX400wF(792)(781)G-47.png,2,2,0.99996746,castanea,castanea,Correct
48,castanea/Fag.C.satX400wF(792)(781)G-5.png,2,2,0.9999397,castanea,castanea,Correct
49,castanea/Fag.C.satX400wF(792)(781)G-55.png,2,2,0.9999846,castanea,castanea,Correct
50,castanea/Fag.C.satX400wF(792)(781)G-8.png,2,2,0.99994576,castanea,castanea,Correct
51,castanea/Fag.C.satX400wF(793)(781)H-14.png,2,2,0.99996996,castanea,castanea,Correct
52,castanea/Fag.C.satX400wF(793)(781)H-17.png,2,2,0.99995637,castanea,castanea,Correct
53,castanea/Fag.C.satX400wF(793)(781)H-22.png,2,2,0.99997425,castanea,castanea,Correct
54,castanea/Fag.C.satX400wF(793)(781)H-46.png,2,2,0.9999614,castanea,castanea,Correct
55,ceratonia/Fab.C.silX400wF(475)(0)A-18.png,3,3,0.99913555,ceratonia,ceratonia,Correct
56,ceratonia/Fab.C.silX400wF(476)(0)B-8.png,3,3,0.9986553,ceratonia,ceratonia,Correct
57,ceratonia/Fab.C.silX400wF(477)(0)C-2.png,3,3,0.9993185,ceratonia,ceratonia,Correct
58,ceratonia/Fab.C.silX400wF(478)(0)D-1.png,3,3,0.99999464,ceratonia,ceratonia,Correct
59,ceratonia/Fab.C.silX400wF(478)(0)D-2.png,3,3,0.9974444,ceratonia,ceratonia,Correct
60,ceratonia/Fab.C.silX400wF(479)(0)E-4.png,3,3,0.99952185,ceratonia,ceratonia,Correct
64,ceratonia/Fab.C.silX400wF(481)(0)G-9.png,3,3,0.99993443,ceratonia,ceratonia,Correct
65,ebenus/Fab.E.creX400wF(694)(0)B-5.png,4,4,0.99993217,ebenus,ebenus,Correct
66,ebenus/Fab.E.creX400wF(696)(0)D-1.png,4,4,0.9999485,ebenus,ebenus,Correct
67,erica/Eri.E.maniX400wF(5355)(0)A-13.png,5,5,0.99995375,erica,erica,Correct
68,erica/Eri.E.maniX400wF(5355)(0)A-19.png,5,5,0.9999937,erica,erica,Correct
69,erica/Eri.E.maniX400wF(5355)(0)A-20.png,5,5,0.99999166,erica,erica,Correct
70,erica/Eri.E.maniX400wF(5355)(0)A-4.png,5,5,0.999956,erica,erica,Correct
71,erica/Eri.E.maniX400wF(5356)(0)B-17.png,5,5,0.9999728,erica,erica,Correct
72,erica/Eri.E.maniX400wF(5356)(0)B-7.png,5,5,0.9999944,erica,erica,Correct
73,erica/Eri.E.maniX400wF(5357)(0)C-1.png,5,5,0.99997973,erica,erica,Correct
74,erica/Eri.E.maniX400wF(5357)(0)C-20.png,5,5,0.9999099,erica,erica,Correct
75,erica/Eri.E.maniX400wF(5357)(0)C-25.png,5,5,0.9999931,erica,erica,Correct
76,erica/Eri.E.maniX400wF(5357)(0)C-6.png,5,5,0.9999931,erica,erica,Correct
77,erica/Eri.E.maniX400wF(5358)(0)D-14.png,5,5,0.9999883,erica,erica,Correct
78,erica/Eri.E.maniX400wF(5358)(0)D-8.png,5,5,0.999967,erica,erica,Correct
79,erica/Eri.E.maniX400wF(5359)(0)E-1.png,5,5,0.9999614,erica,erica,Correct
80,erica/Eri.E.maniX400wF(5359)(0)E-24.png,5,5,0.9999924,erica,erica,Correct
81,erica/Eri.E.maniX400wF(5359)(0)E-30.png,5,5,0.9999869,erica,erica,Correct
82,erica/Eri.E.maniX400wF(5360)(0)F-9.png,5,5,0.999995,erica,erica,Correct
83,erica/Eri.E.maniX400wF(5361)(0)G-18.png,5,5,0.99997854,erica,erica,Correct
84,erica/Eri.E.maniX400wF(5362)(0)H-22.png,5,5,0.99999356,erica,erica,Correct
85,eucalyptus/Myr.E.camaX400wF(1867)(0)B-6.png,6,6,0.9998411,eucalyptus,eucalyptus,Correct
86,eucalyptus/Myr.E.camaX400wF(1870)(0)E-12.png,6,6,0.9998617,eucalyptus,eucalyptus,Correct
87,eucalyptus/Myr.E.camaX400wF(1870)(0)E-7.png,6,6,0.99586004,eucalyptus,eucalyptus,Correct
88,eucalyptus/Myr.E.camaX400wF(1872)(0)G-2.png,6,6,0.84997094,eucalyptus,eucalyptus,Correct
89,eucalyptus/Myr.E.camaX400wF(1872)(0)G-5.png,6,6,0.99992,eucalyptus,eucalyptus,Correct
90,eucalyptus/Myr.E.camaX400wF(2962)(0)H-10.png,6,6,0.999961,eucalyptus,eucalyptus,Correct
91,eucalyptus/Myr.E.camaX400wF(2962)(0)H-25.png,6,6,0.9999484,eucalyptus,eucalyptus,Correct
92,eucalyptus/Myr.E.camaX400wF(2962)(0)H-4.png,6,6,0.99892634,eucalyptus,eucalyptus,Correct
93,eucalyptus/Myr.E.camaX400wF(2962)(0)H-6.png,6,6,0.99970263,eucalyptus,eucalyptus,Correct
94,eucalyptus/Myr.E.camaX400wF(2963)(0)I-2.png,6,6,0.99965703,eucalyptus,eucalyptus,Correct
95,eucalyptus/Myr.E.camaX400wF(2963)(0)I-5.png,6,6,0.9998956,eucalyptus,eucalyptus,Correct
96,eucalyptus/Myr.E.camaX400wF(2963)(0)I-7.png,6,6,0.9998079,eucalyptus,eucalyptus,Correct
97,eucalyptus/Myr.E.camaX400wF(2963)(0)I-8.png,6,6,0.9997403,eucalyptus,eucalyptus,Correct
98,eucalyptus/Myr.E.camaX400wF(2964)(0)J-28.png,6,6,0.9992842,eucalyptus,eucalyptus,Correct
99,eucalyptus/Myr.E.camaX400wF(2965)(0)K-12.png,6,6,0.99989617,eucalyptus,eucalyptus,Correct
100,eucalyptus/Myr.E.camaX400wF(2965)(0)K-3.png,6,6,0.999944,eucalyptus,eucalyptus,Correct
101,eucalyptus/Myr.E.camaX400wF(2966)(0)L-5.png,6,6,0.99998343,eucalyptus,eucalyptus,Correct
103,ferula/Api.F.comX400wF(2136)(0)B-1.png,7,7,0.9995573,ferula,ferula,Correct
104,ferula/Api.F.comX400wF(2138)(0)D-5.png,7,7,0.99998903,ferula,ferula,Correct
105,ferula/Api.F.comX400wF(2138)(0)D-7.png,7,7,0.9999901,ferula,ferula,Correct
106,ferula/Api.F.comX400wF(2139)(0)E-14.png,7,7,0.99818987,ferula,ferula,Correct
107,ferula/Api.F.comX400wF(2139)(0)E-21.png,7,7,0.99992704,ferula,ferula,Correct
108,ferula/Api.F.comX400wF(2139)(0)E-23.png,7,7,0.9998958,ferula,ferula,Correct
109,ferula/Api.F.comX400wF(2139)(0)E-8.png,7,7,0.9993137,ferula,ferula,Correct
110,myrtus/IMG_3734-109.png,8,8,0.9999578,myrtus,myrtus,Correct
111,myrtus/IMG_3734-130.png,8,8,0.99998856,myrtus,myrtus,Correct
112,myrtus/IMG_3734-26.png,8,8,0.99973124,myrtus,myrtus,Correct
113,myrtus/IMG_3734-28.png,8,8,0.999979,myrtus,myrtus,Correct
114,myrtus/IMG_3734-29.png,8,8,0.9999869,myrtus,myrtus,Correct
115,myrtus/IMG_3734-34.png,8,8,0.99995863,myrtus,myrtus,Correct
116,myrtus/IMG_3734-59.png,8,8,0.9998779,myrtus,myrtus,Correct
117,myrtus/IMG_3734-97.png,8,8,0.9999794,myrtus,myrtus,Correct
118,myrtus/IMG_3735-14.png,8,8,0.9999869,myrtus,myrtus,Correct
119,myrtus/IMG_3735-15.png,8,8,0.9999547,myrtus,myrtus,Correct
120,myrtus/IMG_3735-23.png,8,8,0.9999769,myrtus,myrtus,Correct
121,myrtus/IMG_3735-38.png,8,8,0.9999521,myrtus,myrtus,Correct
122,myrtus/IMG_3735-6.png,8,8,0.999977,myrtus,myrtus,Correct
123,myrtus/IMG_3736-3.png,8,8,0.9999713,myrtus,myrtus,Correct
124,myrtus/IMG_3736-4.png,8,8,0.9999832,myrtus,myrtus,Correct
125,myrtus/IMG_3736-42.png,8,8,0.99998915,myrtus,myrtus,Correct
126,myrtus/IMG_3736-43.png,8,8,0.9999728,myrtus,myrtus,Correct
127,myrtus/IMG_3736-5.png,8,8,0.9998084,myrtus,myrtus,Correct
128,myrtus/IMG_3736-61.png,8,8,0.99997735,myrtus,myrtus,Correct
129,myrtus/IMG_3736-68.png,8,8,0.999884,myrtus,myrtus,Correct
130,myrtus/IMG_3736-73.png,8,8,0.999972,myrtus,myrtus,Correct
131,myrtus/IMG_3736-8.png,8,8,0.99995565,myrtus,myrtus,Correct
132,myrtus/IMG_3737-2.png,8,8,0.9998863,myrtus,myrtus,Correct
133,myrtus/IMG_3737-23.png,8,8,0.99995625,myrtus,myrtus,Correct
134,myrtus/IMG_3737-30.png,8,8,0.99990225,myrtus,myrtus,Correct
135,myrtus/IMG_3737-58.png,8,8,0.99931633,myrtus,myrtus,Correct
136,myrtus/IMG_3738-113.png,8,8,0.99993753,myrtus,myrtus,Correct
137,myrtus/IMG_3738-14.png,8,8,0.9998847,myrtus,myrtus,Correct
138,myrtus/IMG_3738-17.png,8,8,0.9999827,myrtus,myrtus,Correct
139,myrtus/IMG_3738-20.png,8,8,0.999869,myrtus,myrtus,Correct
140,myrtus/IMG_3738-24.png,8,8,0.99976856,myrtus,myrtus,Correct
141,myrtus/IMG_3738-47.png,8,8,0.9999633,myrtus,myrtus,Correct
142,myrtus/IMG_3738-67.png,8,8,0.99998677,myrtus,myrtus,Correct
143,myrtus/IMG_3738-69.png,8,8,0.9999894,myrtus,myrtus,Correct
144,myrtus/IMG_3738-70.png,8,8,0.9999671,myrtus,myrtus,Correct
145,myrtus/IMG_3738-96.png,8,8,0.9999734,myrtus,myrtus,Correct
146,myrtus/IMG_3741-16.png,8,8,0.9999498,myrtus,myrtus,Correct
147,myrtus/IMG_3741-20.png,8,8,0.9999188,myrtus,myrtus,Correct
148,myrtus/IMG_3741-3.png,8,8,0.999959,myrtus,myrtus,Correct
149,myrtus/IMG_3741-32.png,8,8,0.9999759,myrtus,myrtus,Correct
150,myrtus/IMG_3741-56.png,8,8,0.9999933,myrtus,myrtus,Correct
151,myrtus/IMG_3741-64.png,8,8,0.99979097,myrtus,myrtus,Correct
152,myrtus/IMG_3741-70.png,8,8,0.9986981,myrtus,myrtus,Correct
153,myrtus/IMG_3742-42.png,8,8,0.99995506,myrtus,myrtus,Correct
154,myrtus/IMG_3742-51.png,8,8,0.99983776,myrtus,myrtus,Correct
155,myrtus/IMG_3742-6.png,8,8,0.99996316,myrtus,myrtus,Correct
156,myrtus/IMG_3743-2.png,8,8,0.9999716,myrtus,myrtus,Correct
157,myrtus/IMG_3743-20.png,8,8,0.99998164,myrtus,myrtus,Correct
158,myrtus/IMG_3743-25.png,8,8,0.9999832,myrtus,myrtus,Correct
159,myrtus/IMG_3743-4.png,8,8,0.99998295,myrtus,myrtus,Correct
160,myrtus/IMG_3743-5.png,8,8,0.9999862,myrtus,myrtus,Correct
161,myrtus/IMG_3743-8.png,8,8,0.9999547,myrtus,myrtus,Correct
162,myrtus/IMG_3743-9.png,8,8,0.9999809,myrtus,myrtus,Correct
163,myrtus/IMG_3744-35.png,8,8,0.99992204,myrtus,myrtus,Correct
164,myrtus/IMG_3744-4.png,8,8,0.99996996,myrtus,myrtus,Correct
165,myrtus/IMG_3744-8.png,8,8,0.9999013,myrtus,myrtus,Correct
166,myrtus/Myr.M.comX400wF(1095)(1091)A-1.png,8,8,0.9999831,myrtus,myrtus,Correct
167,myrtus/Myr.M.comX400wF(1095)(1091)A-19.png,8,8,0.9999542,myrtus,myrtus,Correct
168,myrtus/Myr.M.comX400wF(1095)(1091)A-25.png,8,8,0.99996257,myrtus,myrtus,Correct
169,myrtus/Myr.M.comX400wF(1095)(1091)A-46.png,8,8,0.9999261,myrtus,myrtus,Correct
170,myrtus/Myr.M.comX400wF(1095)(1091)A-48.png,8,8,0.9999585,myrtus,myrtus,Correct
171,myrtus/Myr.M.comX400wF(1095)(1091)A-65.png,8,8,0.99992335,myrtus,myrtus,Correct
172,myrtus/Myr.M.comX400wF(1095)(1091)A-67.png,8,8,0.9998629,myrtus,myrtus,Correct
173,myrtus/Myr.M.comX400wF(1095)(1091)A-77.png,8,8,0.9990823,myrtus,myrtus,Correct
174,myrtus/Myr.M.comX400wF(1095)(1091)A-79.png,8,8,0.9999796,myrtus,myrtus,Correct
175,myrtus/Myr.M.comX400wF(1095)(1091)A-83.png,8,8,0.9999497,myrtus,myrtus,Correct
176,myrtus/Myr.M.comX400wF(1095)(1091)A-90.png,8,8,0.999966,myrtus,myrtus,Correct
177,myrtus/Myr.M.comX400wF(1097)(1090)C-11.png,8,8,0.99998903,myrtus,myrtus,Correct
178,myrtus/Myr.M.comX400wF(1097)(1090)C-17.png,8,8,0.99998534,myrtus,myrtus,Correct
179,myrtus/Myr.M.comX400wF(1097)(1090)C-2.png,8,8,0.9999596,myrtus,myrtus,Correct
180,myrtus/Myr.M.comX400wF(1097)(1090)C-29.png,8,8,0.9999839,myrtus,myrtus,Correct
181,myrtus/Myr.M.comX400wF(1097)(1090)C-3.png,8,8,0.9999541,myrtus,myrtus,Correct
182,myrtus/Myr.M.comX400wF(1097)(1090)C-39.png,8,8,0.99996567,myrtus,myrtus,Correct
183,myrtus/Myr.M.comX400wF(1097)(1090)C-46.png,8,8,0.999969,myrtus,myrtus,Correct
184,myrtus/Myr.M.comX400wF(1097)(1090)C-5.png,8,8,0.9999466,myrtus,myrtus,Correct
185,myrtus/Myr.M.comX400wF(1097)(1090)C-54.png,8,8,0.9999846,myrtus,myrtus,Correct
186,myrtus/Myr.M.comX400wF(1097)(1090)C-76.png,8,8,0.99993634,myrtus,myrtus,Correct
187,myrtus/Myr.M.comX400wF(1097)(1090)C-80.png,8,8,0.9999591,myrtus,myrtus,Correct
188,myrtus/Myr.M.comX400wF(1097)(1090)C-82.png,8,8,0.99992275,myrtus,myrtus,Correct
189,olea/Ole.O.euroX400wF(4261)(0)A-15.png,9,9,0.9998149,olea,olea,Correct
190,olea/Ole.O.euroX400wF(4261)(0)A-23.png,9,9,0.9995347,olea,olea,Correct
191,olea/Ole.O.euroX400wF(4261)(0)A-35.png,9,9,0.9998951,olea,olea,Correct
192,olea/Ole.O.euroX400wF(4261)(0)A-36.png,9,9,0.9998554,olea,olea,Correct
193,olea/Ole.O.euroX400wF(4261)(0)A-40.png,9,9,0.999132,olea,olea,Correct
194,olea/Ole.O.euroX400wF(4261)(0)A-42.png,9,9,0.9999629,olea,olea,Correct
195,olea/Ole.O.euroX400wF(4261)(0)A-9.png,9,9,0.9969246,olea,olea,Correct
196,olea/Ole.O.euroX400wF(4262)(0)B-11.png,9,9,0.9986576,olea,olea,Correct
197,olea/Ole.O.euroX400wF(4262)(0)B-16.png,9,9,0.99995697,olea,olea,Correct
198,olea/Ole.O.euroX400wF(4262)(0)B-21.png,9,9,0.99991524,olea,olea,Correct
199,olea/Ole.O.euroX400wF(4262)(0)B-30.png,9,9,0.9997167,olea,olea,Correct
200,olea/Ole.O.euroX400wF(4263)(0)C-100.png,9,9,0.99996305,olea,olea,Correct
201,olea/Ole.O.euroX400wF(4263)(0)C-106.png,9,9,0.99988544,olea,olea,Correct
202,olea/Ole.O.euroX400wF(4263)(0)C-120.png,9,9,0.99679935,olea,olea,Correct
203,olea/Ole.O.euroX400wF(4263)(0)C-160.png,9,9,0.999959,olea,olea,Correct
204,olea/Ole.O.euroX400wF(4263)(0)C-182.png,9,9,0.9952726,olea,olea,Correct
205,olea/Ole.O.euroX400wF(4263)(0)C-184.png,9,9,0.9999423,olea,olea,Correct
206,olea/Ole.O.euroX400wF(4263)(0)C-191.png,9,9,0.9999256,olea,olea,Correct
207,olea/Ole.O.euroX400wF(4263)(0)C-26.png,9,9,0.9999919,olea,olea,Correct
208,olea/Ole.O.euroX400wF(4263)(0)C-31.png,9,9,0.99996376,olea,olea,Correct
209,olea/Ole.O.euroX400wF(4263)(0)C-63.png,9,9,0.99996674,olea,olea,Correct
210,olea/Ole.O.euroX400wF(4263)(0)C-7.png,9,9,0.9998679,olea,olea,Correct
211,olea/Ole.O.euroX400wF(4263)(0)C-88.png,9,9,0.9999707,olea,olea,Correct
212,olea/Ole.O.euroX400wF(4263)(0)C-9.png,9,9,0.9999635,olea,olea,Correct
213,olea/Ole.O.euroX400wF(4264)(0)D-103.png,9,9,0.9999651,olea,olea,Correct
214,olea/Ole.O.euroX400wF(4264)(0)D-149.png,9,9,0.9999449,olea,olea,Correct
215,olea/Ole.O.euroX400wF(4264)(0)D-161.png,9,9,0.99996257,olea,olea,Correct
216,olea/Ole.O.euroX400wF(4264)(0)D-17.png,9,9,0.9999584,olea,olea,Correct
217,olea/Ole.O.euroX400wF(4264)(0)D-21.png,9,9,0.99997735,olea,olea,Correct
218,olea/Ole.O.euroX400wF(4264)(0)D-33.png,9,9,0.9999547,olea,olea,Correct
219,olea/Ole.O.euroX400wF(4264)(0)D-42.png,9,9,0.9999212,olea,olea,Correct
220,olea/Ole.O.euroX400wF(4264)(0)D-70.png,9,9,0.9999763,olea,olea,Correct
221,olea/Ole.O.euroX400wF(4264)(0)D-74.png,9,9,0.99997807,olea,olea,Correct
222,olea/Ole.O.euroX400wF(4264)(0)D-80.png,9,9,0.9999263,olea,olea,Correct
223,olea/Ole.O.euroX400wF(4264)(0)D-84.png,9,9,0.99991214,olea,olea,Correct
224,olea/Ole.O.euroX400wF(4264)(0)D-89.png,9,9,0.9999788,olea,olea,Correct
225,olea/Ole.O.euroX400wF(4264)(0)D-90.png,9,9,0.9999809,olea,olea,Correct
226,olea/Ole.O.euroX400wF(4265)(0)E-1.png,9,9,0.9999616,olea,olea,Correct
227,olea/Ole.O.euroX400wF(4265)(0)E-10.png,9,9,0.9999825,olea,olea,Correct
228,olea/Ole.O.euroX400wF(4265)(0)E-101.png,9,9,0.9998914,olea,olea,Correct
229,olea/Ole.O.euroX400wF(4265)(0)E-103.png,9,9,0.99993575,olea,olea,Correct
230,olea/Ole.O.euroX400wF(4265)(0)E-105.png,9,9,0.9998129,olea,olea,Correct
231,olea/Ole.O.euroX400wF(4265)(0)E-107.png,9,9,0.99995077,olea,olea,Correct
232,olea/Ole.O.euroX400wF(4265)(0)E-110.png,9,9,0.9998029,olea,olea,Correct
233,olea/Ole.O.euroX400wF(4265)(0)E-131.png,9,9,0.999928,olea,olea,Correct
234,olea/Ole.O.euroX400wF(4265)(0)E-135.png,9,9,0.9050129,olea,olea,Correct
235,olea/Ole.O.euroX400wF(4265)(0)E-138.png,9,9,0.9999032,olea,olea,Correct
236,olea/Ole.O.euroX400wF(4265)(0)E-151.png,9,9,0.999897,olea,olea,Correct
237,olea/Ole.O.euroX400wF(4265)(0)E-156.png,9,9,0.99991345,olea,olea,Correct
238,olea/Ole.O.euroX400wF(4265)(0)E-177.png,9,9,0.99993384,olea,olea,Correct
239,olea/Ole.O.euroX400wF(4265)(0)E-181.png,9,9,0.9999665,olea,olea,Correct
240,olea/Ole.O.euroX400wF(4265)(0)E-19.png,9,9,0.9999578,olea,olea,Correct
241,olea/Ole.O.euroX400wF(4265)(0)E-190.png,9,9,0.99995494,olea,olea,Correct
242,olea/Ole.O.euroX400wF(4265)(0)E-206.png,9,9,0.99988794,olea,olea,Correct
243,olea/Ole.O.euroX400wF(4265)(0)E-211.png,9,9,0.99995303,olea,olea,Correct
244,olea/Ole.O.euroX400wF(4265)(0)E-43.png,9,9,0.99995875,olea,olea,Correct
245,olea/Ole.O.euroX400wF(4265)(0)E-54.png,9,9,0.9998927,olea,olea,Correct
246,olea/Ole.O.euroX400wF(4265)(0)E-77.png,9,9,0.99995804,olea,olea,Correct
247,olea/Ole.O.euroX400wF(4265)(0)E-85.png,9,9,0.99991035,olea,olea,Correct
248,olea/Ole.O.euroX400wF(4265)(0)E-87.png,9,9,0.9999094,olea,olea,Correct
249,olea/Ole.O.euroX400wF(4265)(0)E-97.png,9,9,0.9999584,olea,olea,Correct
250,olea/Ole.O.euroX400wF(4266)(0)F-119.png,9,9,0.9999633,olea,olea,Correct
251,olea/Ole.O.euroX400wF(4266)(0)F-134.png,9,9,0.9998196,olea,olea,Correct
252,olea/Ole.O.euroX400wF(4266)(0)F-142.png,9,9,0.99990535,olea,olea,Correct
253,olea/Ole.O.euroX400wF(4266)(0)F-27.png,9,9,0.9999757,olea,olea,Correct
254,olea/Ole.O.euroX400wF(4266)(0)F-32.png,9,9,0.99965584,olea,olea,Correct
255,olea/Ole.O.euroX400wF(4266)(0)F-34.png,9,9,0.99977607,olea,olea,Correct
256,olea/Ole.O.euroX400wF(4266)(0)F-57.png,9,9,0.9999492,olea,olea,Correct
257,olea/Ole.O.euroX400wF(4266)(0)F-58.png,9,9,0.9999528,olea,olea,Correct
258,olea/Ole.O.euroX400wF(4266)(0)F-59.png,9,9,0.999747,olea,olea,Correct
259,olea/Ole.O.euroX400wF(4266)(0)F-60.png,9,9,0.999936,olea,olea,Correct
260,olea/Ole.O.euroX400wF(4266)(0)F-70.png,9,9,0.99994457,olea,olea,Correct
261,olea/Ole.O.euroX400wF(4266)(0)F-91.png,9,9,0.99992764,olea,olea,Correct
262,olea/Ole.O.euroX400wF(4266)(0)F-98.png,9,9,0.99996364,olea,olea,Correct
263,olea/Ole.O.euroX400wF(4267)(0)G-3.png,9,9,0.99771476,olea,olea,Correct
264,olea/Ole.O.euroX400wF(4267)(0)G-38.png,9,9,0.9999517,olea,olea,Correct
265,olea/Ole.O.euroX400wF(4267)(0)G-40.png,9,9,0.99997115,olea,olea,Correct
266,olea/Ole.O.euroX400wF(4267)(0)G-5.png,9,9,0.99994695,olea,olea,Correct
267,olea/Ole.O.euroX400wF(4267)(0)G-58.png,9,9,0.99990606,olea,olea,Correct
268,origanum/Lam.O.micX400wF(884)(0)A-13.png,10,10,0.9999393,origanum,origanum,Correct
269,origanum/Lam.O.micX400wF(884)(0)A-4.png,10,10,0.99981636,origanum,origanum,Correct
270,origanum/Lam.O.micX400wF(885)(0)B-4.png,10,10,0.99994636,origanum,origanum,Correct
271,origanum/Lam.O.micX400wF(885)(0)B-5.png,10,10,0.9996903,origanum,origanum,Correct
272,origanum/Lam.O.micX400wF(886)(0)C-15.png,10,10,0.9999573,origanum,origanum,Correct
273,origanum/Lam.O.micX400wF(886)(0)C-17.png,10,10,0.99989533,origanum,origanum,Correct
274,origanum/Lam.O.micX400wF(886)(0)C-18.png,10,10,0.9999639,origanum,origanum,Correct
275,origanum/Lam.O.micX400wF(886)(0)C-23.png,10,10,0.99989605,origanum,origanum,Correct
276,origanum/Lam.O.micX400wF(886)(0)C-31.png,10,10,0.9998983,origanum,origanum,Correct
277,origanum/Lam.O.micX400wF(886)(0)C-33.png,10,10,0.9999497,origanum,origanum,Correct
278,origanum/Lam.O.micX400wF(886)(0)C-34.png,10,10,0.99992704,origanum,origanum,Correct
279,origanum/Lam.O.micX400wF(886)(0)C-42.png,10,10,0.99980456,origanum,origanum,Correct
280,origanum/Lam.O.micX400wF(889)(0)F-1.png,10,10,0.99995255,origanum,origanum,Correct
281,origanum/Lam.O.micX400wF(889)(0)F-19.png,10,10,0.99998784,origanum,origanum,Correct
282,origanum/Lam.O.micX400wF(889)(0)F-37.png,10,10,0.99998295,origanum,origanum,Correct
283,origanum/Lam.O.micX400wF(889)(0)F-7.png,10,10,0.9999511,origanum,origanum,Correct
284,origanum/Lam.O.micX400wF(889)(0)F-9.png,10,10,0.99996006,origanum,origanum,Correct
285,oxalis/Oxa.O.pes.cX400wF(1734)(0)B-6.png,11,11,0.9999778,oxalis,oxalis,Correct
286,oxalis/Oxa.O.pes.cX400wF(1735)(0)C-3.png,11,11,0.99996173,oxalis,oxalis,Correct
287,oxalis/Oxa.O.pes.cX400wF(1735)(0)C-4.png,11,11,0.99997973,oxalis,oxalis,Correct
288,oxalis/Oxa.O.pes.cX400wF(1737)(1736)E-9.png,11,11,0.9999956,oxalis,oxalis,Correct
289,oxalis/Oxa.O.pes.cX400wF(1738)(0)F-16.png,11,11,0.9999703,oxalis,oxalis,Correct
290,oxalis/Oxa.O.pes.cX400wF(1738)(0)F-8.png,11,11,0.99997985,oxalis,oxalis,Correct
291,oxalis/Oxa.O.pes.cX400wF(1739)(0)G-2.png,11,11,0.99988174,oxalis,oxalis,Correct
292,oxalis/Oxa.O.pes.cX400wF(1740)(0)H-5.png,11,11,0.99990165,oxalis,oxalis,Correct
293,oxalis/Oxa.O.pes.cX400wF(1740)(0)H-7.png,11,11,0.9997762,oxalis,oxalis,Correct
294,oxalis/Oxa.O.pes.cX400wF(1742)(1741)J-10.png,11,11,0.9999882,oxalis,oxalis,Correct
295,oxalis/Oxa.O.pes.cX400wF(1742)(1741)J-4.png,11,11,0.9999714,oxalis,oxalis,Correct
296,oxalis/Oxa.O.pes.cX400wF(1743)(0)K-11.png,11,11,0.99987924,oxalis,oxalis,Correct
297,oxalis/Oxa.O.pes.cX400wF(1743)(0)K-16.png,11,11,0.9999833,oxalis,oxalis,Correct
298,oxalis/Oxa.O.pes.cX400wF(1743)(0)K-17.png,11,11,0.9999926,oxalis,oxalis,Correct
299,pinus/Pin.P.brutX400wF(3171)(0)A-2.png,12,12,0.99994063,pinus,pinus,Correct
300,pinus/Pin.P.brutX400wF(3172)(0)B-4.png,12,12,0.9999654,pinus,pinus,Correct
301,pinus/Pin.P.brutX400wF(3175)(0)E-3.png,12,12,0.99997044,pinus,pinus,Correct
302,pistacia/Ana.P.tereX400wF(3222)(0)A-8.png,13,13,0.99998367,pistacia,pistacia,Correct
303,pistacia/Ana.P.tereX400wF(3222)(0)A-9.png,13,13,0.9999683,pistacia,pistacia,Correct
304,pistacia/Ana.P.tereX400wF(3225)(0)D-2.png,13,13,0.9999614,pistacia,pistacia,Correct
305,salvia/Lam.S.triX400wF(2188)(0)A-9.png,14,14,0.99996924,salvia,salvia,Correct
306,salvia/Lam.S.triX400wF(2189)(0)B-11.png,14,14,0.99996257,salvia,salvia,Correct
307,salvia/Lam.S.triX400wF(2189)(0)B-12.png,14,14,0.99997294,salvia,salvia,Correct
308,salvia/Lam.S.triX400wF(2189)(0)B-18.png,14,14,0.99998367,salvia,salvia,Correct
309,salvia/Lam.S.triX400wF(2189)(0)B-22.png,14,14,0.9999839,salvia,salvia,Correct
310,salvia/Lam.S.triX400wF(2189)(0)B-40.png,14,14,0.9999343,salvia,salvia,Correct
311,salvia/Lam.S.triX400wF(2189)(0)B-48.png,14,14,0.9999616,salvia,salvia,Correct
312,salvia/Lam.S.triX400wF(2189)(0)B-5.png,14,14,0.99996066,salvia,salvia,Correct
313,salvia/Lam.S.triX400wF(2189)(0)B-56.png,14,14,0.99998426,salvia,salvia,Correct
314,salvia/Lam.S.triX400wF(2189)(0)B-9.png,14,14,0.9999616,salvia,salvia,Correct
315,salvia/Lam.S.triX400wF(2190)(0)C-10.png,14,14,0.99991655,salvia,salvia,Correct
316,salvia/Lam.S.triX400wF(2191)(0)D-12.png,14,14,0.9999839,salvia,salvia,Correct
317,salvia/Lam.S.triX400wF(2191)(0)D-3.png,14,14,0.9999715,salvia,salvia,Correct
318,salvia/Lam.S.triX400wF(2191)(0)D-40.png,14,14,0.999972,salvia,salvia,Correct
319,salvia/Lam.S.triX400wF(2191)(0)D-49.png,14,14,0.99998975,salvia,salvia,Correct
320,salvia/Lam.S.triX400wF(2191)(0)D-8.png,14,14,0.9999652,salvia,salvia,Correct
321,salvia/Lam.S.triX400wF(2193)(0)F-19.png,14,14,0.99998164,salvia,salvia,Correct
322,salvia/Lam.S.triX400wF(2193)(0)F-6.png,14,14,0.9999769,salvia,salvia,Correct
323,satureja/Lam.S.thyX400wF(941)(937)A-10.png,15,15,0.9999578,satureja,satureja,Correct
324,satureja/Lam.S.thyX400wF(941)(937)A-3.png,15,15,0.99959415,satureja,satureja,Correct
326,satureja/Lam.S.thyX400wF(942)(935)B-3.png,15,15,0.99913627,satureja,satureja,Correct
327,satureja/Lam.S.thyX400wF(943)(990)C-4.png,15,15,0.9999075,satureja,satureja,Correct
328,satureja/Lam.S.thyX400wF(944)(940)E-18.png,15,15,0.9999646,satureja,satureja,Correct
329,satureja/Lam.S.thyX400wF(946)(0)G-4.png,15,15,0.9999374,satureja,satureja,Correct
330,sinapis/Bra.S.albX400wF(2150)(0)A-11.png,16,16,0.99750644,sinapis,sinapis,Correct
331,sinapis/Bra.S.albX400wF(2150)(0)A-3.png,16,16,0.9999906,sinapis,sinapis,Correct
332,sinapis/Bra.S.albX400wF(2151)(0)B-9.png,16,16,0.9999939,sinapis,sinapis,Correct
334,sinapis/Bra.S.albX400wF(2152)(0)C-17.png,16,16,0.99977213,sinapis,sinapis,Correct
336,sinapis/Bra.S.albX400wF(2152)(0)C-24.png,16,16,0.99984694,sinapis,sinapis,Correct
337,sinapis/Bra.S.albX400wF(2152)(0)C-6.png,16,16,0.99872214,sinapis,sinapis,Correct
338,sinapis/Bra.S.albX400wF(2153)(0)D-18.png,16,16,0.9999807,sinapis,sinapis,Correct
339,sinapis/Bra.S.albX400wF(2153)(0)D-5.png,16,16,0.9999826,sinapis,sinapis,Correct
340,sinapis/Bra.S.albX400wF(2154)(0)E-1.png,16,16,0.9998994,sinapis,sinapis,Correct
341,sinapis/Bra.S.albX400wF(2154)(0)E-12.png,16,16,0.99998474,sinapis,sinapis,Correct
342,sinapis/Bra.S.albX400wF(2154)(0)E-2.png,16,16,0.8675559,sinapis,sinapis,Correct
343,sinapis/Bra.S.albX400wF(2154)(0)E-22.png,16,16,0.99992085,sinapis,sinapis,Correct
345,sinapis/Bra.S.albX400wF(2155)(0)F-11.png,16,16,0.99992025,sinapis,sinapis,Correct
346,sinapis/Bra.S.albX400wF(2155)(0)F-8.png,16,16,0.99993014,sinapis,sinapis,Correct
347,sinapis/IMG_3701-4.png,16,16,0.99992657,sinapis,sinapis,Correct
348,sinapis/IMG_3706-15.png,16,16,0.9999895,sinapis,sinapis,Correct
349,sinapis/IMG_3706-8.png,16,16,0.9999839,sinapis,sinapis,Correct
350,thymbra/Lam.T.capX400wF(1029)(0)A-23.png,17,17,0.9999516,thymbra,thymbra,Correct
351,thymbra/Lam.T.capX400wF(1029)(0)A-5.png,17,17,0.9999156,thymbra,thymbra,Correct
352,thymbra/Lam.T.capX400wF(1029)(0)A-6.png,17,17,0.9999027,thymbra,thymbra,Correct
353,thymbra/Lam.T.capX400wF(1030)(0)B-9.png,17,17,0.99996257,thymbra,thymbra,Correct
354,thymbra/Lam.T.capX400wF(1031)(0)C-1.png,17,17,0.9995976,thymbra,thymbra,Correct
355,thymbra/Lam.T.capX400wF(1031)(0)C-2.png,17,17,0.99955636,thymbra,thymbra,Correct
356,thymbra/Lam.T.capX400wF(1032)(0)D-13.png,17,17,0.9999107,thymbra,thymbra,Correct
357,thymbra/x40 f (1)-6.png,17,17,0.9999628,thymbra,thymbra,Correct
358,thymbra/x40 f (3)-7.png,17,17,0.999966,thymbra,thymbra,Correct
359,thymbra/x40 f (4)-11.png,17,17,0.9999696,thymbra,thymbra,Correct
360,thymbra/x40 f (4)-6.png,17,17,0.99997747,thymbra,thymbra,Correct
361,thymbra/x40 f (5)-11.png,17,17,0.9999739,thymbra,thymbra,Correct
362,thymbra/x40 f (5)-14.png,17,17,0.9999844,thymbra,thymbra,Correct
363,thymbra/x40 f (5)-17.png,17,17,0.99993,thymbra,thymbra,Correct
364,urginea/Asp.U.marX400wF(5317)(0)A-11.png,18,18,0.9999863,urginea,urginea,Correct
365,urginea/Asp.U.marX400wF(5317)(0)A-14.png,18,18,0.9999628,urginea,urginea,Correct
366,urginea/Asp.U.marX400wF(5317)(0)A-16.png,18,18,0.99999094,urginea,urginea,Correct
367,urginea/Asp.U.marX400wF(5317)(0)A-2.png,18,18,0.9999726,urginea,urginea,Correct
368,urginea/Asp.U.marX400wF(5318)(0)B-3.png,18,18,0.99997747,urginea,urginea,Correct
369,urginea/Asp.U.marX400wF(5319)(0)C-10.png,18,18,0.9999939,urginea,urginea,Correct
370,urginea/Asp.U.marX400wF(5320)(0)D-8.png,18,18,0.99999356,urginea,urginea,Correct
371,urginea/Asp.U.marX400wF(5321)(0)E-10.png,18,18,0.9999825,urginea,urginea,Correct
372,urginea/Asp.U.marX400wF(5321)(0)E-2.png,18,18,0.99999106,urginea,urginea,Correct
373,urginea/Asp.U.marX400wF(5323)(0)G-1.png,18,18,0.9999962,urginea,urginea,Correct
374,urginea/Asp.U.marX400wF(5324)(0)H-10.png,18,18,0.99999166,urginea,urginea,Correct
375,vitis/Vit.V.viniX400wF(4978)(0)A-12.png,19,19,0.99991584,vitis,vitis,Correct
376,vitis/Vit.V.viniX400wF(4978)(0)A-5.png,19,19,0.99990964,vitis,vitis,Correct
377,vitis/Vit.V.viniX400wF(4979)(0)B-3.png,19,19,0.9999453,vitis,vitis,Correct
378,vitis/Vit.V.viniX400wF(4979)(0)B-5.png,19,19,0.99997354,vitis,vitis,Correct
379,vitis/Vit.V.viniX400wF(4979)(0)B-9.png,19,19,0.99946994,vitis,vitis,Correct
380,vitis/Vit.V.viniX400wF(4980)(0)C-10.png,19,19,0.999964,vitis,vitis,Correct
381,vitis/Vit.V.viniX400wF(4980)(0)C-23.png,19,19,0.99997723,vitis,vitis,Correct
382,vitis/Vit.V.viniX400wF(4980)(0)C-25.png,19,19,0.99988675,vitis,vitis,Correct
383,vitis/Vit.V.viniX400wF(4980)(0)C-27.png,19,19,0.9999715,vitis,vitis,Correct
384,vitis/Vit.V.viniX400wF(4981)(0)D-38.png,19,19,0.48190328,vitis,vitis,Correct
385,vitis/Vit.V.viniX400wF(4981)(0)D-4.png,19,19,0.9999293,vitis,vitis,Correct
386,vitis/Vit.V.viniX400wF(4981)(0)D-43.png,19,19,0.9999844,vitis,vitis,Correct
387,vitis/Vit.V.viniX400wF(4982)(0)E-19.png,19,19,0.99997234,vitis,vitis,Correct
388,vitis/Vit.V.viniX400wF(4982)(0)E-3.png,19,19,0.9999608,vitis,vitis,Correct
389,vitis/Vit.V.viniX400wF(4982)(0)E-42.png,19,19,0.99999034,vitis,vitis,Correct
390,vitis/Vit.V.viniX400wF(4982)(0)E-9.png,19,19,0.9886761,vitis,vitis,Correct
391,vitis/Vit.V.viniX400wF(4983)(0)F-14.png,19,19,0.9999852,vitis,vitis,Correct
392,vitis/Vit.V.viniX400wF(4984)(0)G-10.png,19,19,0.99976474,vitis,vitis,Correct
393,vitis/Vit.V.viniX400wF(4984)(0)G-14.png,19,19,0.9998155,vitis,vitis,Correct
394,vitis/Vit.V.viniX400wF(4984)(0)G-17.png,19,19,0.9999454,vitis,vitis,Correct
395,vitis/Vit.V.viniX400wF(4984)(0)G-24.png,19,19,0.99994564,vitis,vitis,Correct
396,vitis/Vit.V.viniX400wF(4984)(0)G-27.png,19,19,0.9994436,vitis,vitis,Correct
397,vitis/Vit.V.viniX400wF(4984)(0)G-3.png,19,19,0.9992434,vitis,vitis,Correct
398,vitis/Vit.V.viniX400wF(4984)(0)G-49.png,19,19,0.9914425,vitis,vitis,Correct
399,vitis/Vit.V.viniX400wF(4985)(0)H-28.png,19,19,0.9999788,vitis,vitis,Correct
400,vitis/Vit.V.viniX400wF(4985)(0)H-30.png,19,19,0.999941,vitis,vitis,Correct
401,vitis/Vit.V.viniX400wF(4985)(0)H-36.png,19,19,0.9999752,vitis,vitis,Correct
0,asphodelus/Asp.A.ramX400wF(1984)(0)A-6.png,0,0,0.99959415,asphodelus,asphodelus,Correct
1,asphodelus/Asp.A.ramX400wF(1987)(0)D-2.png,0,0,0.9995171,asphodelus,asphodelus,Correct
2,asphodelus/Asp.A.ramX400wF(1989)(0)F-2.png,0,0,0.9994929,asphodelus,asphodelus,Correct
3,calicotome/Fab.C.vilX400wF(2016)(0)A-12.png,1,1,0.9994332,calicotome,calicotome,Correct
4,calicotome/Fab.C.vilX400wF(2017)(0)B-1.png,1,1,0.87521917,calicotome,calicotome,Correct
5,calicotome/Fab.C.vilX400wF(2017)(0)B-4.png,1,1,0.9997427,calicotome,calicotome,Correct
6,calicotome/Fab.C.vilX400wF(2018)(0)C-21.png,1,1,0.9993229,calicotome,calicotome,Correct
7,calicotome/Fab.C.vilX400wF(2018)(0)C-23.png,1,1,0.88648957,calicotome,calicotome,Correct
8,calicotome/Fab.C.vilX400wF(2019)(0)D-100.png,1,1,0.99952507,calicotome,calicotome,Correct
9,calicotome/Fab.C.vilX400wF(2019)(0)D-103.png,1,1,0.99935967,calicotome,calicotome,Correct
10,calicotome/Fab.C.vilX400wF(2019)(0)D-106.png,1,1,0.9994048,calicotome,calicotome,Correct
11,calicotome/Fab.C.vilX400wF(2019)(0)D-119.png,1,1,0.999373,calicotome,calicotome,Correct
12,calicotome/Fab.C.vilX400wF(2019)(0)D-124.png,1,1,0.99876887,calicotome,calicotome,Correct
13,calicotome/Fab.C.vilX400wF(2019)(0)D-18.png,1,1,0.9996024,calicotome,calicotome,Correct
14,calicotome/Fab.C.vilX400wF(2019)(0)D-19.png,1,1,0.9990938,calicotome,calicotome,Correct
15,calicotome/Fab.C.vilX400wF(2019)(0)D-32.png,1,1,0.9994374,calicotome,calicotome,Correct
16,calicotome/Fab.C.vilX400wF(2019)(0)D-48.png,1,1,0.99945205,calicotome,calicotome,Correct
17,calicotome/Fab.C.vilX400wF(2019)(0)D-62.png,1,1,0.9990694,calicotome,calicotome,Correct
18,calicotome/Fab.C.vilX400wF(2019)(0)D-70.png,1,1,0.9997826,calicotome,calicotome,Correct
19,calicotome/Fab.C.vilX400wF(2019)(0)D-77.png,1,1,0.99929476,calicotome,calicotome,Correct
20,calicotome/Fab.C.vilX400wF(2019)(0)D-78.png,1,1,0.99970144,calicotome,calicotome,Correct
21,calicotome/Fab.C.vilX400wF(2019)(0)D-8.png,1,1,0.9997719,calicotome,calicotome,Correct
22,calicotome/Fab.C.vilX400wF(2019)(0)D-91.png,1,1,0.99965775,calicotome,calicotome,Correct
23,calicotome/Fab.C.vilX400wF(2020)(0)E-106.png,1,1,0.99983835,calicotome,calicotome,Correct
24,calicotome/Fab.C.vilX400wF(2020)(0)E-32.png,1,1,0.9988024,calicotome,calicotome,Correct
25,calicotome/Fab.C.vilX400wF(2020)(0)E-44.png,1,1,0.9996309,calicotome,calicotome,Correct
26,calicotome/Fab.C.vilX400wF(2020)(0)E-45.png,1,1,0.9997714,calicotome,calicotome,Correct
27,calicotome/Fab.C.vilX400wF(2020)(0)E-80.png,1,1,0.9992569,calicotome,calicotome,Correct
28,calicotome/Fab.C.vilX400wF(2020)(0)E-82.png,1,1,0.99943787,calicotome,calicotome,Correct
29,calicotome/Fab.C.vilX400wF(2020)(0)E-88.png,1,1,0.99966586,calicotome,calicotome,Correct
30,calicotome/Fab.C.vilX400wF(2020)(0)E-90.png,1,1,0.99965215,calicotome,calicotome,Correct
31,calicotome/Fab.C.vilX400wF(2020)(0)E-94.png,1,1,0.9996737,calicotome,calicotome,Correct
32,calicotome/Fab.C.vilX400wF(2020)(0)E-99.png,1,1,0.99502325,calicotome,calicotome,Correct
33,castanea/Fag.C.satX400wF(781)(0)A-13.png,2,2,0.9998343,castanea,castanea,Correct
34,castanea/Fag.C.satX400wF(781)(0)A-20.png,2,2,0.999503,castanea,castanea,Correct
35,castanea/Fag.C.satX400wF(781)(0)A-3.png,2,2,0.9988655,castanea,castanea,Correct
36,castanea/Fag.C.satX400wF(781)(0)A-38.png,2,2,0.999246,castanea,castanea,Correct
37,castanea/Fag.C.satX400wF(781)(0)A-47.png,2,2,0.99983525,castanea,castanea,Correct
38,castanea/Fag.C.satX400wF(782)(0)B-4.png,2,2,0.999383,castanea,castanea,Correct
39,castanea/Fag.C.satX400wF(782)(0)B-6.png,2,2,0.9975528,castanea,castanea,Correct
40,castanea/Fag.C.satX400wF(782)(0)B-8.png,2,2,0.9997259,castanea,castanea,Correct
41,castanea/Fag.C.satX400wF(784)(0)D-21.png,2,2,0.99919087,castanea,castanea,Correct
42,castanea/Fag.C.satX400wF(784)(0)D-8.png,2,2,0.9992506,castanea,castanea,Correct
43,castanea/Fag.C.satX400wF(785)(0)E-5.png,2,2,0.9886065,castanea,castanea,Correct
44,castanea/Fag.C.satX400wF(786)(0)F-5.png,2,2,0.99256027,castanea,castanea,Correct
45,castanea/Fag.C.satX400wF(792)(781)G-12.png,2,2,0.99977976,castanea,castanea,Correct
46,castanea/Fag.C.satX400wF(792)(781)G-17.png,2,2,0.99964035,castanea,castanea,Correct
47,castanea/Fag.C.satX400wF(792)(781)G-2.png,2,2,0.99558866,castanea,castanea,Correct
48,castanea/Fag.C.satX400wF(793)(781)H-24.png,2,2,0.9998764,castanea,castanea,Correct
49,castanea/Fag.C.satX400wF(793)(781)H-27.png,2,2,0.99970144,castanea,castanea,Correct
50,castanea/Fag.C.satX400wF(793)(781)H-32.png,2,2,0.99986243,castanea,castanea,Correct
51,castanea/Fag.C.satX400wF(793)(781)H-35.png,2,2,0.9996433,castanea,castanea,Correct
52,castanea/Fag.C.satX400wF(793)(781)H-43.png,2,2,0.99943775,castanea,castanea,Correct
53,castanea/Fag.C.satX400wF(793)(781)H-44.png,2,2,0.998502,castanea,castanea,Correct
54,castanea/Fag.C.satX400wF(793)(781)H-51.png,2,2,0.9996916,castanea,castanea,Correct
55,ceratonia/Fab.C.silX400wF(476)(0)B-1.png,3,3,0.99950075,ceratonia,ceratonia,Correct
56,ceratonia/Fab.C.silX400wF(476)(0)B-7.png,3,3,0.9981968,ceratonia,ceratonia,Correct
57,ceratonia/Fab.C.silX400wF(478)(0)D-4.png,3,3,0.9988324,ceratonia,ceratonia,Correct
58,ceratonia/Fab.C.silX400wF(479)(0)E-10.png,3,3,0.99969804,ceratonia,ceratonia,Correct
59,ceratonia/Fab.C.silX400wF(479)(0)E-2.png,3,3,0.9983779,ceratonia,ceratonia,Correct
60,ceratonia/Fab.C.silX400wF(479)(0)E-6.png,3,3,0.9997036,ceratonia,ceratonia,Correct
61,ceratonia/Fab.C.silX400wF(481)(0)G-14.png,3,3,0.99979,ceratonia,ceratonia,Correct
62,ceratonia/Fab.C.silX400wF(481)(0)G-3.png,3,3,0.99829286,ceratonia,ceratonia,Correct
63,ceratonia/Fab.C.silX400wF(481)(0)G-4.png,3,3,0.5850077,ceratonia,ceratonia,Correct
64,ceratonia/Fab.C.silX400wF(481)(0)G-6.png,3,3,0.95282054,ceratonia,ceratonia,Correct
65,ebenus/Fab.E.creX400wF(694)(0)B-4.png,4,4,0.99976486,ebenus,ebenus,Correct
66,ebenus/Fab.E.creX400wF(695)(0)C-2.png,4,4,0.9998246,ebenus,ebenus,Correct
67,erica/Eri.E.maniX400wF(5355)(0)A-7.png,5,5,0.99950266,erica,erica,Correct
68,erica/Eri.E.maniX400wF(5357)(0)C-13.png,5,5,0.9998123,erica,erica,Correct
69,erica/Eri.E.maniX400wF(5357)(0)C-29.png,5,5,0.9997812,erica,erica,Correct
70,erica/Eri.E.maniX400wF(5357)(0)C-4.png,5,5,0.99962044,erica,erica,Correct
71,erica/Eri.E.maniX400wF(5358)(0)D-12.png,5,5,0.99853086,erica,erica,Correct
72,erica/Eri.E.maniX400wF(5358)(0)D-4.png,5,5,0.9994529,erica,erica,Correct
73,erica/Eri.E.maniX400wF(5359)(0)E-11.png,5,5,0.99982953,erica,erica,Correct
74,erica/Eri.E.maniX400wF(5360)(0)F-27.png,5,5,0.9989994,erica,erica,Correct
75,erica/Eri.E.maniX400wF(5360)(0)F-3.png,5,5,0.9998005,erica,erica,Correct
76,erica/Eri.E.maniX400wF(5360)(0)F-7.png,5,5,0.9998392,erica,erica,Correct
77,erica/Eri.E.maniX400wF(5361)(0)G-10.png,5,5,0.99958783,erica,erica,Correct
78,erica/Eri.E.maniX400wF(5361)(0)G-20.png,5,5,0.9996184,erica,erica,Correct
79,erica/Eri.E.maniX400wF(5362)(0)H-1.png,5,5,0.999775,erica,erica,Correct
80,erica/Eri.E.maniX400wF(5362)(0)H-11.png,5,5,0.9995592,erica,erica,Correct
81,erica/Eri.E.maniX400wF(5362)(0)H-24.png,5,5,0.9996604,erica,erica,Correct
82,erica/Eri.E.maniX400wF(5362)(0)H-25.png,5,5,0.9996669,erica,erica,Correct
83,erica/Eri.E.maniX400wF(5362)(0)H-7.png,5,5,0.9997993,erica,erica,Correct
84,erica/Eri.E.maniX400wF(5363)(0)I-8.png,5,5,0.99916303,erica,erica,Correct
85,eucalyptus/Myr.E.camaX400wF(1866)(0)A-1.png,6,6,0.97041523,eucalyptus,eucalyptus,Correct
86,eucalyptus/Myr.E.camaX400wF(1867)(0)B-4.png,6,6,0.9999298,eucalyptus,eucalyptus,Correct
87,eucalyptus/Myr.E.camaX400wF(1868)(0)C-3.png,6,6,0.9998679,eucalyptus,eucalyptus,Correct
88,eucalyptus/Myr.E.camaX400wF(1871)(0)F-5.png,6,6,0.9997954,eucalyptus,eucalyptus,Correct
89,eucalyptus/Myr.E.camaX400wF(1872)(0)G-10.png,6,6,0.99934477,eucalyptus,eucalyptus,Correct
90,eucalyptus/Myr.E.camaX400wF(2962)(0)H-14.png,6,6,0.9999285,eucalyptus,eucalyptus,Correct
91,eucalyptus/Myr.E.camaX400wF(2962)(0)H-28.png,6,6,0.9997435,eucalyptus,eucalyptus,Correct
92,eucalyptus/Myr.E.camaX400wF(2962)(0)H-9.png,6,6,0.9989328,eucalyptus,eucalyptus,Correct
93,eucalyptus/Myr.E.camaX400wF(2964)(0)J-11.png,6,6,0.999946,eucalyptus,eucalyptus,Correct
94,eucalyptus/Myr.E.camaX400wF(2964)(0)J-20.png,6,6,0.9989384,eucalyptus,eucalyptus,Correct
95,eucalyptus/Myr.E.camaX400wF(2964)(0)J-23.png,6,6,0.9999243,eucalyptus,eucalyptus,Correct
96,eucalyptus/Myr.E.camaX400wF(2964)(0)J-7.png,6,6,0.9994319,eucalyptus,eucalyptus,Correct
97,eucalyptus/Myr.E.camaX400wF(2965)(0)K-14.png,6,6,0.999961,eucalyptus,eucalyptus,Correct
98,eucalyptus/Myr.E.camaX400wF(2965)(0)K-2.png,6,6,0.99988925,eucalyptus,eucalyptus,Correct
99,eucalyptus/Myr.E.camaX400wF(2965)(0)K-4.png,6,6,0.99997544,eucalyptus,eucalyptus,Correct
100,eucalyptus/Myr.E.camaX400wF(2966)(0)L-10.png,6,6,0.9999361,eucalyptus,eucalyptus,Correct
101,eucalyptus/Myr.E.camaX400wF(2966)(0)L-6.png,6,6,0.9999453,eucalyptus,eucalyptus,Correct
102,ferula/Api.F.comX400wF(2135)(0)A-20.png,7,7,0.99950266,ferula,ferula,Correct
103,ferula/Api.F.comX400wF(2135)(0)A-4.png,7,7,0.9988207,ferula,ferula,Correct
104,ferula/Api.F.comX400wF(2136)(0)B-10.png,7,7,0.9997738,ferula,ferula,Correct
105,ferula/Api.F.comX400wF(2136)(0)B-13.png,7,7,0.99865735,ferula,ferula,Correct
106,ferula/Api.F.comX400wF(2136)(0)B-14.png,7,7,0.99981624,ferula,ferula,Correct
107,ferula/Api.F.comX400wF(2136)(0)B-2.png,7,7,0.9996258,ferula,ferula,Correct
108,ferula/Api.F.comX400wF(2137)(0)C-7.png,7,7,0.9997949,ferula,ferula,Correct
109,ferula/Api.F.comX400wF(2139)(0)E-26.png,7,7,0.9997274,ferula,ferula,Correct
110,myrtus/IMG_3734-125.png,8,8,0.999602,myrtus,myrtus,Correct
111,myrtus/IMG_3734-25.png,8,8,0.9996903,myrtus,myrtus,Correct
112,myrtus/IMG_3734-50.png,8,8,0.9996092,myrtus,myrtus,Correct
113,myrtus/IMG_3734-61.png,8,8,0.99948454,myrtus,myrtus,Correct
114,myrtus/IMG_3734-69.png,8,8,0.999694,myrtus,myrtus,Correct
115,myrtus/IMG_3734-82.png,8,8,0.999739,myrtus,myrtus,Correct
116,myrtus/IMG_3735-20.png,8,8,0.9997254,myrtus,myrtus,Correct
117,myrtus/IMG_3735-34.png,8,8,0.99956375,myrtus,myrtus,Correct
118,myrtus/IMG_3735-7.png,8,8,0.9997594,myrtus,myrtus,Correct
119,myrtus/IMG_3736-15.png,8,8,0.99965465,myrtus,myrtus,Correct
120,myrtus/IMG_3736-19.png,8,8,0.99966216,myrtus,myrtus,Correct
121,myrtus/IMG_3736-2.png,8,8,0.9992465,myrtus,myrtus,Correct
122,myrtus/IMG_3736-28.png,8,8,0.9996706,myrtus,myrtus,Correct
123,myrtus/IMG_3736-30.png,8,8,0.9997836,myrtus,myrtus,Correct
124,myrtus/IMG_3736-32.png,8,8,0.99989915,myrtus,myrtus,Correct
125,myrtus/IMG_3736-37.png,8,8,0.99973935,myrtus,myrtus,Correct
126,myrtus/IMG_3736-39.png,8,8,0.9998714,myrtus,myrtus,Correct
127,myrtus/IMG_3736-59.png,8,8,0.99979454,myrtus,myrtus,Correct
128,myrtus/IMG_3736-70.png,8,8,0.9996444,myrtus,myrtus,Correct
129,myrtus/IMG_3736-9.png,8,8,0.9985678,myrtus,myrtus,Correct
130,myrtus/IMG_3737-10.png,8,8,0.99954,myrtus,myrtus,Correct
131,myrtus/IMG_3737-15.png,8,8,0.9994672,myrtus,myrtus,Correct
132,myrtus/IMG_3737-17.png,8,8,0.9998293,myrtus,myrtus,Correct
133,myrtus/IMG_3737-18.png,8,8,0.9995809,myrtus,myrtus,Correct
134,myrtus/IMG_3737-53.png,8,8,0.9997787,myrtus,myrtus,Correct
135,myrtus/IMG_3737-55.png,8,8,0.9997601,myrtus,myrtus,Correct
136,myrtus/IMG_3738-109.png,8,8,0.99968517,myrtus,myrtus,Correct
137,myrtus/IMG_3738-112.png,8,8,0.99960667,myrtus,myrtus,Correct
138,myrtus/IMG_3738-126.png,8,8,0.9998784,myrtus,myrtus,Correct
139,myrtus/IMG_3738-147.png,8,8,0.9998933,myrtus,myrtus,Correct
140,myrtus/IMG_3738-152.png,8,8,0.9998056,myrtus,myrtus,Correct
141,myrtus/IMG_3738-16.png,8,8,0.99981123,myrtus,myrtus,Correct
142,myrtus/IMG_3738-18.png,8,8,0.99956304,myrtus,myrtus,Correct
143,myrtus/IMG_3738-4.png,8,8,0.99969125,myrtus,myrtus,Correct
144,myrtus/IMG_3738-44.png,8,8,0.9992737,myrtus,myrtus,Correct
145,myrtus/IMG_3738-58.png,8,8,0.9996462,myrtus,myrtus,Correct
146,myrtus/IMG_3738-66.png,8,8,0.9998487,myrtus,myrtus,Correct
147,myrtus/IMG_3738-9.png,8,8,0.99973196,myrtus,myrtus,Correct
148,myrtus/IMG_3738-92.png,8,8,0.9990392,myrtus,myrtus,Correct
149,myrtus/IMG_3738-95.png,8,8,0.99988425,myrtus,myrtus,Correct
150,myrtus/IMG_3741-10.png,8,8,0.9998431,myrtus,myrtus,Correct
151,myrtus/IMG_3741-13.png,8,8,0.9997569,myrtus,myrtus,Correct
152,myrtus/IMG_3741-35.png,8,8,0.999838,myrtus,myrtus,Correct
153,myrtus/IMG_3741-40.png,8,8,0.9998733,myrtus,myrtus,Correct
154,myrtus/IMG_3741-46.png,8,8,0.99988294,myrtus,myrtus,Correct
155,myrtus/IMG_3741-54.png,8,8,0.9996451,myrtus,myrtus,Correct
156,myrtus/IMG_3741-69.png,8,8,0.99387425,myrtus,myrtus,Correct
157,myrtus/IMG_3742-10.png,8,8,0.99984527,myrtus,myrtus,Correct
158,myrtus/IMG_3742-23.png,8,8,0.9997719,myrtus,myrtus,Correct
159,myrtus/IMG_3742-3.png,8,8,0.9998,myrtus,myrtus,Correct
160,myrtus/IMG_3742-35.png,8,8,0.9998294,myrtus,myrtus,Correct
161,myrtus/IMG_3742-37.png,8,8,0.9997427,myrtus,myrtus,Correct
162,myrtus/IMG_3742-4.png,8,8,0.99961215,myrtus,myrtus,Correct
163,myrtus/IMG_3742-40.png,8,8,0.99876934,myrtus,myrtus,Correct
164,myrtus/IMG_3742-41.png,8,8,0.99970907,myrtus,myrtus,Correct
165,myrtus/IMG_3742-43.png,8,8,0.9997937,myrtus,myrtus,Correct
166,myrtus/IMG_3743-1.png,8,8,0.9988379,myrtus,myrtus,Correct
167,myrtus/IMG_3743-28.png,8,8,0.9994863,myrtus,myrtus,Correct
168,myrtus/IMG_3743-37.png,8,8,0.99974555,myrtus,myrtus,Correct
169,myrtus/IMG_3744-16.png,8,8,0.9998005,myrtus,myrtus,Correct
170,myrtus/IMG_3744-19.png,8,8,0.9997358,myrtus,myrtus,Correct
171,myrtus/IMG_3744-26.png,8,8,0.996869,myrtus,myrtus,Correct
172,myrtus/IMG_3744-3.png,8,8,0.9997459,myrtus,myrtus,Correct
173,myrtus/IMG_3744-40.png,8,8,0.99978715,myrtus,myrtus,Correct
174,myrtus/IMG_3744-61.png,8,8,0.9996644,myrtus,myrtus,Correct
175,myrtus/Myr.M.comX400wF(1095)(1091)A-18.png,8,8,0.9998267,myrtus,myrtus,Correct
176,myrtus/Myr.M.comX400wF(1095)(1091)A-2.png,8,8,0.9995572,myrtus,myrtus,Correct
177,myrtus/Myr.M.comX400wF(1095)(1091)A-23.png,8,8,0.9997079,myrtus,myrtus,Correct
178,myrtus/Myr.M.comX400wF(1095)(1091)A-26.png,8,8,0.9994635,myrtus,myrtus,Correct
179,myrtus/Myr.M.comX400wF(1095)(1091)A-5.png,8,8,0.9997534,myrtus,myrtus,Correct
180,myrtus/Myr.M.comX400wF(1095)(1091)A-59.png,8,8,0.99945885,myrtus,myrtus,Correct
181,myrtus/Myr.M.comX400wF(1095)(1091)A-60.png,8,8,0.99977285,myrtus,myrtus,Correct
182,myrtus/Myr.M.comX400wF(1095)(1091)A-80.png,8,8,0.9993787,myrtus,myrtus,Correct
183,myrtus/Myr.M.comX400wF(1095)(1091)A-87.png,8,8,0.9991345,myrtus,myrtus,Correct
184,myrtus/Myr.M.comX400wF(1095)(1091)A-91.png,8,8,0.9989833,myrtus,myrtus,Correct
185,myrtus/Myr.M.comX400wF(1097)(1090)C-16.png,8,8,0.9995609,myrtus,myrtus,Correct
186,myrtus/Myr.M.comX400wF(1097)(1090)C-33.png,8,8,0.99971646,myrtus,myrtus,Correct
187,myrtus/Myr.M.comX400wF(1097)(1090)C-51.png,8,8,0.9996493,myrtus,myrtus,Correct
188,myrtus/Myr.M.comX400wF(1097)(1090)C-52.png,8,8,0.99919885,myrtus,myrtus,Correct
189,olea/Ole.O.euroX400wF(4261)(0)A-13.png,9,9,0.9995845,olea,olea,Correct
190,olea/Ole.O.euroX400wF(4261)(0)A-18.png,9,9,0.9991146,olea,olea,Correct
191,olea/Ole.O.euroX400wF(4261)(0)A-34.png,9,9,0.99820983,olea,olea,Correct
192,olea/Ole.O.euroX400wF(4261)(0)A-43.png,9,9,0.9994765,olea,olea,Correct
193,olea/Ole.O.euroX400wF(4262)(0)B-1.png,9,9,0.99924845,olea,olea,Correct
194,olea/Ole.O.euroX400wF(4262)(0)B-9.png,9,9,0.9994703,olea,olea,Correct
195,olea/Ole.O.euroX400wF(4263)(0)C-117.png,9,9,0.9996855,olea,olea,Correct
196,olea/Ole.O.euroX400wF(4263)(0)C-119.png,9,9,0.99974054,olea,olea,Correct
197,olea/Ole.O.euroX400wF(4263)(0)C-134.png,9,9,0.9997366,olea,olea,Correct
198,olea/Ole.O.euroX400wF(4263)(0)C-146.png,9,9,0.9971717,olea,olea,Correct
199,olea/Ole.O.euroX400wF(4263)(0)C-15.png,9,9,0.9996586,olea,olea,Correct
200,olea/Ole.O.euroX400wF(4263)(0)C-152.png,9,9,0.99970454,olea,olea,Correct
201,olea/Ole.O.euroX400wF(4263)(0)C-158.png,9,9,0.9988895,olea,olea,Correct
202,olea/Ole.O.euroX400wF(4263)(0)C-159.png,9,9,0.99967265,olea,olea,Correct
203,olea/Ole.O.euroX400wF(4263)(0)C-17.png,9,9,0.9997024,olea,olea,Correct
204,olea/Ole.O.euroX400wF(4263)(0)C-171.png,9,9,0.99980325,olea,olea,Correct
205,olea/Ole.O.euroX400wF(4263)(0)C-175.png,9,9,0.99932516,olea,olea,Correct
206,olea/Ole.O.euroX400wF(4263)(0)C-33.png,9,9,0.99977463,olea,olea,Correct
207,olea/Ole.O.euroX400wF(4263)(0)C-36.png,9,9,0.9994832,olea,olea,Correct
208,olea/Ole.O.euroX400wF(4263)(0)C-37.png,9,9,0.9988991,olea,olea,Correct
209,olea/Ole.O.euroX400wF(4263)(0)C-40.png,9,9,0.9995672,olea,olea,Correct
210,olea/Ole.O.euroX400wF(4263)(0)C-43.png,9,9,0.9996619,olea,olea,Correct
211,olea/Ole.O.euroX400wF(4263)(0)C-59.png,9,9,0.99940276,olea,olea,Correct
212,olea/Ole.O.euroX400wF(4263)(0)C-69.png,9,9,0.999474,olea,olea,Correct
213,olea/Ole.O.euroX400wF(4263)(0)C-77.png,9,9,0.99958986,olea,olea,Correct
214,olea/Ole.O.euroX400wF(4263)(0)C-93.png,9,9,0.999316,olea,olea,Correct
215,olea/Ole.O.euroX400wF(4264)(0)D-112.png,9,9,0.9996904,olea,olea,Correct
216,olea/Ole.O.euroX400wF(4264)(0)D-120.png,9,9,0.99955195,olea,olea,Correct
217,olea/Ole.O.euroX400wF(4264)(0)D-122.png,9,9,0.9987864,olea,olea,Correct
218,olea/Ole.O.euroX400wF(4264)(0)D-126.png,9,9,0.98574024,olea,olea,Correct
219,olea/Ole.O.euroX400wF(4264)(0)D-13.png,9,9,0.99965537,olea,olea,Correct
220,olea/Ole.O.euroX400wF(4264)(0)D-135.png,9,9,0.9996093,olea,olea,Correct
221,olea/Ole.O.euroX400wF(4264)(0)D-146.png,9,9,0.999866,olea,olea,Correct
222,olea/Ole.O.euroX400wF(4264)(0)D-156.png,9,9,0.99960965,olea,olea,Correct
223,olea/Ole.O.euroX400wF(4264)(0)D-25.png,9,9,0.99968004,olea,olea,Correct
224,olea/Ole.O.euroX400wF(4264)(0)D-34.png,9,9,0.99950445,olea,olea,Correct
225,olea/Ole.O.euroX400wF(4264)(0)D-40.png,9,9,0.99913603,olea,olea,Correct
226,olea/Ole.O.euroX400wF(4264)(0)D-47.png,9,9,0.99968827,olea,olea,Correct
227,olea/Ole.O.euroX400wF(4264)(0)D-98.png,9,9,0.99970883,olea,olea,Correct
228,olea/Ole.O.euroX400wF(4265)(0)E-104.png,9,9,0.99947864,olea,olea,Correct
229,olea/Ole.O.euroX400wF(4265)(0)E-113.png,9,9,0.9997744,olea,olea,Correct
230,olea/Ole.O.euroX400wF(4265)(0)E-12.png,9,9,0.9988165,olea,olea,Correct
231,olea/Ole.O.euroX400wF(4265)(0)E-123.png,9,9,0.9997002,olea,olea,Correct
232,olea/Ole.O.euroX400wF(4265)(0)E-137.png,9,9,0.9996629,olea,olea,Correct
233,olea/Ole.O.euroX400wF(4265)(0)E-140.png,9,9,0.9996124,olea,olea,Correct
234,olea/Ole.O.euroX400wF(4265)(0)E-170.png,9,9,0.99951136,olea,olea,Correct
235,olea/Ole.O.euroX400wF(4265)(0)E-174.png,9,9,0.99957734,olea,olea,Correct
236,olea/Ole.O.euroX400wF(4265)(0)E-178.png,9,9,0.99962366,olea,olea,Correct
237,olea/Ole.O.euroX400wF(4265)(0)E-179.png,9,9,0.99875903,olea,olea,Correct
238,olea/Ole.O.euroX400wF(4265)(0)E-185.png,9,9,0.99376464,olea,olea,Correct
239,olea/Ole.O.euroX400wF(4265)(0)E-209.png,9,9,0.99939454,olea,olea,Correct
240,olea/Ole.O.euroX400wF(4265)(0)E-212.png,9,9,0.99914503,olea,olea,Correct
241,olea/Ole.O.euroX400wF(4265)(0)E-215.png,9,9,0.9931553,olea,olea,Correct
242,olea/Ole.O.euroX400wF(4265)(0)E-25.png,9,9,0.99937904,olea,olea,Correct
243,olea/Ole.O.euroX400wF(4265)(0)E-31.png,9,9,0.9995316,olea,olea,Correct
244,olea/Ole.O.euroX400wF(4265)(0)E-41.png,9,9,0.999652,olea,olea,Correct
245,olea/Ole.O.euroX400wF(4265)(0)E-45.png,9,9,0.9998276,olea,olea,Correct
246,olea/Ole.O.euroX400wF(4265)(0)E-47.png,9,9,0.99935156,olea,olea,Correct
247,olea/Ole.O.euroX400wF(4265)(0)E-56.png,9,9,0.9791709,olea,olea,Correct
248,olea/Ole.O.euroX400wF(4265)(0)E-64.png,9,9,0.9996094,olea,olea,Correct
249,olea/Ole.O.euroX400wF(4265)(0)E-65.png,9,9,0.9993144,olea,olea,Correct
250,olea/Ole.O.euroX400wF(4266)(0)F-107.png,9,9,0.9995566,olea,olea,Correct
251,olea/Ole.O.euroX400wF(4266)(0)F-110.png,9,9,0.99941397,olea,olea,Correct
252,olea/Ole.O.euroX400wF(4266)(0)F-118.png,9,9,0.9993018,olea,olea,Correct
253,olea/Ole.O.euroX400wF(4266)(0)F-143.png,9,9,0.99945766,olea,olea,Correct
254,olea/Ole.O.euroX400wF(4266)(0)F-149.png,9,9,0.99967766,olea,olea,Correct
255,olea/Ole.O.euroX400wF(4266)(0)F-24.png,9,9,0.999059,olea,olea,Correct
256,olea/Ole.O.euroX400wF(4266)(0)F-28.png,9,9,0.9996177,olea,olea,Correct
257,olea/Ole.O.euroX400wF(4266)(0)F-52.png,9,9,0.9992793,olea,olea,Correct
258,olea/Ole.O.euroX400wF(4266)(0)F-69.png,9,9,0.9998343,olea,olea,Correct
259,olea/Ole.O.euroX400wF(4266)(0)F-75.png,9,9,0.99964476,olea,olea,Correct
260,olea/Ole.O.euroX400wF(4266)(0)F-78.png,9,9,0.9993741,olea,olea,Correct
261,olea/Ole.O.euroX400wF(4266)(0)F-93.png,9,9,0.9997507,olea,olea,Correct
262,olea/Ole.O.euroX400wF(4267)(0)G-1.png,9,9,0.9987004,olea,olea,Correct
263,olea/Ole.O.euroX400wF(4267)(0)G-24.png,9,9,0.9997323,olea,olea,Correct
264,olea/Ole.O.euroX400wF(4267)(0)G-28.png,9,9,0.9995041,olea,olea,Correct
265,olea/Ole.O.euroX400wF(4267)(0)G-31.png,9,9,0.99899536,olea,olea,Correct
266,olea/Ole.O.euroX400wF(4267)(0)G-32.png,9,9,0.9994055,olea,olea,Correct
267,olea/Ole.O.euroX400wF(4267)(0)G-7.png,9,9,0.9994609,olea,olea,Correct
269,origanum/Lam.O.micX400wF(884)(0)A-11.png,10,10,0.9997943,origanum,origanum,Correct
270,origanum/Lam.O.micX400wF(884)(0)A-14.png,10,10,0.9997392,origanum,origanum,Correct
271,origanum/Lam.O.micX400wF(884)(0)A-6.png,10,10,0.9960517,origanum,origanum,Correct
272,origanum/Lam.O.micX400wF(886)(0)C-19.png,10,10,0.99930084,origanum,origanum,Correct
273,origanum/Lam.O.micX400wF(886)(0)C-29.png,10,10,0.9993906,origanum,origanum,Correct
274,origanum/Lam.O.micX400wF(886)(0)C-49.png,10,10,0.9994773,origanum,origanum,Correct
275,origanum/Lam.O.micX400wF(886)(0)C-53.png,10,10,0.9998611,origanum,origanum,Correct
276,origanum/Lam.O.micX400wF(886)(0)C-56.png,10,10,0.99931526,origanum,origanum,Correct
277,origanum/Lam.O.micX400wF(886)(0)C-62.png,10,10,0.99883765,origanum,origanum,Correct
278,origanum/Lam.O.micX400wF(887)(0)D-10.png,10,10,0.99814725,origanum,origanum,Correct
279,origanum/Lam.O.micX400wF(887)(0)D-12.png,10,10,0.99749714,origanum,origanum,Correct
280,origanum/Lam.O.micX400wF(887)(0)D-6.png,10,10,0.9993876,origanum,origanum,Correct
281,origanum/Lam.O.micX400wF(889)(0)F-21.png,10,10,0.72853,origanum,origanum,Correct
282,origanum/Lam.O.micX400wF(889)(0)F-44.png,10,10,0.9952271,origanum,origanum,Correct
284,origanum/Lam.O.micX400wF(889)(0)F-55.png,10,10,0.9993864,origanum,origanum,Correct
285,oxalis/Oxa.O.pes.cX400wF(1733)(0)A-19.png,11,11,0.99974686,oxalis,oxalis,Correct
286,oxalis/Oxa.O.pes.cX400wF(1733)(0)A-5.png,11,11,0.99890184,oxalis,oxalis,Correct
287,oxalis/Oxa.O.pes.cX400wF(1735)(0)C-7.png,11,11,0.9997793,oxalis,oxalis,Correct
288,oxalis/Oxa.O.pes.cX400wF(1736)(0)D-2.png,11,11,0.74078816,oxalis,oxalis,Correct
289,oxalis/Oxa.O.pes.cX400wF(1737)(1736)E-2.png,11,11,0.9997855,oxalis,oxalis,Correct
290,oxalis/Oxa.O.pes.cX400wF(1737)(1736)E-3.png,11,11,0.99845827,oxalis,oxalis,Correct
291,oxalis/Oxa.O.pes.cX400wF(1738)(0)F-13.png,11,11,0.999765,oxalis,oxalis,Correct
292,oxalis/Oxa.O.pes.cX400wF(1738)(0)F-3.png,11,11,0.9997141,oxalis,oxalis,Correct
293,oxalis/Oxa.O.pes.cX400wF(1740)(0)H-10.png,11,11,0.99983513,oxalis,oxalis,Correct
294,oxalis/Oxa.O.pes.cX400wF(1740)(0)H-6.png,11,11,0.9991068,oxalis,oxalis,Correct
295,oxalis/Oxa.O.pes.cX400wF(1741)(0)I-3.png,11,11,0.99984777,oxalis,oxalis,Correct
296,oxalis/Oxa.O.pes.cX400wF(1742)(1741)J-3.png,11,11,0.9998702,oxalis,oxalis,Correct
297,oxalis/Oxa.O.pes.cX400wF(1742)(1741)J-5.png,11,11,0.9998035,oxalis,oxalis,Correct
298,oxalis/Oxa.O.pes.cX400wF(1742)(1741)J-6.png,11,11,0.99976474,oxalis,oxalis,Correct
299,pinus/Pin.P.brutX400wF(3171)(0)A-6.png,12,12,0.99983776,pinus,pinus,Correct
300,pinus/Pin.P.brutX400wF(3172)(0)B-2.png,12,12,0.99975115,pinus,pinus,Correct
301,pinus/Pin.P.brutX400wF(3174)(0)D-3.png,12,12,0.99967813,pinus,pinus,Correct
302,pistacia/Ana.P.tereX400wF(3222)(0)A-2.png,13,13,0.9994523,pistacia,pistacia,Correct
304,pistacia/Ana.P.tereX400wF(3225)(0)D-1.png,13,13,0.9993605,pistacia,pistacia,Correct
305,salvia/Lam.S.triX400wF(2188)(0)A-1.png,14,14,0.9994012,salvia,salvia,Correct
306,salvia/Lam.S.triX400wF(2189)(0)B-2.png,14,14,0.9992873,salvia,salvia,Correct
307,salvia/Lam.S.triX400wF(2189)(0)B-6.png,14,14,0.9989812,salvia,salvia,Correct
308,salvia/Lam.S.triX400wF(2189)(0)B-61.png,14,14,0.9994573,salvia,salvia,Correct
309,salvia/Lam.S.triX400wF(2190)(0)C-17.png,14,14,0.99952364,salvia,salvia,Correct
310,salvia/Lam.S.triX400wF(2190)(0)C-19.png,14,14,0.99966717,salvia,salvia,Correct
311,salvia/Lam.S.triX400wF(2190)(0)C-2.png,14,14,0.9993012,salvia,salvia,Correct
312,salvia/Lam.S.triX400wF(2190)(0)C-22.png,14,14,0.99947864,salvia,salvia,Correct
313,salvia/Lam.S.triX400wF(2190)(0)C-27.png,14,14,0.99950135,salvia,salvia,Correct
314,salvia/Lam.S.triX400wF(2190)(0)C-30.png,14,14,0.9996387,salvia,salvia,Correct
315,salvia/Lam.S.triX400wF(2190)(0)C-37.png,14,14,0.99922967,salvia,salvia,Correct
316,salvia/Lam.S.triX400wF(2191)(0)D-14.png,14,14,0.9993363,salvia,salvia,Correct
317,salvia/Lam.S.triX400wF(2191)(0)D-23.png,14,14,0.999589,salvia,salvia,Correct
318,salvia/Lam.S.triX400wF(2191)(0)D-36.png,14,14,0.9993826,salvia,salvia,Correct
319,salvia/Lam.S.triX400wF(2191)(0)D-41.png,14,14,0.99929583,salvia,salvia,Correct
320,salvia/Lam.S.triX400wF(2191)(0)D-6.png,14,14,0.99958974,salvia,salvia,Correct
321,salvia/Lam.S.triX400wF(2193)(0)F-21.png,14,14,0.99966216,salvia,salvia,Correct
322,salvia/Lam.S.triX400wF(2193)(0)F-3.png,14,14,0.999108,salvia,salvia,Correct
324,satureja/Lam.S.thyX400wF(941)(937)A-6.png,15,15,0.9996101,satureja,satureja,Correct
325,satureja/Lam.S.thyX400wF(942)(935)B-4.png,15,15,0.99955696,satureja,satureja,Correct
326,satureja/Lam.S.thyX400wF(942)(935)B-8.png,15,15,0.99826485,satureja,satureja,Correct
328,satureja/Lam.S.thyX400wF(945)(0)F-1.png,15,15,0.9981694,satureja,satureja,Correct
329,satureja/Lam.S.thyX400wF(946)(0)G-3.png,15,15,0.99948126,satureja,satureja,Correct
330,sinapis/Bra.S.albX400wF(2150)(0)A-1.png,16,16,0.9987766,sinapis,sinapis,Correct
331,sinapis/Bra.S.albX400wF(2151)(0)B-17.png,16,16,0.9991731,sinapis,sinapis,Correct
332,sinapis/Bra.S.albX400wF(2151)(0)B-2.png,16,16,0.99735105,sinapis,sinapis,Correct
333,sinapis/Bra.S.albX400wF(2151)(0)B-21.png,16,16,0.9996736,sinapis,sinapis,Correct
334,sinapis/Bra.S.albX400wF(2151)(0)B-8.png,16,16,0.9994098,sinapis,sinapis,Correct
335,sinapis/Bra.S.albX400wF(2152)(0)C-18.png,16,16,0.9308973,sinapis,sinapis,Correct
336,sinapis/Bra.S.albX400wF(2152)(0)C-27.png,16,16,0.99890447,sinapis,sinapis,Correct
337,sinapis/Bra.S.albX400wF(2152)(0)C-5.png,16,16,0.9947365,sinapis,sinapis,Correct
338,sinapis/Bra.S.albX400wF(2153)(0)D-1.png,16,16,0.99820983,sinapis,sinapis,Correct
339,sinapis/Bra.S.albX400wF(2153)(0)D-25.png,16,16,0.99830794,sinapis,sinapis,Correct
340,sinapis/Bra.S.albX400wF(2153)(0)D-9.png,16,16,0.9969964,sinapis,sinapis,Correct
341,sinapis/Bra.S.albX400wF(2154)(0)E-15.png,16,16,0.9990607,sinapis,sinapis,Correct
342,sinapis/Bra.S.albX400wF(2154)(0)E-16.png,16,16,0.9973405,sinapis,sinapis,Correct
343,sinapis/Bra.S.albX400wF(2154)(0)E-4.png,16,16,0.99391633,sinapis,sinapis,Correct
344,sinapis/Bra.S.albX400wF(2155)(0)F-15.png,16,16,0.9984665,sinapis,sinapis,Correct
345,sinapis/Bra.S.albX400wF(2155)(0)F-25.png,16,16,0.9997284,sinapis,sinapis,Correct
346,sinapis/Bra.S.albX400wF(2155)(0)F-5.png,16,16,0.99855655,sinapis,sinapis,Correct
347,sinapis/IMG_3704-16.png,16,16,0.9997602,sinapis,sinapis,Correct
348,sinapis/IMG_3704-3.png,16,16,0.9989121,sinapis,sinapis,Correct
349,sinapis/IMG_3704-9.png,16,16,0.99897707,sinapis,sinapis,Correct
350,thymbra/Lam.T.capX400wF(1030)(0)B-1.png,17,17,0.99949443,thymbra,thymbra,Correct
351,thymbra/Lam.T.capX400wF(1032)(0)D-11.png,17,17,0.99959296,thymbra,thymbra,Correct
352,thymbra/Lam.T.capX400wF(1033)(0)E-7.png,17,17,0.9997073,thymbra,thymbra,Correct
353,thymbra/Lam.T.capX400wF(1033)(0)E-8.png,17,17,0.99947184,thymbra,thymbra,Correct
354,thymbra/x40 f (1)-1.png,17,17,0.70537454,thymbra,thymbra,Correct
355,thymbra/x40 f (3)-2.png,17,17,0.99909735,thymbra,thymbra,Correct
356,thymbra/x40 f (4)-2.png,17,17,0.9997403,thymbra,thymbra,Correct
357,thymbra/x40 f (4)-8.png,17,17,0.999683,thymbra,thymbra,Correct
358,thymbra/x40 f (5)-7.png,17,17,0.9997795,thymbra,thymbra,Correct
359,thymbra/x40 f (5)-9.png,17,17,0.99964833,thymbra,thymbra,Correct
360,thymbra/x40 f (6)-14.png,17,17,0.99981207,thymbra,thymbra,Correct
361,thymbra/x40 f (6)-3.png,17,17,0.9997527,thymbra,thymbra,Correct
362,thymbra/x40 f (7)-2.png,17,17,0.99980754,thymbra,thymbra,Correct
363,thymbra/x40 f (7)-3.png,17,17,0.9997079,thymbra,thymbra,Correct
364,urginea/Asp.U.marX400wF(5317)(0)A-15.png,18,18,0.99943465,urginea,urginea,Correct
365,urginea/Asp.U.marX400wF(5317)(0)A-3.png,18,18,0.99941194,urginea,urginea,Correct
366,urginea/Asp.U.marX400wF(5321)(0)E-3.png,18,18,0.9995204,urginea,urginea,Correct
367,urginea/Asp.U.marX400wF(5321)(0)E-9.png,18,18,0.999527,urginea,urginea,Correct
368,urginea/Asp.U.marX400wF(5322)(0)F-10.png,18,18,0.99933547,urginea,urginea,Correct
369,urginea/Asp.U.marX400wF(5322)(0)F-2.png,18,18,0.99925286,urginea,urginea,Correct
370,urginea/Asp.U.marX400wF(5323)(0)G-12.png,18,18,0.99934036,urginea,urginea,Correct
371,urginea/Asp.U.marX400wF(5324)(0)H-1.png,18,18,0.9989078,urginea,urginea,Correct
372,urginea/Asp.U.marX400wF(5324)(0)H-11.png,18,18,0.99918884,urginea,urginea,Correct
373,urginea/Asp.U.marX400wF(5324)(0)H-12.png,18,18,0.9994312,urginea,urginea,Correct
374,urginea/Asp.U.marX400wF(5324)(0)H-7.png,18,18,0.9994172,urginea,urginea,Correct
375,vitis/Vit.V.viniX400wF(4978)(0)A-17.png,19,19,0.9995603,vitis,vitis,Correct
376,vitis/Vit.V.viniX400wF(4978)(0)A-2.png,19,19,0.9997522,vitis,vitis,Correct
377,vitis/Vit.V.viniX400wF(4978)(0)A-27.png,19,19,0.99935037,vitis,vitis,Correct
378,vitis/Vit.V.viniX400wF(4978)(0)A-28.png,19,19,0.9996966,vitis,vitis,Correct
379,vitis/Vit.V.viniX400wF(4979)(0)B-10.png,19,19,0.99977833,vitis,vitis,Correct
380,vitis/Vit.V.viniX400wF(4979)(0)B-22.png,19,19,0.999747,vitis,vitis,Correct
381,vitis/Vit.V.viniX400wF(4979)(0)B-23.png,19,19,0.9999031,vitis,vitis,Correct
382,vitis/Vit.V.viniX400wF(4980)(0)C-26.png,19,19,0.99905235,vitis,vitis,Correct
383,vitis/Vit.V.viniX400wF(4980)(0)C-29.png,19,19,0.99796486,vitis,vitis,Correct
384,vitis/Vit.V.viniX400wF(4981)(0)D-17.png,19,19,0.99773574,vitis,vitis,Correct
385,vitis/Vit.V.viniX400wF(4981)(0)D-23.png,19,19,0.486173,vitis,vitis,Correct
386,vitis/Vit.V.viniX400wF(4981)(0)D-30.png,19,19,0.9992623,vitis,vitis,Correct
387,vitis/Vit.V.viniX400wF(4981)(0)D-9.png,19,19,0.9972819,vitis,vitis,Correct
388,vitis/Vit.V.viniX400wF(4982)(0)E-4.png,19,19,0.99985147,vitis,vitis,Correct
389,vitis/Vit.V.viniX400wF(4982)(0)E-6.png,19,19,0.99977857,vitis,vitis,Correct
390,vitis/Vit.V.viniX400wF(4983)(0)F-1.png,19,19,0.99949133,vitis,vitis,Correct
391,vitis/Vit.V.viniX400wF(4983)(0)F-26.png,19,19,0.9980349,vitis,vitis,Correct
392,vitis/Vit.V.viniX400wF(4983)(0)F-8.png,19,19,0.9997571,vitis,vitis,Correct
393,vitis/Vit.V.viniX400wF(4983)(0)F-9.png,19,19,0.9997811,vitis,vitis,Correct
394,vitis/Vit.V.viniX400wF(4984)(0)G-42.png,19,19,0.9996791,vitis,vitis,Correct
395,vitis/Vit.V.viniX400wF(4984)(0)G-45.png,19,19,0.99800557,vitis,vitis,Correct
396,vitis/Vit.V.viniX400wF(4984)(0)G-50.png,19,19,0.99975604,vitis,vitis,Correct
397,vitis/Vit.V.viniX400wF(4985)(0)H-1.png,19,19,0.99973446,vitis,vitis,Correct
398,vitis/Vit.V.viniX400wF(4985)(0)H-13.png,19,19,0.99969876,vitis,vitis,Correct
399,vitis/Vit.V.viniX400wF(4985)(0)H-34.png,19,19,0.9995578,vitis,vitis,Correct
400,vitis/Vit.V.viniX400wF(4985)(0)H-35.png,19,19,0.9997956,vitis,vitis,Correct
401,vitis/Vit.V.viniX400wF(4985)(0)H-5.png,19,19,0.9996076,vitis,vitis,Correct
0,asphodelus/Asp.A.ramX400wF(1984)(0)A-8.png,0,0,0.9999876,asphodelus,asphodelus,Correct
1,asphodelus/Asp.A.ramX400wF(1987)(0)D-5.png,0,0,0.99998105,asphodelus,asphodelus,Correct
2,asphodelus/Asp.A.ramX400wF(1989)(0)F-4.png,0,0,0.9999945,asphodelus,asphodelus,Correct
4,calicotome/Fab.C.vilX400wF(2016)(0)A-4.png,1,1,0.99917763,calicotome,calicotome,Correct
5,calicotome/Fab.C.vilX400wF(2017)(0)B-20.png,1,1,0.9994967,calicotome,calicotome,Correct
6,calicotome/Fab.C.vilX400wF(2017)(0)B-22.png,1,1,0.99924517,calicotome,calicotome,Correct
7,calicotome/Fab.C.vilX400wF(2018)(0)C-19.png,1,1,0.99611354,calicotome,calicotome,Correct
8,calicotome/Fab.C.vilX400wF(2018)(0)C-8.png,1,1,0.9981858,calicotome,calicotome,Correct
9,calicotome/Fab.C.vilX400wF(2019)(0)D-113.png,1,1,0.99914837,calicotome,calicotome,Correct
10,calicotome/Fab.C.vilX400wF(2019)(0)D-116.png,1,1,0.9989748,calicotome,calicotome,Correct
11,calicotome/Fab.C.vilX400wF(2019)(0)D-21.png,1,1,0.9851715,calicotome,calicotome,Correct
12,calicotome/Fab.C.vilX400wF(2019)(0)D-22.png,1,1,0.9988417,calicotome,calicotome,Correct
13,calicotome/Fab.C.vilX400wF(2019)(0)D-25.png,1,1,0.9986237,calicotome,calicotome,Correct
14,calicotome/Fab.C.vilX400wF(2019)(0)D-29.png,1,1,0.99643445,calicotome,calicotome,Correct
15,calicotome/Fab.C.vilX400wF(2019)(0)D-31.png,1,1,0.9985607,calicotome,calicotome,Correct
16,calicotome/Fab.C.vilX400wF(2019)(0)D-33.png,1,1,0.99913603,calicotome,calicotome,Correct
17,calicotome/Fab.C.vilX400wF(2019)(0)D-38.png,1,1,0.9986796,calicotome,calicotome,Correct
18,calicotome/Fab.C.vilX400wF(2019)(0)D-40.png,1,1,0.9987484,calicotome,calicotome,Correct
19,calicotome/Fab.C.vilX400wF(2019)(0)D-44.png,1,1,0.9985525,calicotome,calicotome,Correct
20,calicotome/Fab.C.vilX400wF(2019)(0)D-79.png,1,1,0.9987281,calicotome,calicotome,Correct
21,calicotome/Fab.C.vilX400wF(2020)(0)E-101.png,1,1,0.99913615,calicotome,calicotome,Correct
22,calicotome/Fab.C.vilX400wF(2020)(0)E-116.png,1,1,0.9991585,calicotome,calicotome,Correct
23,calicotome/Fab.C.vilX400wF(2020)(0)E-15.png,1,1,0.99865437,calicotome,calicotome,Correct
24,calicotome/Fab.C.vilX400wF(2020)(0)E-26.png,1,1,0.99883634,calicotome,calicotome,Correct
25,calicotome/Fab.C.vilX400wF(2020)(0)E-28.png,1,1,0.99841297,calicotome,calicotome,Correct
26,calicotome/Fab.C.vilX400wF(2020)(0)E-5.png,1,1,0.9980268,calicotome,calicotome,Correct
27,calicotome/Fab.C.vilX400wF(2020)(0)E-55.png,1,1,0.9991912,calicotome,calicotome,Correct
28,calicotome/Fab.C.vilX400wF(2020)(0)E-61.png,1,1,0.99931467,calicotome,calicotome,Correct
29,calicotome/Fab.C.vilX400wF(2020)(0)E-66.png,1,1,0.9983151,calicotome,calicotome,Correct
30,calicotome/Fab.C.vilX400wF(2020)(0)E-81.png,1,1,0.9985066,calicotome,calicotome,Correct
31,calicotome/Fab.C.vilX400wF(2020)(0)E-86.png,1,1,0.99907744,calicotome,calicotome,Correct
32,calicotome/Fab.C.vilX400wF(2020)(0)E-97.png,1,1,0.9984634,calicotome,calicotome,Correct
33,castanea/Fag.C.satX400wF(781)(0)A-11.png,2,2,0.9993395,castanea,castanea,Correct
34,castanea/Fag.C.satX400wF(781)(0)A-18.png,2,2,0.99887735,castanea,castanea,Correct
35,castanea/Fag.C.satX400wF(781)(0)A-36.png,2,2,0.99826306,castanea,castanea,Correct
36,castanea/Fag.C.satX400wF(781)(0)A-39.png,2,2,0.9985726,castanea,castanea,Correct
37,castanea/Fag.C.satX400wF(781)(0)A-4.png,2,2,0.9993709,castanea,castanea,Correct
38,castanea/Fag.C.satX400wF(781)(0)A-41.png,2,2,0.99898964,castanea,castanea,Correct
39,castanea/Fag.C.satX400wF(781)(0)A-6.png,2,2,0.9987747,castanea,castanea,Correct
40,castanea/Fag.C.satX400wF(781)(0)A-9.png,2,2,0.99896777,castanea,castanea,Correct
41,castanea/Fag.C.satX400wF(783)(0)C-13.png,2,2,0.99926883,castanea,castanea,Correct
42,castanea/Fag.C.satX400wF(784)(0)D-14.png,2,2,0.9982887,castanea,castanea,Correct
43,castanea/Fag.C.satX400wF(784)(0)D-17.png,2,2,0.9988086,castanea,castanea,Correct
44,castanea/Fag.C.satX400wF(784)(0)D-18.png,2,2,0.998868,castanea,castanea,Correct
45,castanea/Fag.C.satX400wF(792)(781)G-23.png,2,2,0.99924916,castanea,castanea,Correct
46,castanea/Fag.C.satX400wF(792)(781)G-44.png,2,2,0.9985991,castanea,castanea,Correct
47,castanea/Fag.C.satX400wF(792)(781)G-45.png,2,2,0.9992742,castanea,castanea,Correct
48,castanea/Fag.C.satX400wF(792)(781)G-52.png,2,2,0.9987374,castanea,castanea,Correct
49,castanea/Fag.C.satX400wF(792)(781)G-7.png,2,2,0.9989272,castanea,castanea,Correct
50,castanea/Fag.C.satX400wF(793)(781)H-18.png,2,2,0.9990609,castanea,castanea,Correct
51,castanea/Fag.C.satX400wF(793)(781)H-36.png,2,2,0.99883276,castanea,castanea,Correct
52,castanea/Fag.C.satX400wF(793)(781)H-40.png,2,2,0.9985019,castanea,castanea,Correct
53,castanea/Fag.C.satX400wF(793)(781)H-6.png,2,2,0.9991615,castanea,castanea,Correct
54,castanea/Fag.C.satX400wF(793)(781)H-7.png,2,2,0.9988464,castanea,castanea,Correct
55,ceratonia/Fab.C.silX400wF(475)(0)A-10.png,3,3,0.99552613,ceratonia,ceratonia,Correct
56,ceratonia/Fab.C.silX400wF(475)(0)A-6.png,3,3,0.98809403,ceratonia,ceratonia,Correct
57,ceratonia/Fab.C.silX400wF(476)(0)B-10.png,3,3,0.9990939,ceratonia,ceratonia,Correct
58,ceratonia/Fab.C.silX400wF(476)(0)B-11.png,3,3,0.99965453,ceratonia,ceratonia,Correct
59,ceratonia/Fab.C.silX400wF(476)(0)B-4.png,3,3,0.9997874,ceratonia,ceratonia,Correct
60,ceratonia/Fab.C.silX400wF(478)(0)D-10.png,3,3,0.9992778,ceratonia,ceratonia,Correct
61,ceratonia/Fab.C.silX400wF(478)(0)D-3.png,3,3,0.97316045,ceratonia,ceratonia,Correct
62,ceratonia/Fab.C.silX400wF(478)(0)D-5.png,3,3,0.99917585,ceratonia,ceratonia,Correct
64,ceratonia/Fab.C.silX400wF(479)(0)E-17.png,3,3,0.99775213,ceratonia,ceratonia,Correct
65,ebenus/Fab.E.creX400wF(696)(0)D-2.png,4,4,0.99849594,ebenus,ebenus,Correct
66,ebenus/Fab.E.creX400wF(697)(0)E-2.png,4,4,0.9995517,ebenus,ebenus,Correct
67,erica/Eri.E.maniX400wF(5355)(0)A-10.png,5,5,0.6754221,erica,erica,Correct
68,erica/Eri.E.maniX400wF(5355)(0)A-3.png,5,5,0.9995846,erica,erica,Correct
69,erica/Eri.E.maniX400wF(5355)(0)A-5.png,5,5,0.9985318,erica,erica,Correct
70,erica/Eri.E.maniX400wF(5355)(0)A-6.png,5,5,0.99948597,erica,erica,Correct
71,erica/Eri.E.maniX400wF(5356)(0)B-16.png,5,5,0.9988527,erica,erica,Correct
72,erica/Eri.E.maniX400wF(5357)(0)C-19.png,5,5,0.99480915,erica,erica,Correct
73,erica/Eri.E.maniX400wF(5357)(0)C-23.png,5,5,0.9993011,erica,erica,Correct
74,erica/Eri.E.maniX400wF(5357)(0)C-27.png,5,5,0.9998233,erica,erica,Correct
75,erica/Eri.E.maniX400wF(5357)(0)C-8.png,5,5,0.99759513,erica,erica,Correct
76,erica/Eri.E.maniX400wF(5359)(0)E-16.png,5,5,0.999584,erica,erica,Correct
77,erica/Eri.E.maniX400wF(5360)(0)F-12.png,5,5,0.99960524,erica,erica,Correct
78,erica/Eri.E.maniX400wF(5360)(0)F-17.png,5,5,0.9998579,erica,erica,Correct
79,erica/Eri.E.maniX400wF(5360)(0)F-2.png,5,5,0.9996282,erica,erica,Correct
80,erica/Eri.E.maniX400wF(5360)(0)F-5.png,5,5,0.9987368,erica,erica,Correct
81,erica/Eri.E.maniX400wF(5360)(0)F-6.png,5,5,0.9990852,erica,erica,Correct
82,erica/Eri.E.maniX400wF(5360)(0)F-8.png,5,5,0.99980944,erica,erica,Correct
83,erica/Eri.E.maniX400wF(5362)(0)H-3.png,5,5,0.9987268,erica,erica,Correct
84,erica/Eri.E.maniX400wF(5363)(0)I-10.png,5,5,0.9997265,erica,erica,Correct
85,eucalyptus/Myr.E.camaX400wF(1867)(0)B-7.png,6,6,0.99948275,eucalyptus,eucalyptus,Correct
86,eucalyptus/Myr.E.camaX400wF(1868)(0)C-13.png,6,6,0.9932,eucalyptus,eucalyptus,Correct
87,eucalyptus/Myr.E.camaX400wF(1868)(0)C-7.png,6,6,0.99565107,eucalyptus,eucalyptus,Correct
88,eucalyptus/Myr.E.camaX400wF(1871)(0)F-1.png,6,6,0.97985166,eucalyptus,eucalyptus,Correct
89,eucalyptus/Myr.E.camaX400wF(1871)(0)F-9.png,6,6,0.5409753,eucalyptus,eucalyptus,Correct
90,eucalyptus/Myr.E.camaX400wF(1872)(0)G-4.png,6,6,0.98698246,eucalyptus,eucalyptus,Correct
91,eucalyptus/Myr.E.camaX400wF(2962)(0)H-16.png,6,6,0.9973437,eucalyptus,eucalyptus,Correct
92,eucalyptus/Myr.E.camaX400wF(2962)(0)H-2.png,6,6,0.99000376,eucalyptus,eucalyptus,Correct
93,eucalyptus/Myr.E.camaX400wF(2962)(0)H-31.png,6,6,0.9977717,eucalyptus,eucalyptus,Correct
94,eucalyptus/Myr.E.camaX400wF(2963)(0)I-1.png,6,6,0.9991798,eucalyptus,eucalyptus,Correct
95,eucalyptus/Myr.E.camaX400wF(2964)(0)J-17.png,6,6,0.9983242,eucalyptus,eucalyptus,Correct
96,eucalyptus/Myr.E.camaX400wF(2964)(0)J-18.png,6,6,0.9991161,eucalyptus,eucalyptus,Correct
97,eucalyptus/Myr.E.camaX400wF(2964)(0)J-2.png,6,6,0.9997253,eucalyptus,eucalyptus,Correct
98,eucalyptus/Myr.E.camaX400wF(2965)(0)K-11.png,6,6,0.99421173,eucalyptus,eucalyptus,Correct
99,eucalyptus/Myr.E.camaX400wF(2965)(0)K-15.png,6,6,0.9997496,eucalyptus,eucalyptus,Correct
100,eucalyptus/Myr.E.camaX400wF(2965)(0)K-5.png,6,6,0.997124,eucalyptus,eucalyptus,Correct
101,eucalyptus/Myr.E.camaX400wF(2965)(0)K-9.png,6,6,0.9981762,eucalyptus,eucalyptus,Correct
102,ferula/Api.F.comX400wF(2135)(0)A-15.png,7,7,0.99638164,ferula,ferula,Correct
103,ferula/Api.F.comX400wF(2135)(0)A-18.png,7,7,0.9948619,ferula,ferula,Correct
104,ferula/Api.F.comX400wF(2135)(0)A-6.png,7,7,0.9778405,ferula,ferula,Correct
105,ferula/Api.F.comX400wF(2136)(0)B-6.png,7,7,0.9996184,ferula,ferula,Correct
106,ferula/Api.F.comX400wF(2137)(0)C-6.png,7,7,0.9991037,ferula,ferula,Correct
107,ferula/Api.F.comX400wF(2138)(0)D-14.png,7,7,0.99884254,ferula,ferula,Correct
108,ferula/Api.F.comX400wF(2139)(0)E-12.png,7,7,0.9991824,ferula,ferula,Correct
109,ferula/Api.F.comX400wF(2139)(0)E-25.png,7,7,0.99490863,ferula,ferula,Correct
110,myrtus/IMG_3734-116.png,8,8,0.99895203,myrtus,myrtus,Correct
111,myrtus/IMG_3734-121.png,8,8,0.9996952,myrtus,myrtus,Correct
112,myrtus/IMG_3734-128.png,8,8,0.99953735,myrtus,myrtus,Correct
113,myrtus/IMG_3734-19.png,8,8,0.99909306,myrtus,myrtus,Correct
114,myrtus/IMG_3734-22.png,8,8,0.9985593,myrtus,myrtus,Correct
115,myrtus/IMG_3734-51.png,8,8,0.9992787,myrtus,myrtus,Correct
116,myrtus/IMG_3734-67.png,8,8,0.99929154,myrtus,myrtus,Correct
117,myrtus/IMG_3734-96.png,8,8,0.9989517,myrtus,myrtus,Correct
118,myrtus/IMG_3735-1.png,8,8,0.9985461,myrtus,myrtus,Correct
119,myrtus/IMG_3735-26.png,8,8,0.9991252,myrtus,myrtus,Correct
120,myrtus/IMG_3735-27.png,8,8,0.9996189,myrtus,myrtus,Correct
121,myrtus/IMG_3735-3.png,8,8,0.99800783,myrtus,myrtus,Correct
122,myrtus/IMG_3735-31.png,8,8,0.999564,myrtus,myrtus,Correct
123,myrtus/IMG_3735-33.png,8,8,0.99924856,myrtus,myrtus,Correct
124,myrtus/IMG_3735-41.png,8,8,0.99905473,myrtus,myrtus,Correct
125,myrtus/IMG_3736-17.png,8,8,0.99893576,myrtus,myrtus,Correct
126,myrtus/IMG_3736-22.png,8,8,0.9995103,myrtus,myrtus,Correct
127,myrtus/IMG_3736-52.png,8,8,0.9993654,myrtus,myrtus,Correct
128,myrtus/IMG_3736-57.png,8,8,0.9994223,myrtus,myrtus,Correct
129,myrtus/IMG_3736-64.png,8,8,0.99868566,myrtus,myrtus,Correct
130,myrtus/IMG_3736-69.png,8,8,0.9992267,myrtus,myrtus,Correct
131,myrtus/IMG_3736-82.png,8,8,0.999647,myrtus,myrtus,Correct
132,myrtus/IMG_3737-20.png,8,8,0.9995196,myrtus,myrtus,Correct
133,myrtus/IMG_3737-51.png,8,8,0.9985026,myrtus,myrtus,Correct
134,myrtus/IMG_3737-72.png,8,8,0.99894196,myrtus,myrtus,Correct
135,myrtus/IMG_3737-8.png,8,8,0.9988102,myrtus,myrtus,Correct
136,myrtus/IMG_3738-1.png,8,8,0.9982894,myrtus,myrtus,Correct
137,myrtus/IMG_3738-121.png,8,8,0.99903166,myrtus,myrtus,Correct
138,myrtus/IMG_3738-127.png,8,8,0.9991767,myrtus,myrtus,Correct
139,myrtus/IMG_3738-128.png,8,8,0.9964824,myrtus,myrtus,Correct
140,myrtus/IMG_3738-130.png,8,8,0.99903345,myrtus,myrtus,Correct
141,myrtus/IMG_3738-132.png,8,8,0.9988726,myrtus,myrtus,Correct
142,myrtus/IMG_3738-157.png,8,8,0.99890184,myrtus,myrtus,Correct
143,myrtus/IMG_3738-19.png,8,8,0.9987332,myrtus,myrtus,Correct
144,myrtus/IMG_3738-26.png,8,8,0.99864846,myrtus,myrtus,Correct
146,myrtus/IMG_3738-80.png,8,8,0.99893266,myrtus,myrtus,Correct
147,myrtus/IMG_3738-84.png,8,8,0.99801695,myrtus,myrtus,Correct
148,myrtus/IMG_3738-87.png,8,8,0.99324155,myrtus,myrtus,Correct
149,myrtus/IMG_3738-97.png,8,8,0.99926704,myrtus,myrtus,Correct
150,myrtus/IMG_3738-99.png,8,8,0.9992588,myrtus,myrtus,Correct
151,myrtus/IMG_3741-23.png,8,8,0.9985007,myrtus,myrtus,Correct
152,myrtus/IMG_3741-36.png,8,8,0.9992312,myrtus,myrtus,Correct
153,myrtus/IMG_3741-5.png,8,8,0.99959654,myrtus,myrtus,Correct
154,myrtus/IMG_3741-50.png,8,8,0.9989827,myrtus,myrtus,Correct
155,myrtus/IMG_3741-58.png,8,8,0.99902487,myrtus,myrtus,Correct
156,myrtus/IMG_3741-60.png,8,8,0.9994449,myrtus,myrtus,Correct
157,myrtus/IMG_3741-65.png,8,8,0.9996387,myrtus,myrtus,Correct
158,myrtus/IMG_3741-68.png,8,8,0.9990621,myrtus,myrtus,Correct
159,myrtus/IMG_3741-7.png,8,8,0.9994536,myrtus,myrtus,Correct
160,myrtus/IMG_3742-2.png,8,8,0.9990232,myrtus,myrtus,Correct
161,myrtus/IMG_3742-20.png,8,8,0.9994066,myrtus,myrtus,Correct
162,myrtus/IMG_3742-22.png,8,8,0.99900985,myrtus,myrtus,Correct
163,myrtus/IMG_3742-28.png,8,8,0.99938476,myrtus,myrtus,Correct
164,myrtus/IMG_3742-31.png,8,8,0.99917656,myrtus,myrtus,Correct
165,myrtus/IMG_3742-39.png,8,8,0.99908495,myrtus,myrtus,Correct
166,myrtus/IMG_3743-14.png,8,8,0.9988011,myrtus,myrtus,Correct
167,myrtus/IMG_3743-33.png,8,8,0.99783283,myrtus,myrtus,Correct
168,myrtus/IMG_3743-36.png,8,8,0.9966515,myrtus,myrtus,Correct
169,myrtus/IMG_3743-7.png,8,8,0.9994017,myrtus,myrtus,Correct
170,myrtus/IMG_3744-11.png,8,8,0.99943465,myrtus,myrtus,Correct
171,myrtus/IMG_3744-20.png,8,8,0.9982748,myrtus,myrtus,Correct
172,myrtus/IMG_3744-9.png,8,8,0.9996805,myrtus,myrtus,Correct
173,myrtus/Myr.M.comX400wF(1095)(1091)A-13.png,8,8,0.99943596,myrtus,myrtus,Correct
174,myrtus/Myr.M.comX400wF(1095)(1091)A-17.png,8,8,0.9996333,myrtus,myrtus,Correct
175,myrtus/Myr.M.comX400wF(1095)(1091)A-47.png,8,8,0.99915373,myrtus,myrtus,Correct
176,myrtus/Myr.M.comX400wF(1095)(1091)A-52.png,8,8,0.9996388,myrtus,myrtus,Correct
177,myrtus/Myr.M.comX400wF(1095)(1091)A-66.png,8,8,0.99924433,myrtus,myrtus,Correct
178,myrtus/Myr.M.comX400wF(1095)(1091)A-81.png,8,8,0.9986714,myrtus,myrtus,Correct
179,myrtus/Myr.M.comX400wF(1095)(1091)A-82.png,8,8,0.99953794,myrtus,myrtus,Correct
180,myrtus/Myr.M.comX400wF(1095)(1091)A-88.png,8,8,0.9994906,myrtus,myrtus,Correct
181,myrtus/Myr.M.comX400wF(1097)(1090)C-21.png,8,8,0.9995871,myrtus,myrtus,Correct
182,myrtus/Myr.M.comX400wF(1097)(1090)C-31.png,8,8,0.9977773,myrtus,myrtus,Correct
183,myrtus/Myr.M.comX400wF(1097)(1090)C-36.png,8,8,0.99941504,myrtus,myrtus,Correct
184,myrtus/Myr.M.comX400wF(1097)(1090)C-56.png,8,8,0.9995415,myrtus,myrtus,Correct
185,myrtus/Myr.M.comX400wF(1097)(1090)C-59.png,8,8,0.9993517,myrtus,myrtus,Correct
186,myrtus/Myr.M.comX400wF(1097)(1090)C-72.png,8,8,0.99872285,myrtus,myrtus,Correct
187,myrtus/Myr.M.comX400wF(1097)(1090)C-79.png,8,8,0.9987691,myrtus,myrtus,Correct
188,myrtus/Myr.M.comX400wF(1097)(1090)C-9.png,8,8,0.99833953,myrtus,myrtus,Correct
189,olea/Ole.O.euroX400wF(4261)(0)A-24.png,9,9,0.99838984,olea,olea,Correct
190,olea/Ole.O.euroX400wF(4261)(0)A-30.png,9,9,0.99409324,olea,olea,Correct
191,olea/Ole.O.euroX400wF(4261)(0)A-4.png,9,9,0.99335843,olea,olea,Correct
192,olea/Ole.O.euroX400wF(4261)(0)A-56.png,9,9,0.8886214,olea,olea,Correct
193,olea/Ole.O.euroX400wF(4261)(0)A-6.png,9,9,0.99930763,olea,olea,Correct
194,olea/Ole.O.euroX400wF(4261)(0)A-7.png,9,9,0.9992465,olea,olea,Correct
195,olea/Ole.O.euroX400wF(4262)(0)B-19.png,9,9,0.9690679,olea,olea,Correct
196,olea/Ole.O.euroX400wF(4262)(0)B-2.png,9,9,0.9921881,olea,olea,Correct
197,olea/Ole.O.euroX400wF(4262)(0)B-26.png,9,9,0.9987828,olea,olea,Correct
198,olea/Ole.O.euroX400wF(4263)(0)C-109.png,9,9,0.99935645,olea,olea,Correct
199,olea/Ole.O.euroX400wF(4263)(0)C-153.png,9,9,0.99976593,olea,olea,Correct
200,olea/Ole.O.euroX400wF(4263)(0)C-168.png,9,9,0.99860066,olea,olea,Correct
201,olea/Ole.O.euroX400wF(4263)(0)C-179.png,9,9,0.99925655,olea,olea,Correct
202,olea/Ole.O.euroX400wF(4263)(0)C-188.png,9,9,0.9993375,olea,olea,Correct
203,olea/Ole.O.euroX400wF(4263)(0)C-192.png,9,9,0.9991185,olea,olea,Correct
204,olea/Ole.O.euroX400wF(4263)(0)C-193.png,9,9,0.99946684,olea,olea,Correct
205,olea/Ole.O.euroX400wF(4263)(0)C-199.png,9,9,0.99941635,olea,olea,Correct
206,olea/Ole.O.euroX400wF(4263)(0)C-23.png,9,9,0.99936634,olea,olea,Correct
207,olea/Ole.O.euroX400wF(4263)(0)C-27.png,9,9,0.99959725,olea,olea,Correct
208,olea/Ole.O.euroX400wF(4263)(0)C-34.png,9,9,0.9997168,olea,olea,Correct
209,olea/Ole.O.euroX400wF(4263)(0)C-4.png,9,9,0.9993369,olea,olea,Correct
210,olea/Ole.O.euroX400wF(4263)(0)C-52.png,9,9,0.783436,olea,olea,Correct
211,olea/Ole.O.euroX400wF(4263)(0)C-58.png,9,9,0.9985862,olea,olea,Correct
212,olea/Ole.O.euroX400wF(4263)(0)C-60.png,9,9,0.99962604,olea,olea,Correct
213,olea/Ole.O.euroX400wF(4263)(0)C-67.png,9,9,0.9992525,olea,olea,Correct
214,olea/Ole.O.euroX400wF(4263)(0)C-68.png,9,9,0.9993594,olea,olea,Correct
215,olea/Ole.O.euroX400wF(4263)(0)C-73.png,9,9,0.9984107,olea,olea,Correct
216,olea/Ole.O.euroX400wF(4263)(0)C-76.png,9,9,0.9562881,olea,olea,Correct
217,olea/Ole.O.euroX400wF(4263)(0)C-80.png,9,9,0.9981981,olea,olea,Correct
218,olea/Ole.O.euroX400wF(4263)(0)C-96.png,9,9,0.9996946,olea,olea,Correct
219,olea/Ole.O.euroX400wF(4263)(0)C-97.png,9,9,0.9931155,olea,olea,Correct
220,olea/Ole.O.euroX400wF(4264)(0)D-113.png,9,9,0.8895307,olea,olea,Correct
221,olea/Ole.O.euroX400wF(4264)(0)D-114.png,9,9,0.9993162,olea,olea,Correct
222,olea/Ole.O.euroX400wF(4264)(0)D-143.png,9,9,0.9985184,olea,olea,Correct
223,olea/Ole.O.euroX400wF(4264)(0)D-15.png,9,9,0.9997167,olea,olea,Correct
224,olea/Ole.O.euroX400wF(4264)(0)D-152.png,9,9,0.9661163,olea,olea,Correct
225,olea/Ole.O.euroX400wF(4264)(0)D-27.png,9,9,0.99277747,olea,olea,Correct
226,olea/Ole.O.euroX400wF(4264)(0)D-4.png,9,9,0.99935955,olea,olea,Correct
227,olea/Ole.O.euroX400wF(4264)(0)D-52.png,9,9,0.9997602,olea,olea,Correct
228,olea/Ole.O.euroX400wF(4264)(0)D-7.png,9,9,0.998944,olea,olea,Correct
229,olea/Ole.O.euroX400wF(4264)(0)D-71.png,9,9,0.99935323,olea,olea,Correct
230,olea/Ole.O.euroX400wF(4264)(0)D-9.png,9,9,0.9994425,olea,olea,Correct
231,olea/Ole.O.euroX400wF(4264)(0)D-99.png,9,9,0.99956816,olea,olea,Correct
232,olea/Ole.O.euroX400wF(4265)(0)E-109.png,9,9,0.9992594,olea,olea,Correct
233,olea/Ole.O.euroX400wF(4265)(0)E-114.png,9,9,0.9992679,olea,olea,Correct
234,olea/Ole.O.euroX400wF(4265)(0)E-134.png,9,9,0.9991917,olea,olea,Correct
235,olea/Ole.O.euroX400wF(4265)(0)E-136.png,9,9,0.9988096,olea,olea,Correct
236,olea/Ole.O.euroX400wF(4265)(0)E-155.png,9,9,0.9996099,olea,olea,Correct
237,olea/Ole.O.euroX400wF(4265)(0)E-160.png,9,9,0.99795485,olea,olea,Correct
238,olea/Ole.O.euroX400wF(4265)(0)E-163.png,9,9,0.9992286,olea,olea,Correct
239,olea/Ole.O.euroX400wF(4265)(0)E-164.png,9,9,0.9988532,olea,olea,Correct
240,olea/Ole.O.euroX400wF(4265)(0)E-171.png,9,9,0.9987011,olea,olea,Correct
241,olea/Ole.O.euroX400wF(4265)(0)E-180.png,9,9,0.99939835,olea,olea,Correct
242,olea/Ole.O.euroX400wF(4265)(0)E-193.png,9,9,0.9983827,olea,olea,Correct
243,olea/Ole.O.euroX400wF(4265)(0)E-195.png,9,9,0.99927646,olea,olea,Correct
244,olea/Ole.O.euroX400wF(4265)(0)E-202.png,9,9,0.99937916,olea,olea,Correct
246,olea/Ole.O.euroX400wF(4265)(0)E-49.png,9,9,0.9993643,olea,olea,Correct
247,olea/Ole.O.euroX400wF(4265)(0)E-89.png,9,9,0.9990953,olea,olea,Correct
248,olea/Ole.O.euroX400wF(4266)(0)F-102.png,9,9,0.998743,olea,olea,Correct
249,olea/Ole.O.euroX400wF(4266)(0)F-103.png,9,9,0.99936634,olea,olea,Correct
250,olea/Ole.O.euroX400wF(4266)(0)F-108.png,9,9,0.9989297,olea,olea,Correct
251,olea/Ole.O.euroX400wF(4266)(0)F-116.png,9,9,0.9995555,olea,olea,Correct
252,olea/Ole.O.euroX400wF(4266)(0)F-117.png,9,9,0.9972542,olea,olea,Correct
253,olea/Ole.O.euroX400wF(4266)(0)F-132.png,9,9,0.9991007,olea,olea,Correct
255,olea/Ole.O.euroX400wF(4266)(0)F-137.png,9,9,0.9979512,olea,olea,Correct
256,olea/Ole.O.euroX400wF(4266)(0)F-140.png,9,9,0.99880433,olea,olea,Correct
257,olea/Ole.O.euroX400wF(4266)(0)F-29.png,9,9,0.99778146,olea,olea,Correct
258,olea/Ole.O.euroX400wF(4266)(0)F-33.png,9,9,0.9986935,olea,olea,Correct
259,olea/Ole.O.euroX400wF(4266)(0)F-41.png,9,9,0.9995646,olea,olea,Correct
260,olea/Ole.O.euroX400wF(4266)(0)F-45.png,9,9,0.99912995,olea,olea,Correct
261,olea/Ole.O.euroX400wF(4266)(0)F-48.png,9,9,0.99887127,olea,olea,Correct
262,olea/Ole.O.euroX400wF(4266)(0)F-62.png,9,9,0.9993261,olea,olea,Correct
263,olea/Ole.O.euroX400wF(4266)(0)F-85.png,9,9,0.998868,olea,olea,Correct
264,olea/Ole.O.euroX400wF(4266)(0)F-89.png,9,9,0.99965715,olea,olea,Correct
265,olea/Ole.O.euroX400wF(4267)(0)G-15.png,9,9,0.99883956,olea,olea,Correct
266,olea/Ole.O.euroX400wF(4267)(0)G-34.png,9,9,0.99926096,olea,olea,Correct
267,olea/Ole.O.euroX400wF(4267)(0)G-46.png,9,9,0.9988147,olea,olea,Correct
268,origanum/Lam.O.micX400wF(885)(0)B-1.png,10,10,0.9975452,origanum,origanum,Correct
269,origanum/Lam.O.micX400wF(886)(0)C-12.png,10,10,0.99609995,origanum,origanum,Correct
270,origanum/Lam.O.micX400wF(886)(0)C-14.png,10,10,0.99986875,origanum,origanum,Correct
271,origanum/Lam.O.micX400wF(886)(0)C-32.png,10,10,0.9912498,origanum,origanum,Correct
272,origanum/Lam.O.micX400wF(886)(0)C-38.png,10,10,0.97938627,origanum,origanum,Correct
273,origanum/Lam.O.micX400wF(886)(0)C-46.png,10,10,0.997488,origanum,origanum,Correct
274,origanum/Lam.O.micX400wF(886)(0)C-5.png,10,10,0.9920053,origanum,origanum,Correct
275,origanum/Lam.O.micX400wF(886)(0)C-59.png,10,10,0.9995498,origanum,origanum,Correct
276,origanum/Lam.O.micX400wF(886)(0)C-8.png,10,10,0.99942577,origanum,origanum,Correct
277,origanum/Lam.O.micX400wF(887)(0)D-2.png,10,10,0.9960736,origanum,origanum,Correct
278,origanum/Lam.O.micX400wF(887)(0)D-7.png,10,10,0.99867225,origanum,origanum,Correct
279,origanum/Lam.O.micX400wF(887)(0)D-8.png,10,10,0.8420883,origanum,origanum,Correct
280,origanum/Lam.O.micX400wF(889)(0)F-26.png,10,10,0.97473484,origanum,origanum,Correct
281,origanum/Lam.O.micX400wF(889)(0)F-30.png,10,10,0.99711716,origanum,origanum,Correct
282,origanum/Lam.O.micX400wF(889)(0)F-4.png,10,10,0.99958724,origanum,origanum,Correct
283,origanum/Lam.O.micX400wF(889)(0)F-54.png,10,10,0.99801254,origanum,origanum,Correct
284,origanum/Lam.O.micX400wF(889)(0)F-57.png,10,10,0.7797661,origanum,origanum,Correct
285,oxalis/Oxa.O.pes.cX400wF(1733)(0)A-1.png,11,11,0.9990639,oxalis,oxalis,Correct
286,oxalis/Oxa.O.pes.cX400wF(1733)(0)A-17.png,11,11,0.99941516,oxalis,oxalis,Correct
287,oxalis/Oxa.O.pes.cX400wF(1733)(0)A-18.png,11,11,0.9990658,oxalis,oxalis,Correct
288,oxalis/Oxa.O.pes.cX400wF(1733)(0)A-8.png,11,11,0.99937373,oxalis,oxalis,Correct
289,oxalis/Oxa.O.pes.cX400wF(1734)(0)B-9.png,11,11,0.9992204,oxalis,oxalis,Correct
290,oxalis/Oxa.O.pes.cX400wF(1737)(1736)E-4.png,11,11,0.9990765,oxalis,oxalis,Correct
291,oxalis/Oxa.O.pes.cX400wF(1738)(0)F-12.png,11,11,0.9995479,oxalis,oxalis,Correct
292,oxalis/Oxa.O.pes.cX400wF(1741)(0)I-5.png,11,11,0.9991153,oxalis,oxalis,Correct
293,oxalis/Oxa.O.pes.cX400wF(1742)(1741)J-1.png,11,11,0.9989085,oxalis,oxalis,Correct
294,oxalis/Oxa.O.pes.cX400wF(1743)(0)K-1.png,11,11,0.9989717,oxalis,oxalis,Correct
295,oxalis/Oxa.O.pes.cX400wF(1743)(0)K-10.png,11,11,0.99918157,oxalis,oxalis,Correct
296,oxalis/Oxa.O.pes.cX400wF(1743)(0)K-13.png,11,11,0.9987017,oxalis,oxalis,Correct
297,oxalis/Oxa.O.pes.cX400wF(1743)(0)K-15.png,11,11,0.9985958,oxalis,oxalis,Correct
298,oxalis/Oxa.O.pes.cX400wF(1743)(0)K-23.png,11,11,0.9991202,oxalis,oxalis,Correct
299,pinus/Pin.P.brutX400wF(3172)(0)B-6.png,12,12,0.99892503,pinus,pinus,Correct
300,pinus/Pin.P.brutX400wF(3173)(0)C-1.png,12,12,0.9987857,pinus,pinus,Correct
301,pinus/Pin.P.brutX400wF(3174)(0)D-4.png,12,12,0.9987288,pinus,pinus,Correct
302,pistacia/Ana.P.tereX400wF(3222)(0)A-6.png,13,13,0.9995394,pistacia,pistacia,Correct
303,pistacia/Ana.P.tereX400wF(3224)(0)C-13.png,13,13,0.99888426,pistacia,pistacia,Correct
304,pistacia/Ana.P.tereX400wF(3226)(0)E-8.png,13,13,0.99923146,pistacia,pistacia,Correct
305,salvia/Lam.S.triX400wF(2188)(0)A-4.png,14,14,0.9991635,salvia,salvia,Correct
306,salvia/Lam.S.triX400wF(2189)(0)B-13.png,14,14,0.9995776,salvia,salvia,Correct
307,salvia/Lam.S.triX400wF(2189)(0)B-23.png,14,14,0.9995503,salvia,salvia,Correct
308,salvia/Lam.S.triX400wF(2189)(0)B-26.png,14,14,0.9990569,salvia,salvia,Correct
310,salvia/Lam.S.triX400wF(2189)(0)B-34.png,14,14,0.99943095,salvia,salvia,Correct
311,salvia/Lam.S.triX400wF(2190)(0)C-13.png,14,14,0.9994785,salvia,salvia,Correct
312,salvia/Lam.S.triX400wF(2190)(0)C-28.png,14,14,0.98054814,salvia,salvia,Correct
313,salvia/Lam.S.triX400wF(2190)(0)C-29.png,14,14,0.9991302,salvia,salvia,Correct
314,salvia/Lam.S.triX400wF(2190)(0)C-6.png,14,14,0.9993198,salvia,salvia,Correct
315,salvia/Lam.S.triX400wF(2190)(0)C-7.png,14,14,0.99952483,salvia,salvia,Correct
316,salvia/Lam.S.triX400wF(2191)(0)D-16.png,14,14,0.9993345,salvia,salvia,Correct
317,salvia/Lam.S.triX400wF(2191)(0)D-22.png,14,14,0.99956375,salvia,salvia,Correct
318,salvia/Lam.S.triX400wF(2191)(0)D-44.png,14,14,0.8313597,salvia,salvia,Correct
319,salvia/Lam.S.triX400wF(2191)(0)D-45.png,14,14,0.9994475,salvia,salvia,Correct
320,salvia/Lam.S.triX400wF(2191)(0)D-9.png,14,14,0.9995689,salvia,salvia,Correct
321,salvia/Lam.S.triX400wF(2192)(0)E-6.png,14,14,0.99938715,salvia,salvia,Correct
322,salvia/Lam.S.triX400wF(2193)(0)F-11.png,14,14,0.99964166,salvia,salvia,Correct
323,satureja/Lam.S.thyX400wF(941)(937)A-1.png,15,15,0.9996811,satureja,satureja,Correct
325,satureja/Lam.S.thyX400wF(943)(990)C-2.png,15,15,0.9994241,satureja,satureja,Correct
326,satureja/Lam.S.thyX400wF(944)(940)E-11.png,15,15,0.9991756,satureja,satureja,Correct
327,satureja/Lam.S.thyX400wF(944)(940)E-27.png,15,15,0.9996321,satureja,satureja,Correct
328,satureja/Lam.S.thyX400wF(946)(0)G-1.png,15,15,0.99971336,satureja,satureja,Correct
329,satureja/Lam.S.thyX400wF(947)(0)H-2.png,15,15,0.99185705,satureja,satureja,Correct
330,sinapis/Bra.S.albX400wF(2150)(0)A-4.png,16,16,0.748505,sinapis,sinapis,Correct
331,sinapis/Bra.S.albX400wF(2150)(0)A-9.png,16,16,0.9953681,sinapis,sinapis,Correct
334,sinapis/Bra.S.albX400wF(2151)(0)B-24.png,16,16,0.9964282,sinapis,sinapis,Correct
335,sinapis/Bra.S.albX400wF(2151)(0)B-27.png,16,16,0.99719125,sinapis,sinapis,Correct
336,sinapis/Bra.S.albX400wF(2152)(0)C-13.png,16,16,0.9988709,sinapis,sinapis,Correct
337,sinapis/Bra.S.albX400wF(2152)(0)C-14.png,16,16,0.9966595,sinapis,sinapis,Correct
338,sinapis/Bra.S.albX400wF(2152)(0)C-7.png,16,16,0.99657804,sinapis,sinapis,Correct
339,sinapis/Bra.S.albX400wF(2154)(0)E-23.png,16,16,0.99735415,sinapis,sinapis,Correct
340,sinapis/Bra.S.albX400wF(2154)(0)E-24.png,16,16,0.9989932,sinapis,sinapis,Correct
341,sinapis/IMG_3701-2.png,16,16,0.9988741,sinapis,sinapis,Correct
342,sinapis/IMG_3704-13.png,16,16,0.999564,sinapis,sinapis,Correct
343,sinapis/IMG_3704-8.png,16,16,0.99940443,sinapis,sinapis,Correct
344,sinapis/IMG_3706-7.png,16,16,0.99903584,sinapis,sinapis,Correct
345,sinapis/IMG_3708-11.png,16,16,0.99775213,sinapis,sinapis,Correct
346,sinapis/IMG_3708-12.png,16,16,0.9990952,sinapis,sinapis,Correct
347,sinapis/IMG_3708-14.png,16,16,0.99863917,sinapis,sinapis,Correct
348,sinapis/IMG_3708-7.png,16,16,0.99883705,sinapis,sinapis,Correct
349,sinapis/IMG_3708-9.png,16,16,0.99245775,sinapis,sinapis,Correct
350,thymbra/Lam.T.capX400wF(1029)(0)A-19.png,17,17,0.996642,thymbra,thymbra,Correct
351,thymbra/Lam.T.capX400wF(1030)(0)B-7.png,17,17,0.9989592,thymbra,thymbra,Correct
352,thymbra/Lam.T.capX400wF(1030)(0)B-8.png,17,17,0.9979699,thymbra,thymbra,Correct
353,thymbra/Lam.T.capX400wF(1031)(0)C-15.png,17,17,0.9989009,thymbra,thymbra,Correct
354,thymbra/Lam.T.capX400wF(1032)(0)D-12.png,17,17,0.9992725,thymbra,thymbra,Correct
355,thymbra/Lam.T.capX400wF(1032)(0)D-6.png,17,17,0.99938595,thymbra,thymbra,Correct
356,thymbra/Lam.T.capX400wF(1033)(0)E-1.png,17,17,0.99694127,thymbra,thymbra,Correct
357,thymbra/Lam.T.capX400wF(1033)(0)E-10.png,17,17,0.99875474,thymbra,thymbra,Correct
358,thymbra/x40 f (1)-5.png,17,17,0.99913377,thymbra,thymbra,Correct
359,thymbra/x40 f (1)-7.png,17,17,0.99912494,thymbra,thymbra,Correct
360,thymbra/x40 f (3)-1.png,17,17,0.99953103,thymbra,thymbra,Correct
361,thymbra/x40 f (3)-5.png,17,17,0.9994419,thymbra,thymbra,Correct
362,thymbra/x40 f (5)-10.png,17,17,0.9988644,thymbra,thymbra,Correct
363,thymbra/x40 f (7)-7.png,17,17,0.99682355,thymbra,thymbra,Correct
364,urginea/Asp.U.marX400wF(5317)(0)A-6.png,18,18,0.9972783,urginea,urginea,Correct
365,urginea/Asp.U.marX400wF(5319)(0)C-2.png,18,18,0.9991691,urginea,urginea,Correct
366,urginea/Asp.U.marX400wF(5319)(0)C-7.png,18,18,0.9981134,urginea,urginea,Correct
367,urginea/Asp.U.marX400wF(5319)(0)C-8.png,18,18,0.9986916,urginea,urginea,Correct
368,urginea/Asp.U.marX400wF(5321)(0)E-8.png,18,18,0.9989986,urginea,urginea,Correct
369,urginea/Asp.U.marX400wF(5322)(0)F-3.png,18,18,0.9980045,urginea,urginea,Correct
370,urginea/Asp.U.marX400wF(5322)(0)F-4.png,18,18,0.99872726,urginea,urginea,Correct
371,urginea/Asp.U.marX400wF(5323)(0)G-5.png,18,18,0.99921405,urginea,urginea,Correct
372,urginea/Asp.U.marX400wF(5324)(0)H-13.png,18,18,0.9988366,urginea,urginea,Correct
373,urginea/Asp.U.marX400wF(5324)(0)H-14.png,18,18,0.99927336,urginea,urginea,Correct
374,urginea/Asp.U.marX400wF(5324)(0)H-4.png,18,18,0.99784184,urginea,urginea,Correct
375,vitis/Vit.V.viniX400wF(4978)(0)A-1.png,19,19,0.99959487,vitis,vitis,Correct
376,vitis/Vit.V.viniX400wF(4978)(0)A-19.png,19,19,0.9996686,vitis,vitis,Correct
377,vitis/Vit.V.viniX400wF(4978)(0)A-23.png,19,19,0.9997359,vitis,vitis,Correct
378,vitis/Vit.V.viniX400wF(4978)(0)A-6.png,19,19,0.9995704,vitis,vitis,Correct
379,vitis/Vit.V.viniX400wF(4979)(0)B-15.png,19,19,0.53399295,vitis,vitis,Correct
380,vitis/Vit.V.viniX400wF(4979)(0)B-24.png,19,19,0.99975044,vitis,vitis,Correct
381,vitis/Vit.V.viniX400wF(4979)(0)B-25.png,19,19,0.9996332,vitis,vitis,Correct
382,vitis/Vit.V.viniX400wF(4980)(0)C-2.png,19,19,0.9963259,vitis,vitis,Correct
383,vitis/Vit.V.viniX400wF(4980)(0)C-5.png,19,19,0.99936205,vitis,vitis,Correct
384,vitis/Vit.V.viniX400wF(4981)(0)D-12.png,19,19,0.9977957,vitis,vitis,Correct
385,vitis/Vit.V.viniX400wF(4981)(0)D-20.png,19,19,0.99859613,vitis,vitis,Correct
386,vitis/Vit.V.viniX400wF(4981)(0)D-25.png,19,19,0.999652,vitis,vitis,Correct
387,vitis/Vit.V.viniX400wF(4982)(0)E-11.png,19,19,0.9994475,vitis,vitis,Correct
388,vitis/Vit.V.viniX400wF(4982)(0)E-13.png,19,19,0.9996431,vitis,vitis,Correct
389,vitis/Vit.V.viniX400wF(4983)(0)F-10.png,19,19,0.9993674,vitis,vitis,Correct
390,vitis/Vit.V.viniX400wF(4983)(0)F-13.png,19,19,0.963674,vitis,vitis,Correct
391,vitis/Vit.V.viniX400wF(4983)(0)F-20.png,19,19,0.9991534,vitis,vitis,Correct
392,vitis/Vit.V.viniX400wF(4983)(0)F-3.png,19,19,0.99926597,vitis,vitis,Correct
393,vitis/Vit.V.viniX400wF(4983)(0)F-4.png,19,19,0.99847883,vitis,vitis,Correct
394,vitis/Vit.V.viniX400wF(4984)(0)G-12.png,19,19,0.96793705,vitis,vitis,Correct
395,vitis/Vit.V.viniX400wF(4984)(0)G-20.png,19,19,0.99971014,vitis,vitis,Correct
396,vitis/Vit.V.viniX400wF(4984)(0)G-6.png,19,19,0.9958882,vitis,vitis,Correct
397,vitis/Vit.V.viniX400wF(4985)(0)H-21.png,19,19,0.9996489,vitis,vitis,Correct
398,vitis/Vit.V.viniX400wF(4985)(0)H-31.png,19,19,0.99907863,vitis,vitis,Correct
399,vitis/Vit.V.viniX400wF(4985)(0)H-37.png,19,19,0.9997178,vitis,vitis,Correct
400,vitis/Vit.V.viniX400wF(4985)(0)H-40.png,19,19,0.9183975,vitis,vitis,Correct
401,vitis/Vit.V.viniX400wF(4985)(0)H-41.png,19,19,0.99928087,vitis,vitis,Correct
