Unnamed: 0,file,y_true,y_pred,confidence,true_label,predicted_label,status
0,asphodelus/Asp.A.ramX400wF(1984)(0)A-1.png,0,0,0.7193075,asphodelus,asphodelus,Correct
1,asphodelus/Asp.A.ramX400wF(1984)(0)A-11.png,0,0,0.7208301,asphodelus,asphodelus,Correct
2,asphodelus/Asp.A.ramX400wF(1985)(0)B-3.png,0,0,0.43804544,asphodelus,asphodelus,Correct
3,asphodelus/Asp.A.ramX400wF(1988)(0)E-4.png,0,0,0.74191767,asphodelus,asphodelus,Correct
4,calicotome/Fab.C.vilX400wF(2016)(0)A-16.png,1,1,0.8651379,calicotome,calicotome,Correct
6,calicotome/Fab.C.vilX400wF(2017)(0)B-11.png,1,1,0.7981818,calicotome,calicotome,Correct
7,calicotome/Fab.C.vilX400wF(2017)(0)B-12.png,1,1,0.85752445,calicotome,calicotome,Correct
8,calicotome/Fab.C.vilX400wF(2017)(0)B-23.png,1,1,0.71169245,calicotome,calicotome,Correct
9,calicotome/Fab.C.vilX400wF(2018)(0)C-12.png,1,1,0.85704947,calicotome,calicotome,Correct
11,calicotome/Fab.C.vilX400wF(2019)(0)D-102.png,1,1,0.8439999,calicotome,calicotome,Correct
12,calicotome/Fab.C.vilX400wF(2019)(0)D-103.png,1,1,0.83861226,calicotome,calicotome,Correct
13,calicotome/Fab.C.vilX400wF(2019)(0)D-105.png,1,1,0.8275257,calicotome,calicotome,Correct
14,calicotome/Fab.C.vilX400wF(2019)(0)D-122.png,1,1,0.81279504,calicotome,calicotome,Correct
15,calicotome/Fab.C.vilX400wF(2019)(0)D-2.png,1,1,0.8473878,calicotome,calicotome,Correct
16,calicotome/Fab.C.vilX400wF(2019)(0)D-21.png,1,1,0.83504546,calicotome,calicotome,Correct
17,calicotome/Fab.C.vilX400wF(2019)(0)D-53.png,1,1,0.8325145,calicotome,calicotome,Correct
18,calicotome/Fab.C.vilX400wF(2019)(0)D-60.png,1,1,0.845157,calicotome,calicotome,Correct
19,calicotome/Fab.C.vilX400wF(2019)(0)D-75.png,1,1,0.85349953,calicotome,calicotome,Correct
20,calicotome/Fab.C.vilX400wF(2019)(0)D-83.png,1,1,0.84519863,calicotome,calicotome,Correct
21,calicotome/Fab.C.vilX400wF(2020)(0)E-100.png,1,1,0.5646072,calicotome,calicotome,Correct
22,calicotome/Fab.C.vilX400wF(2020)(0)E-102.png,1,1,0.84670305,calicotome,calicotome,Correct
23,calicotome/Fab.C.vilX400wF(2020)(0)E-114.png,1,1,0.84592104,calicotome,calicotome,Correct
24,calicotome/Fab.C.vilX400wF(2020)(0)E-19.png,1,1,0.84195155,calicotome,calicotome,Correct
25,calicotome/Fab.C.vilX400wF(2020)(0)E-23.png,1,1,0.7913682,calicotome,calicotome,Correct
26,calicotome/Fab.C.vilX400wF(2020)(0)E-24.png,1,1,0.840094,calicotome,calicotome,Correct
27,calicotome/Fab.C.vilX400wF(2020)(0)E-38.png,1,1,0.8320139,calicotome,calicotome,Correct
28,calicotome/Fab.C.vilX400wF(2020)(0)E-59.png,1,1,0.8552688,calicotome,calicotome,Correct
29,calicotome/Fab.C.vilX400wF(2020)(0)E-60.png,1,1,0.8403734,calicotome,calicotome,Correct
30,calicotome/Fab.C.vilX400wF(2020)(0)E-61.png,1,1,0.8465381,calicotome,calicotome,Correct
31,calicotome/Fab.C.vilX400wF(2020)(0)E-67.png,1,1,0.8265914,calicotome,calicotome,Correct
32,calicotome/Fab.C.vilX400wF(2020)(0)E-95.png,1,1,0.8419197,calicotome,calicotome,Correct
33,calicotome/Fab.C.vilX400wF(2020)(0)E-96.png,1,1,0.86546594,calicotome,calicotome,Correct
34,castanea/Fag.C.satX400wF(781)(0)A-2.png,2,2,0.54880553,castanea,castanea,Correct
35,castanea/Fag.C.satX400wF(781)(0)A-36.png,2,2,0.52476174,castanea,castanea,Correct
36,castanea/Fag.C.satX400wF(781)(0)A-44.png,2,2,0.5365277,castanea,castanea,Correct
37,castanea/Fag.C.satX400wF(781)(0)A-46.png,2,2,0.52105767,castanea,castanea,Correct
38,castanea/Fag.C.satX400wF(783)(0)C-12.png,2,2,0.5401833,castanea,castanea,Correct
39,castanea/Fag.C.satX400wF(783)(0)C-13.png,2,2,0.53279024,castanea,castanea,Correct
41,castanea/Fag.C.satX400wF(783)(0)C-7.png,2,2,0.4500949,castanea,castanea,Correct
42,castanea/Fag.C.satX400wF(784)(0)D-3.png,2,2,0.5559242,castanea,castanea,Correct
43,castanea/Fag.C.satX400wF(784)(0)D-7.png,2,2,0.53382856,castanea,castanea,Correct
44,castanea/Fag.C.satX400wF(785)(0)E-1.png,2,2,0.5471018,castanea,castanea,Correct
45,castanea/Fag.C.satX400wF(786)(0)F-5.png,2,2,0.50115883,castanea,castanea,Correct
46,castanea/Fag.C.satX400wF(792)(781)G-2.png,2,2,0.54833174,castanea,castanea,Correct
47,castanea/Fag.C.satX400wF(792)(781)G-20.png,2,2,0.5418194,castanea,castanea,Correct
48,castanea/Fag.C.satX400wF(792)(781)G-5.png,2,2,0.53812313,castanea,castanea,Correct
49,castanea/Fag.C.satX400wF(792)(781)G-51.png,2,2,0.55013347,castanea,castanea,Correct
50,castanea/Fag.C.satX400wF(793)(781)H-13.png,2,2,0.5368787,castanea,castanea,Correct
51,castanea/Fag.C.satX400wF(793)(781)H-19.png,2,2,0.53596073,castanea,castanea,Correct
52,castanea/Fag.C.satX400wF(793)(781)H-25.png,2,2,0.533818,castanea,castanea,Correct
53,castanea/Fag.C.satX400wF(793)(781)H-42.png,2,2,0.54404926,castanea,castanea,Correct
54,castanea/Fag.C.satX400wF(793)(781)H-5.png,2,2,0.5369514,castanea,castanea,Correct
55,ceratonia/Fab.C.silX400wF(475)(0)A-8.png,3,3,0.5350043,ceratonia,ceratonia,Correct
56,ceratonia/Fab.C.silX400wF(476)(0)B-10.png,3,3,0.5146519,ceratonia,ceratonia,Correct
57,ceratonia/Fab.C.silX400wF(476)(0)B-16.png,3,3,0.50716853,ceratonia,ceratonia,Correct
58,ceratonia/Fab.C.silX400wF(478)(0)D-2.png,3,3,0.5182831,ceratonia,ceratonia,Correct
59,ceratonia/Fab.C.silX400wF(479)(0)E-13.png,3,3,0.51855004,ceratonia,ceratonia,Correct
60,ceratonia/Fab.C.silX400wF(479)(0)E-15.png,3,3,0.22500354,ceratonia,ceratonia,Correct
61,ceratonia/Fab.C.silX400wF(479)(0)E-2.png,3,3,0.5161873,ceratonia,ceratonia,Correct
62,ceratonia/Fab.C.silX400wF(479)(0)E-5.png,3,3,0.506592,ceratonia,ceratonia,Correct
63,ceratonia/Fab.C.silX400wF(481)(0)G-16.png,3,3,0.53515583,ceratonia,ceratonia,Correct
65,ebenus/Fab.E.creX400wF(694)(0)B-5.png,4,4,0.7097546,ebenus,ebenus,Correct
66,ebenus/Fab.E.creX400wF(696)(0)D-1.png,4,4,0.8168468,ebenus,ebenus,Correct
67,ebenus/Fab.E.creX400wF(698)(0)F-3.png,4,4,0.808737,ebenus,ebenus,Correct
68,erica/Eri.E.maniX400wF(5355)(0)A-3.png,5,5,0.75071317,erica,erica,Correct
69,erica/Eri.E.maniX400wF(5355)(0)A-5.png,5,5,0.74058855,erica,erica,Correct
70,erica/Eri.E.maniX400wF(5356)(0)B-15.png,5,5,0.76082593,erica,erica,Correct
71,erica/Eri.E.maniX400wF(5356)(0)B-17.png,5,5,0.7608648,erica,erica,Correct
72,erica/Eri.E.maniX400wF(5356)(0)B-5.png,5,5,0.7691559,erica,erica,Correct
73,erica/Eri.E.maniX400wF(5357)(0)C-15.png,5,5,0.764613,erica,erica,Correct
74,erica/Eri.E.maniX400wF(5357)(0)C-25.png,5,5,0.75518554,erica,erica,Correct
75,erica/Eri.E.maniX400wF(5358)(0)D-10.png,5,5,0.7731561,erica,erica,Correct
76,erica/Eri.E.maniX400wF(5358)(0)D-12.png,5,5,0.7756225,erica,erica,Correct
77,erica/Eri.E.maniX400wF(5358)(0)D-2.png,5,5,0.7671376,erica,erica,Correct
78,erica/Eri.E.maniX400wF(5359)(0)E-5.png,5,5,0.753913,erica,erica,Correct
79,erica/Eri.E.maniX400wF(5360)(0)F-2.png,5,5,0.75741446,erica,erica,Correct
80,erica/Eri.E.maniX400wF(5361)(0)G-3.png,5,5,0.78086114,erica,erica,Correct
81,erica/Eri.E.maniX400wF(5361)(0)G-7.png,5,5,0.76160437,erica,erica,Correct
82,erica/Eri.E.maniX400wF(5362)(0)H-17.png,5,5,0.7736753,erica,erica,Correct
83,erica/Eri.E.maniX400wF(5362)(0)H-18.png,5,5,0.7635073,erica,erica,Correct
84,erica/Eri.E.maniX400wF(5362)(0)H-7.png,5,5,0.7652688,erica,erica,Correct
85,erica/Eri.E.maniX400wF(5363)(0)I-13.png,5,5,0.75221336,erica,erica,Correct
86,eucalyptus/Myr.E.camaX400wF(1868)(0)C-11.png,6,6,0.79253423,eucalyptus,eucalyptus,Correct
87,eucalyptus/Myr.E.camaX400wF(1868)(0)C-13.png,6,6,0.8083111,eucalyptus,eucalyptus,Correct
88,eucalyptus/Myr.E.camaX400wF(1868)(0)C-7_2.png,6,6,0.77350646,eucalyptus,eucalyptus,Correct
89,eucalyptus/Myr.E.camaX400wF(1868)(0)C-8.png,6,6,0.7928271,eucalyptus,eucalyptus,Correct
91,eucalyptus/Myr.E.camaX400wF(1869)(0)D-3_2.png,6,6,0.7792847,eucalyptus,eucalyptus,Correct
92,eucalyptus/Myr.E.camaX400wF(1869)(0)D-9.png,6,6,0.7353125,eucalyptus,eucalyptus,Correct
93,eucalyptus/Myr.E.camaX400wF(1870)(0)E-10.png,6,6,0.7887501,eucalyptus,eucalyptus,Correct
94,eucalyptus/Myr.E.camaX400wF(1870)(0)E-12.png,6,6,0.797915,eucalyptus,eucalyptus,Correct
95,eucalyptus/Myr.E.camaX400wF(1870)(0)E-12_2.png,6,6,0.7945319,eucalyptus,eucalyptus,Correct
96,eucalyptus/Myr.E.camaX400wF(1870)(0)E-7_2.png,6,6,0.7890046,eucalyptus,eucalyptus,Correct
97,eucalyptus/Myr.E.camaX400wF(1871)(0)F-3.png,6,6,0.7915333,eucalyptus,eucalyptus,Correct
98,eucalyptus/Myr.E.camaX400wF(1871)(0)F-5.png,6,6,0.7747127,eucalyptus,eucalyptus,Correct
99,eucalyptus/Myr.E.camaX400wF(1872)(0)G-9_2.png,6,6,0.78141844,eucalyptus,eucalyptus,Correct
100,eucalyptus/Myr.E.camaX400wF(2962)(0)H-1.png,6,6,0.79920954,eucalyptus,eucalyptus,Correct
102,eucalyptus/Myr.E.camaX400wF(2962)(0)H-20.png,6,6,0.79043996,eucalyptus,eucalyptus,Correct
103,eucalyptus/Myr.E.camaX400wF(2962)(0)H-22_2.png,6,6,0.76962525,eucalyptus,eucalyptus,Correct
104,eucalyptus/Myr.E.camaX400wF(2962)(0)H-27_2.png,6,6,0.787949,eucalyptus,eucalyptus,Correct
105,eucalyptus/Myr.E.camaX400wF(2962)(0)H-28.png,6,6,0.795492,eucalyptus,eucalyptus,Correct
106,eucalyptus/Myr.E.camaX400wF(2962)(0)H-30_2.png,6,6,0.7888968,eucalyptus,eucalyptus,Correct
107,eucalyptus/Myr.E.camaX400wF(2962)(0)H-31.png,6,6,0.80278003,eucalyptus,eucalyptus,Correct
108,eucalyptus/Myr.E.camaX400wF(2962)(0)H-5.png,6,6,0.7981662,eucalyptus,eucalyptus,Correct
109,eucalyptus/Myr.E.camaX400wF(2962)(0)H-8.png,6,6,0.8074302,eucalyptus,eucalyptus,Correct
110,eucalyptus/Myr.E.camaX400wF(2963)(0)I-1.png,6,6,0.8036959,eucalyptus,eucalyptus,Correct
111,eucalyptus/Myr.E.camaX400wF(2963)(0)I-13.png,6,6,0.8079078,eucalyptus,eucalyptus,Correct
112,eucalyptus/Myr.E.camaX400wF(2964)(0)J-16_2.png,6,6,0.79397744,eucalyptus,eucalyptus,Correct
113,eucalyptus/Myr.E.camaX400wF(2965)(0)K-11.png,6,6,0.80332714,eucalyptus,eucalyptus,Correct
114,eucalyptus/Myr.E.camaX400wF(2965)(0)K-14.png,6,6,0.7924866,eucalyptus,eucalyptus,Correct
115,eucalyptus/Myr.E.camaX400wF(2965)(0)K-4_2.png,6,6,0.7914385,eucalyptus,eucalyptus,Correct
116,eucalyptus/Myr.E.camaX400wF(2965)(0)K-7_2.png,6,6,0.79107016,eucalyptus,eucalyptus,Correct
117,eucalyptus/Myr.E.camaX400wF(2966)(0)L-11.png,6,6,0.80015886,eucalyptus,eucalyptus,Correct
118,eucalyptus/Myr.E.camaX400wF(2966)(0)L-2_2.png,6,6,0.78651434,eucalyptus,eucalyptus,Correct
119,eucalyptus/Myr.E.camaX400wF(2966)(0)L-4.png,6,6,0.77556485,eucalyptus,eucalyptus,Correct
120,ferula/Api.F.comX400wF(2136)(0)B-4.png,7,7,0.68862295,ferula,ferula,Correct
121,ferula/Api.F.comX400wF(2136)(0)B-6.png,7,7,0.6781833,ferula,ferula,Correct
122,ferula/Api.F.comX400wF(2138)(0)D-22.png,7,7,0.6899052,ferula,ferula,Correct
123,ferula/Api.F.comX400wF(2138)(0)D-4.png,7,7,0.672048,ferula,ferula,Correct
124,ferula/Api.F.comX400wF(2139)(0)E-10.png,7,7,0.7003986,ferula,ferula,Correct
125,ferula/Api.F.comX400wF(2139)(0)E-18.png,7,7,0.72132736,ferula,ferula,Correct
126,ferula/Api.F.comX400wF(2139)(0)E-22.png,7,7,0.69853735,ferula,ferula,Correct
127,ferula/Api.F.comX400wF(2139)(0)E-8.png,7,7,0.69732785,ferula,ferula,Correct
128,myrtus/IMG_3734-10.png,8,8,0.8257421,myrtus,myrtus,Correct
129,myrtus/IMG_3734-101.png,8,8,0.8255574,myrtus,myrtus,Correct
130,myrtus/IMG_3734-119.png,8,8,0.79439884,myrtus,myrtus,Correct
131,myrtus/IMG_3734-120.png,8,8,0.8168204,myrtus,myrtus,Correct
132,myrtus/IMG_3734-26.png,8,8,0.8258327,myrtus,myrtus,Correct
133,myrtus/IMG_3734-46.png,8,8,0.8292444,myrtus,myrtus,Correct
134,myrtus/IMG_3734-57.png,8,8,0.8325284,myrtus,myrtus,Correct
135,myrtus/IMG_3734-85.png,8,8,0.82266295,myrtus,myrtus,Correct
136,myrtus/IMG_3734-90.png,8,8,0.8297847,myrtus,myrtus,Correct
137,myrtus/IMG_3735-16.png,8,8,0.83436555,myrtus,myrtus,Correct
138,myrtus/IMG_3735-30.png,8,8,0.8259848,myrtus,myrtus,Correct
139,myrtus/IMG_3735-6.png,8,8,0.839071,myrtus,myrtus,Correct
140,myrtus/IMG_3736-20.png,8,8,0.8255882,myrtus,myrtus,Correct
141,myrtus/IMG_3736-30.png,8,8,0.8343913,myrtus,myrtus,Correct
142,myrtus/IMG_3736-39.png,8,8,0.8264799,myrtus,myrtus,Correct
143,myrtus/IMG_3736-45.png,8,8,0.82619035,myrtus,myrtus,Correct
144,myrtus/IMG_3736-47.png,8,8,0.8254806,myrtus,myrtus,Correct
145,myrtus/IMG_3736-50.png,8,8,0.83140206,myrtus,myrtus,Correct
146,myrtus/IMG_3736-52.png,8,8,0.831924,myrtus,myrtus,Correct
147,myrtus/IMG_3736-53.png,8,8,0.83214986,myrtus,myrtus,Correct
148,myrtus/IMG_3736-8.png,8,8,0.83144224,myrtus,myrtus,Correct
149,myrtus/IMG_3736-83.png,8,8,0.83596486,myrtus,myrtus,Correct
150,myrtus/IMG_3737-14.png,8,8,0.8328257,myrtus,myrtus,Correct
151,myrtus/IMG_3737-15.png,8,8,0.83238494,myrtus,myrtus,Correct
152,myrtus/IMG_3737-16.png,8,8,0.8370571,myrtus,myrtus,Correct
153,myrtus/IMG_3737-68.png,8,8,0.82899266,myrtus,myrtus,Correct
154,myrtus/IMG_3737-7.png,8,8,0.83142537,myrtus,myrtus,Correct
155,myrtus/IMG_3738-109.png,8,8,0.82542145,myrtus,myrtus,Correct
156,myrtus/IMG_3738-120.png,8,8,0.8351936,myrtus,myrtus,Correct
157,myrtus/IMG_3738-142.png,8,8,0.8250827,myrtus,myrtus,Correct
158,myrtus/IMG_3738-16.png,8,8,0.8208277,myrtus,myrtus,Correct
159,myrtus/IMG_3738-28.png,8,8,0.82132727,myrtus,myrtus,Correct
160,myrtus/IMG_3738-40.png,8,8,0.8201986,myrtus,myrtus,Correct
161,myrtus/IMG_3738-41.png,8,8,0.8204649,myrtus,myrtus,Correct
162,myrtus/IMG_3738-47.png,8,8,0.8253937,myrtus,myrtus,Correct
163,myrtus/IMG_3738-67.png,8,8,0.8258857,myrtus,myrtus,Correct
164,myrtus/IMG_3738-97.png,8,8,0.8327516,myrtus,myrtus,Correct
165,myrtus/IMG_3741-13.png,8,8,0.81949544,myrtus,myrtus,Correct
166,myrtus/IMG_3741-18.png,8,8,0.83057106,myrtus,myrtus,Correct
167,myrtus/IMG_3741-36.png,8,8,0.8379027,myrtus,myrtus,Correct
168,myrtus/IMG_3741-40.png,8,8,0.83377826,myrtus,myrtus,Correct
169,myrtus/IMG_3741-50.png,8,8,0.8342142,myrtus,myrtus,Correct
170,myrtus/IMG_3741-58.png,8,8,0.8308959,myrtus,myrtus,Correct
171,myrtus/IMG_3741-9.png,8,8,0.8315249,myrtus,myrtus,Correct
172,myrtus/IMG_3742-17.png,8,8,0.83320814,myrtus,myrtus,Correct
173,myrtus/IMG_3742-2.png,8,8,0.83145076,myrtus,myrtus,Correct
174,myrtus/IMG_3742-24.png,8,8,0.8237337,myrtus,myrtus,Correct
175,myrtus/IMG_3742-27.png,8,8,0.8341744,myrtus,myrtus,Correct
176,myrtus/IMG_3742-31.png,8,8,0.8337426,myrtus,myrtus,Correct
177,myrtus/IMG_3742-49.png,8,8,0.83548754,myrtus,myrtus,Correct
178,myrtus/IMG_3742-52.png,8,8,0.78321093,myrtus,myrtus,Correct
179,myrtus/IMG_3742-8.png,8,8,0.8331114,myrtus,myrtus,Correct
180,myrtus/IMG_3743-26.png,8,8,0.83263874,myrtus,myrtus,Correct
181,myrtus/IMG_3743-37.png,8,8,0.83628196,myrtus,myrtus,Correct
182,myrtus/IMG_3743-39.png,8,8,0.8291038,myrtus,myrtus,Correct
183,myrtus/IMG_3744-11.png,8,8,0.8234071,myrtus,myrtus,Correct
184,myrtus/IMG_3744-35.png,8,8,0.8164258,myrtus,myrtus,Correct
185,myrtus/IMG_3744-4.png,8,8,0.8330536,myrtus,myrtus,Correct
186,myrtus/IMG_3744-8.png,8,8,0.8204579,myrtus,myrtus,Correct
187,myrtus/Myr.M.comX400wF(1095)(1091)A-11.png,8,8,0.826903,myrtus,myrtus,Correct
188,myrtus/Myr.M.comX400wF(1095)(1091)A-31.png,8,8,0.83601844,myrtus,myrtus,Correct
189,myrtus/Myr.M.comX400wF(1095)(1091)A-45.png,8,8,0.8266876,myrtus,myrtus,Correct
190,myrtus/Myr.M.comX400wF(1095)(1091)A-50.png,8,8,0.82701886,myrtus,myrtus,Correct
191,myrtus/Myr.M.comX400wF(1095)(1091)A-56.png,8,8,0.8421117,myrtus,myrtus,Correct
192,myrtus/Myr.M.comX400wF(1095)(1091)A-7.png,8,8,0.84016305,myrtus,myrtus,Correct
193,myrtus/Myr.M.comX400wF(1095)(1091)A-74.png,8,8,0.8255555,myrtus,myrtus,Correct
194,myrtus/Myr.M.comX400wF(1095)(1091)A-82.png,8,8,0.82925916,myrtus,myrtus,Correct
195,myrtus/Myr.M.comX400wF(1095)(1091)A-85.png,8,8,0.83059746,myrtus,myrtus,Correct
196,myrtus/Myr.M.comX400wF(1095)(1091)A-87.png,8,8,0.8377941,myrtus,myrtus,Correct
197,myrtus/Myr.M.comX400wF(1097)(1090)C-19.png,8,8,0.8269548,myrtus,myrtus,Correct
198,myrtus/Myr.M.comX400wF(1097)(1090)C-32.png,8,8,0.83157617,myrtus,myrtus,Correct
199,myrtus/Myr.M.comX400wF(1097)(1090)C-35.png,8,8,0.8363624,myrtus,myrtus,Correct
200,myrtus/Myr.M.comX400wF(1097)(1090)C-42.png,8,8,0.8273471,myrtus,myrtus,Correct
201,myrtus/Myr.M.comX400wF(1097)(1090)C-43.png,8,8,0.83038294,myrtus,myrtus,Correct
202,myrtus/Myr.M.comX400wF(1097)(1090)C-56.png,8,8,0.83035636,myrtus,myrtus,Correct
203,myrtus/Myr.M.comX400wF(1097)(1090)C-62.png,8,8,0.8477742,myrtus,myrtus,Correct
204,myrtus/Myr.M.comX400wF(1097)(1090)C-8.png,8,8,0.822416,myrtus,myrtus,Correct
205,myrtus/Myr.M.comX400wF(1097)(1090)C-84.png,8,8,0.8317217,myrtus,myrtus,Correct
206,myrtus/Myr.M.comX400wF(1097)(1090)C-89.png,8,8,0.831677,myrtus,myrtus,Correct
207,olea/Ole.O.euroX400wF(4261)(0)A-25.png,9,9,0.7396945,olea,olea,Correct
208,olea/Ole.O.euroX400wF(4261)(0)A-48.png,9,9,0.72230583,olea,olea,Correct
209,olea/Ole.O.euroX400wF(4261)(0)A-58.png,9,9,0.70491123,olea,olea,Correct
210,olea/Ole.O.euroX400wF(4262)(0)B-1.png,9,9,0.70143396,olea,olea,Correct
211,olea/Ole.O.euroX400wF(4262)(0)B-22.png,9,9,0.72325265,olea,olea,Correct
212,olea/Ole.O.euroX400wF(4262)(0)B-26.png,9,9,0.7191453,olea,olea,Correct
213,olea/Ole.O.euroX400wF(4262)(0)B-33.png,9,9,0.6738097,olea,olea,Correct
214,olea/Ole.O.euroX400wF(4263)(0)C-140.png,9,9,0.7150006,olea,olea,Correct
215,olea/Ole.O.euroX400wF(4263)(0)C-160.png,9,9,0.70204085,olea,olea,Correct
216,olea/Ole.O.euroX400wF(4263)(0)C-174.png,9,9,0.7118018,olea,olea,Correct
217,olea/Ole.O.euroX400wF(4263)(0)C-179.png,9,9,0.70722413,olea,olea,Correct
218,olea/Ole.O.euroX400wF(4263)(0)C-188.png,9,9,0.71115756,olea,olea,Correct
219,olea/Ole.O.euroX400wF(4263)(0)C-36.png,9,9,0.70435435,olea,olea,Correct
220,olea/Ole.O.euroX400wF(4263)(0)C-37.png,9,9,0.7000186,olea,olea,Correct
221,olea/Ole.O.euroX400wF(4263)(0)C-43.png,9,9,0.7013582,olea,olea,Correct
222,olea/Ole.O.euroX400wF(4263)(0)C-5.png,9,9,0.7055667,olea,olea,Correct
223,olea/Ole.O.euroX400wF(4263)(0)C-68.png,9,9,0.70243186,olea,olea,Correct
224,olea/Ole.O.euroX400wF(4263)(0)C-7.png,9,9,0.6966481,olea,olea,Correct
225,olea/Ole.O.euroX400wF(4263)(0)C-77.png,9,9,0.71414334,olea,olea,Correct
226,olea/Ole.O.euroX400wF(4263)(0)C-79.png,9,9,0.71465427,olea,olea,Correct
227,olea/Ole.O.euroX400wF(4263)(0)C-94.png,9,9,0.7139834,olea,olea,Correct
228,olea/Ole.O.euroX400wF(4264)(0)D-109.png,9,9,0.7084429,olea,olea,Correct
229,olea/Ole.O.euroX400wF(4264)(0)D-122.png,9,9,0.7182057,olea,olea,Correct
230,olea/Ole.O.euroX400wF(4264)(0)D-128.png,9,9,0.71360874,olea,olea,Correct
231,olea/Ole.O.euroX400wF(4264)(0)D-131.png,9,9,0.6979062,olea,olea,Correct
232,olea/Ole.O.euroX400wF(4264)(0)D-135.png,9,9,0.7030524,olea,olea,Correct
233,olea/Ole.O.euroX400wF(4264)(0)D-143.png,9,9,0.69870424,olea,olea,Correct
234,olea/Ole.O.euroX400wF(4264)(0)D-149.png,9,9,0.70810235,olea,olea,Correct
235,olea/Ole.O.euroX400wF(4264)(0)D-15.png,9,9,0.72565156,olea,olea,Correct
236,olea/Ole.O.euroX400wF(4264)(0)D-162.png,9,9,0.7094429,olea,olea,Correct
237,olea/Ole.O.euroX400wF(4264)(0)D-19.png,9,9,0.7108862,olea,olea,Correct
238,olea/Ole.O.euroX400wF(4264)(0)D-21.png,9,9,0.7181156,olea,olea,Correct
239,olea/Ole.O.euroX400wF(4264)(0)D-25.png,9,9,0.71035224,olea,olea,Correct
240,olea/Ole.O.euroX400wF(4264)(0)D-35.png,9,9,0.71320564,olea,olea,Correct
241,olea/Ole.O.euroX400wF(4264)(0)D-38.png,9,9,0.7081622,olea,olea,Correct
242,olea/Ole.O.euroX400wF(4264)(0)D-4.png,9,9,0.71134734,olea,olea,Correct
243,olea/Ole.O.euroX400wF(4264)(0)D-48.png,9,9,0.73060125,olea,olea,Correct
244,olea/Ole.O.euroX400wF(4264)(0)D-80.png,9,9,0.7116454,olea,olea,Correct
245,olea/Ole.O.euroX400wF(4264)(0)D-81.png,9,9,0.71235824,olea,olea,Correct
246,olea/Ole.O.euroX400wF(4264)(0)D-82.png,9,9,0.70776767,olea,olea,Correct
247,olea/Ole.O.euroX400wF(4264)(0)D-84.png,9,9,0.7019958,olea,olea,Correct
248,olea/Ole.O.euroX400wF(4264)(0)D-87.png,9,9,0.70772845,olea,olea,Correct
249,olea/Ole.O.euroX400wF(4265)(0)E-104.png,9,9,0.7093023,olea,olea,Correct
250,olea/Ole.O.euroX400wF(4265)(0)E-109.png,9,9,0.7286158,olea,olea,Correct
251,olea/Ole.O.euroX400wF(4265)(0)E-128.png,9,9,0.6908254,olea,olea,Correct
252,olea/Ole.O.euroX400wF(4265)(0)E-131.png,9,9,0.7068576,olea,olea,Correct
253,olea/Ole.O.euroX400wF(4265)(0)E-169.png,9,9,0.7081327,olea,olea,Correct
254,olea/Ole.O.euroX400wF(4265)(0)E-17.png,9,9,0.7079489,olea,olea,Correct
255,olea/Ole.O.euroX400wF(4265)(0)E-187.png,9,9,0.7188783,olea,olea,Correct
256,olea/Ole.O.euroX400wF(4265)(0)E-192.png,9,9,0.7227296,olea,olea,Correct
257,olea/Ole.O.euroX400wF(4265)(0)E-212.png,9,9,0.7265074,olea,olea,Correct
258,olea/Ole.O.euroX400wF(4265)(0)E-217.png,9,9,0.7198855,olea,olea,Correct
259,olea/Ole.O.euroX400wF(4265)(0)E-220.png,9,9,0.710311,olea,olea,Correct
260,olea/Ole.O.euroX400wF(4265)(0)E-3.png,9,9,0.6909237,olea,olea,Correct
261,olea/Ole.O.euroX400wF(4265)(0)E-35.png,9,9,0.7184179,olea,olea,Correct
262,olea/Ole.O.euroX400wF(4265)(0)E-36.png,9,9,0.6890707,olea,olea,Correct
263,olea/Ole.O.euroX400wF(4265)(0)E-74.png,9,9,0.70404756,olea,olea,Correct
264,olea/Ole.O.euroX400wF(4265)(0)E-76.png,9,9,0.71858436,olea,olea,Correct
265,olea/Ole.O.euroX400wF(4265)(0)E-89.png,9,9,0.69072956,olea,olea,Correct
266,olea/Ole.O.euroX400wF(4266)(0)F-101.png,9,9,0.71045256,olea,olea,Correct
267,olea/Ole.O.euroX400wF(4266)(0)F-109.png,9,9,0.68898803,olea,olea,Correct
268,olea/Ole.O.euroX400wF(4266)(0)F-13.png,9,9,0.702519,olea,olea,Correct
270,olea/Ole.O.euroX400wF(4266)(0)F-2.png,9,9,0.7113186,olea,olea,Correct
271,olea/Ole.O.euroX400wF(4266)(0)F-22.png,9,9,0.714938,olea,olea,Correct
272,olea/Ole.O.euroX400wF(4266)(0)F-24.png,9,9,0.712711,olea,olea,Correct
273,olea/Ole.O.euroX400wF(4266)(0)F-4.png,9,9,0.6908405,olea,olea,Correct
274,olea/Ole.O.euroX400wF(4266)(0)F-61.png,9,9,0.7453459,olea,olea,Correct
275,olea/Ole.O.euroX400wF(4266)(0)F-85.png,9,9,0.75165004,olea,olea,Correct
276,olea/Ole.O.euroX400wF(4266)(0)F-93.png,9,9,0.7302475,olea,olea,Correct
277,olea/Ole.O.euroX400wF(4266)(0)F-99.png,9,9,0.70627105,olea,olea,Correct
278,olea/Ole.O.euroX400wF(4267)(0)G-15.png,9,9,0.7013334,olea,olea,Correct
279,olea/Ole.O.euroX400wF(4267)(0)G-16.png,9,9,0.69210035,olea,olea,Correct
280,olea/Ole.O.euroX400wF(4267)(0)G-17.png,9,9,0.6922374,olea,olea,Correct
281,olea/Ole.O.euroX400wF(4267)(0)G-22.png,9,9,0.7061147,olea,olea,Correct
282,olea/Ole.O.euroX400wF(4267)(0)G-28.png,9,9,0.7079427,olea,olea,Correct
283,olea/Ole.O.euroX400wF(4267)(0)G-34.png,9,9,0.7207817,olea,olea,Correct
284,olea/Ole.O.euroX400wF(4267)(0)G-46.png,9,9,0.69497085,olea,olea,Correct
285,olea/Ole.O.euroX400wF(4267)(0)G-49.png,9,9,0.6841705,olea,olea,Correct
286,origanum/Lam.O.micX400wF(884)(0)A-16.png,10,10,0.7144759,origanum,origanum,Correct
287,origanum/Lam.O.micX400wF(885)(0)B-7.png,10,10,0.71744436,origanum,origanum,Correct
288,origanum/Lam.O.micX400wF(886)(0)C-10.png,10,10,0.72512203,origanum,origanum,Correct
289,origanum/Lam.O.micX400wF(886)(0)C-11.png,10,10,0.689107,origanum,origanum,Correct
290,origanum/Lam.O.micX400wF(886)(0)C-29.png,10,10,0.70313025,origanum,origanum,Correct
291,origanum/Lam.O.micX400wF(886)(0)C-3.png,10,10,0.6829512,origanum,origanum,Correct
292,origanum/Lam.O.micX400wF(886)(0)C-43.png,10,10,0.7148838,origanum,origanum,Correct
293,origanum/Lam.O.micX400wF(886)(0)C-60.png,10,10,0.69669026,origanum,origanum,Correct
294,origanum/Lam.O.micX400wF(886)(0)C-8.png,10,10,0.6960603,origanum,origanum,Correct
295,origanum/Lam.O.micX400wF(887)(0)D-5.png,10,10,0.74159676,origanum,origanum,Correct
296,origanum/Lam.O.micX400wF(889)(0)F-20.png,10,10,0.6862323,origanum,origanum,Correct
297,origanum/Lam.O.micX400wF(889)(0)F-25.png,10,10,0.71897006,origanum,origanum,Correct
298,origanum/Lam.O.micX400wF(889)(0)F-36.png,10,10,0.68122804,origanum,origanum,Correct
299,origanum/Lam.O.micX400wF(889)(0)F-44.png,10,10,0.6821548,origanum,origanum,Correct
300,origanum/Lam.O.micX400wF(889)(0)F-55.png,10,10,0.6800665,origanum,origanum,Correct
301,origanum/Lam.O.micX400wF(889)(0)F-57.png,10,10,0.7121007,origanum,origanum,Correct
302,origanum/Lam.O.micX400wF(889)(0)F-6.png,10,10,0.694644,origanum,origanum,Correct
303,oxalis/Oxa.O.pes.cX400wF(1733)(0)A-10.png,11,11,0.3220712,oxalis,oxalis,Correct
304,oxalis/Oxa.O.pes.cX400wF(1733)(0)A-11.png,11,11,0.7077787,oxalis,oxalis,Correct
305,oxalis/Oxa.O.pes.cX400wF(1734)(0)B-1.png,11,11,0.73537254,oxalis,oxalis,Correct
306,oxalis/Oxa.O.pes.cX400wF(1735)(0)C-3.png,11,11,0.73336774,oxalis,oxalis,Correct
307,oxalis/Oxa.O.pes.cX400wF(1738)(0)F-1.png,11,11,0.7242217,oxalis,oxalis,Correct
308,oxalis/Oxa.O.pes.cX400wF(1739)(0)G-7.png,11,11,0.72933143,oxalis,oxalis,Correct
309,oxalis/Oxa.O.pes.cX400wF(1740)(0)H-2.png,11,11,0.7345733,oxalis,oxalis,Correct
310,oxalis/Oxa.O.pes.cX400wF(1740)(0)H-7.png,11,11,0.7267943,oxalis,oxalis,Correct
311,oxalis/Oxa.O.pes.cX400wF(1741)(0)I-10.png,11,11,0.7256393,oxalis,oxalis,Correct
312,oxalis/Oxa.O.pes.cX400wF(1741)(0)I-5.png,11,11,0.7416676,oxalis,oxalis,Correct
313,oxalis/Oxa.O.pes.cX400wF(1743)(0)K-18.png,11,11,0.7289605,oxalis,oxalis,Correct
314,oxalis/Oxa.O.pes.cX400wF(1743)(0)K-20.png,11,11,0.7238881,oxalis,oxalis,Correct
315,oxalis/Oxa.O.pes.cX400wF(1743)(0)K-23.png,11,11,0.72509015,oxalis,oxalis,Correct
316,oxalis/Oxa.O.pes.cX400wF(1743)(0)K-9.png,11,11,0.73259,oxalis,oxalis,Correct
317,pinus/Pin.P.brutX400wF(3172)(0)B-1.png,12,12,0.7229768,pinus,pinus,Correct
318,pinus/Pin.P.brutX400wF(3172)(0)B-4.png,12,12,0.7360701,pinus,pinus,Correct
319,pinus/Pin.P.brutX400wF(3176)(0)F-1.png,12,12,0.72532606,pinus,pinus,Correct
320,pistacia/Ana.P.tereX400wF(3226)(0)E-1.png,13,13,0.79908854,pistacia,pistacia,Correct
321,pistacia/Ana.P.tereX400wF(3226)(0)E-9.png,13,13,0.73400086,pistacia,pistacia,Correct
323,salvia/Lam.S.triX400wF(2189)(0)B-16.png,14,14,0.71241736,salvia,salvia,Correct
324,salvia/Lam.S.triX400wF(2189)(0)B-18.png,14,14,0.70662415,salvia,salvia,Correct
325,salvia/Lam.S.triX400wF(2189)(0)B-2.png,14,14,0.70988023,salvia,salvia,Correct
326,salvia/Lam.S.triX400wF(2189)(0)B-38.png,14,14,0.7206437,salvia,salvia,Correct
327,salvia/Lam.S.triX400wF(2189)(0)B-46.png,14,14,0.7092613,salvia,salvia,Correct
328,salvia/Lam.S.triX400wF(2189)(0)B-47.png,14,14,0.71624625,salvia,salvia,Correct
329,salvia/Lam.S.triX400wF(2189)(0)B-55.png,14,14,0.6970748,salvia,salvia,Correct
330,salvia/Lam.S.triX400wF(2189)(0)B-56.png,14,14,0.7002098,salvia,salvia,Correct
331,salvia/Lam.S.triX400wF(2190)(0)C-24.png,14,14,0.7124697,salvia,salvia,Correct
332,salvia/Lam.S.triX400wF(2190)(0)C-36.png,14,14,0.69918394,salvia,salvia,Correct
333,salvia/Lam.S.triX400wF(2190)(0)C-4.png,14,14,0.71082616,salvia,salvia,Correct
334,salvia/Lam.S.triX400wF(2190)(0)C-8.png,14,14,0.71049863,salvia,salvia,Correct
335,salvia/Lam.S.triX400wF(2191)(0)D-21.png,14,14,0.69063884,salvia,salvia,Correct
336,salvia/Lam.S.triX400wF(2191)(0)D-36.png,14,14,0.71335685,salvia,salvia,Correct
337,salvia/Lam.S.triX400wF(2193)(0)F-12.png,14,14,0.71892387,salvia,salvia,Correct
338,salvia/Lam.S.triX400wF(2193)(0)F-17.png,14,14,0.71066505,salvia,salvia,Correct
339,salvia/Lam.S.triX400wF(2193)(0)F-4.png,14,14,0.72673815,salvia,salvia,Correct
340,salvia/Lam.S.triX400wF(2193)(0)F-7.png,14,14,0.719652,salvia,salvia,Correct
341,satureja/Lam.S.thyX400wF(941)(937)A-5.png,15,15,0.4749216,satureja,satureja,Correct
342,satureja/Lam.S.thyX400wF(943)(990)C-1.png,15,15,0.5927001,satureja,satureja,Correct
343,satureja/Lam.S.thyX400wF(943)(990)C-3.png,15,15,0.5818446,satureja,satureja,Correct
344,satureja/Lam.S.thyX400wF(943)(990)C-5.png,15,15,0.52831715,satureja,satureja,Correct
345,satureja/Lam.S.thyX400wF(944)(940)E-18.png,15,15,0.6489675,satureja,satureja,Correct
346,satureja/Lam.S.thyX400wF(944)(940)E-2.png,15,15,0.6510891,satureja,satureja,Correct
347,satureja/Lam.S.thyX400wF(947)(0)H-6.png,15,15,0.61018014,satureja,satureja,Correct
348,sinapis/Bra.S.albX400wF(2150)(0)A-1.png,16,16,0.7500784,sinapis,sinapis,Correct
349,sinapis/Bra.S.albX400wF(2150)(0)A-13.png,16,16,0.7663591,sinapis,sinapis,Correct
350,sinapis/Bra.S.albX400wF(2150)(0)A-9.png,16,16,0.7594346,sinapis,sinapis,Correct
351,sinapis/Bra.S.albX400wF(2151)(0)B-10.png,16,16,0.7575875,sinapis,sinapis,Correct
352,sinapis/Bra.S.albX400wF(2151)(0)B-15.png,16,16,0.7545552,sinapis,sinapis,Correct
353,sinapis/Bra.S.albX400wF(2151)(0)B-25.png,16,16,0.7533137,sinapis,sinapis,Correct
355,sinapis/Bra.S.albX400wF(2152)(0)C-20.png,16,16,0.7732535,sinapis,sinapis,Correct
356,sinapis/Bra.S.albX400wF(2153)(0)D-19.png,16,16,0.77370787,sinapis,sinapis,Correct
357,sinapis/Bra.S.albX400wF(2153)(0)D-27.png,16,16,0.778203,sinapis,sinapis,Correct
358,sinapis/Bra.S.albX400wF(2154)(0)E-19.png,16,16,0.76422185,sinapis,sinapis,Correct
359,sinapis/Bra.S.albX400wF(2155)(0)F-11.png,16,16,0.7569021,sinapis,sinapis,Correct
360,sinapis/IMG_3701-4.png,16,16,0.76969266,sinapis,sinapis,Correct
361,sinapis/IMG_3704-17.png,16,16,0.74744725,sinapis,sinapis,Correct
362,sinapis/IMG_3704-6.png,16,16,0.76260865,sinapis,sinapis,Correct
363,sinapis/IMG_3706-12.png,16,16,0.75086087,sinapis,sinapis,Correct
364,sinapis/IMG_3706-7.png,16,16,0.75383306,sinapis,sinapis,Correct
365,sinapis/IMG_3706-9.png,16,16,0.7489661,sinapis,sinapis,Correct
366,sinapis/IMG_3708-11.png,16,16,0.7970837,sinapis,sinapis,Correct
367,sinapis/IMG_3708-13.png,16,16,0.7627301,sinapis,sinapis,Correct
368,thymbra/Lam.T.capX400wF(1029)(0)A-18.png,17,17,0.7530535,thymbra,thymbra,Correct
369,thymbra/Lam.T.capX400wF(1029)(0)A-22.png,17,17,0.7598866,thymbra,thymbra,Correct
370,thymbra/Lam.T.capX400wF(1029)(0)A-27.png,17,17,0.696039,thymbra,thymbra,Correct
371,thymbra/Lam.T.capX400wF(1029)(0)A-9.png,17,17,0.7719559,thymbra,thymbra,Correct
372,thymbra/Lam.T.capX400wF(1030)(0)B-4.png,17,17,0.7888023,thymbra,thymbra,Correct
373,thymbra/Lam.T.capX400wF(1031)(0)C-7.png,17,17,0.3530267,thymbra,thymbra,Correct
374,thymbra/Lam.T.capX400wF(1033)(0)E-5.png,17,17,0.7756051,thymbra,thymbra,Correct
375,thymbra/x40 f (1)-4.png,17,17,0.7002252,thymbra,thymbra,Correct
376,thymbra/x40 f (4)-1.png,17,17,0.767959,thymbra,thymbra,Correct
377,thymbra/x40 f (4)-11.png,17,17,0.78391826,thymbra,thymbra,Correct
378,thymbra/x40 f (4)-19.png,17,17,0.77845323,thymbra,thymbra,Correct
379,thymbra/x40 f (6)-13.png,17,17,0.7843236,thymbra,thymbra,Correct
380,thymbra/x40 f (6)-14.png,17,17,0.79176706,thymbra,thymbra,Correct
382,urginea/Asp.U.marX400wF(5317)(0)A-14.png,18,18,0.7103595,urginea,urginea,Correct
383,urginea/Asp.U.marX400wF(5317)(0)A-4.png,18,18,0.6894892,urginea,urginea,Correct
384,urginea/Asp.U.marX400wF(5317)(0)A-5.png,18,18,0.68327564,urginea,urginea,Correct
385,urginea/Asp.U.marX400wF(5317)(0)A-6.png,18,18,0.65551597,urginea,urginea,Correct
386,urginea/Asp.U.marX400wF(5318)(0)B-11.png,18,18,0.66819924,urginea,urginea,Correct
387,urginea/Asp.U.marX400wF(5318)(0)B-9.png,18,18,0.6773343,urginea,urginea,Correct
388,urginea/Asp.U.marX400wF(5319)(0)C-11.png,18,18,0.6930007,urginea,urginea,Correct
389,urginea/Asp.U.marX400wF(5320)(0)D-4.png,18,18,0.66790247,urginea,urginea,Correct
390,urginea/Asp.U.marX400wF(5322)(0)F-5.png,18,18,0.70752996,urginea,urginea,Correct
391,urginea/Asp.U.marX400wF(5322)(0)F-9.png,18,18,0.67397636,urginea,urginea,Correct
392,urginea/Asp.U.marX400wF(5323)(0)G-8.png,18,18,0.6629765,urginea,urginea,Correct
393,vitis/Vit.V.viniX400wF(4978)(0)A-25.png,19,19,0.6872435,vitis,vitis,Correct
394,vitis/Vit.V.viniX400wF(4978)(0)A-28.png,19,19,0.69616115,vitis,vitis,Correct
395,vitis/Vit.V.viniX400wF(4978)(0)A-4.png,19,19,0.6767389,vitis,vitis,Correct
396,vitis/Vit.V.viniX400wF(4978)(0)A-8.png,19,19,0.676955,vitis,vitis,Correct
397,vitis/Vit.V.viniX400wF(4979)(0)B-22.png,19,19,0.6742082,vitis,vitis,Correct
398,vitis/Vit.V.viniX400wF(4979)(0)B-9.png,19,19,0.67548096,vitis,vitis,Correct
399,vitis/Vit.V.viniX400wF(4980)(0)C-14.png,19,19,0.67394453,vitis,vitis,Correct
400,vitis/Vit.V.viniX400wF(4980)(0)C-25.png,19,19,0.69441503,vitis,vitis,Correct
401,vitis/Vit.V.viniX400wF(4981)(0)D-23.png,19,19,0.7101354,vitis,vitis,Correct
402,vitis/Vit.V.viniX400wF(4981)(0)D-34.png,19,19,0.66145134,vitis,vitis,Correct
403,vitis/Vit.V.viniX400wF(4982)(0)E-17.png,19,19,0.6764223,vitis,vitis,Correct
404,vitis/Vit.V.viniX400wF(4982)(0)E-22.png,19,19,0.6727675,vitis,vitis,Correct
405,vitis/Vit.V.viniX400wF(4982)(0)E-23.png,19,19,0.66451347,vitis,vitis,Correct
406,vitis/Vit.V.viniX400wF(4982)(0)E-29.png,19,19,0.6894755,vitis,vitis,Correct
407,vitis/Vit.V.viniX400wF(4982)(0)E-31.png,19,19,0.65653753,vitis,vitis,Correct
408,vitis/Vit.V.viniX400wF(4982)(0)E-33.png,19,19,0.6816986,vitis,vitis,Correct
409,vitis/Vit.V.viniX400wF(4982)(0)E-42.png,19,19,0.6763753,vitis,vitis,Correct
410,vitis/Vit.V.viniX400wF(4983)(0)F-10.png,19,19,0.6765871,vitis,vitis,Correct
411,vitis/Vit.V.viniX400wF(4983)(0)F-13.png,19,19,0.6754429,vitis,vitis,Correct
412,vitis/Vit.V.viniX400wF(4983)(0)F-2.png,19,19,0.68863064,vitis,vitis,Correct
413,vitis/Vit.V.viniX400wF(4983)(0)F-27.png,19,19,0.70514596,vitis,vitis,Correct
414,vitis/Vit.V.viniX400wF(4983)(0)F-8.png,19,19,0.68288463,vitis,vitis,Correct
415,vitis/Vit.V.viniX400wF(4984)(0)G-2.png,19,19,0.64242285,vitis,vitis,Correct
416,vitis/Vit.V.viniX400wF(4984)(0)G-50.png,19,19,0.6836056,vitis,vitis,Correct
417,vitis/Vit.V.viniX400wF(4984)(0)G-57.png,19,19,0.66269326,vitis,vitis,Correct
418,vitis/Vit.V.viniX400wF(4984)(0)G-7.png,19,19,0.64827603,vitis,vitis,Correct
419,vitis/Vit.V.viniX400wF(4985)(0)H-25.png,19,19,0.6857653,vitis,vitis,Correct
0,asphodelus/Asp.A.ramX400wF(1984)(0)A-4.png,0,0,0.86040294,asphodelus,asphodelus,Correct
1,asphodelus/Asp.A.ramX400wF(1988)(0)E-1.png,0,0,0.86102486,asphodelus,asphodelus,Correct
2,asphodelus/Asp.A.ramX400wF(1989)(0)F-1.png,0,0,0.8540395,asphodelus,asphodelus,Correct
3,asphodelus/Asp.A.ramX400wF(1990)(0)G-1.png,0,0,0.85045004,asphodelus,asphodelus,Correct
4,calicotome/Fab.C.vilX400wF(2017)(0)B-10.png,1,1,0.80218774,calicotome,calicotome,Correct
5,calicotome/Fab.C.vilX400wF(2017)(0)B-16.png,1,1,0.7895883,calicotome,calicotome,Correct
7,calicotome/Fab.C.vilX400wF(2018)(0)C-20.png,1,1,0.76907516,calicotome,calicotome,Correct
10,calicotome/Fab.C.vilX400wF(2019)(0)D-109.png,1,1,0.8166495,calicotome,calicotome,Correct
11,calicotome/Fab.C.vilX400wF(2019)(0)D-35.png,1,1,0.8212584,calicotome,calicotome,Correct
12,calicotome/Fab.C.vilX400wF(2019)(0)D-36.png,1,1,0.8007505,calicotome,calicotome,Correct
13,calicotome/Fab.C.vilX400wF(2019)(0)D-39.png,1,1,0.80003166,calicotome,calicotome,Correct
14,calicotome/Fab.C.vilX400wF(2019)(0)D-57.png,1,1,0.7311242,calicotome,calicotome,Correct
15,calicotome/Fab.C.vilX400wF(2019)(0)D-7.png,1,1,0.80370176,calicotome,calicotome,Correct
16,calicotome/Fab.C.vilX400wF(2019)(0)D-76.png,1,1,0.815473,calicotome,calicotome,Correct
17,calicotome/Fab.C.vilX400wF(2019)(0)D-96.png,1,1,0.8101978,calicotome,calicotome,Correct
18,calicotome/Fab.C.vilX400wF(2020)(0)E-106.png,1,1,0.8136184,calicotome,calicotome,Correct
19,calicotome/Fab.C.vilX400wF(2020)(0)E-110.png,1,1,0.807821,calicotome,calicotome,Correct
20,calicotome/Fab.C.vilX400wF(2020)(0)E-116.png,1,1,0.8154785,calicotome,calicotome,Correct
21,calicotome/Fab.C.vilX400wF(2020)(0)E-117.png,1,1,0.80106825,calicotome,calicotome,Correct
22,calicotome/Fab.C.vilX400wF(2020)(0)E-26.png,1,1,0.81625473,calicotome,calicotome,Correct
23,calicotome/Fab.C.vilX400wF(2020)(0)E-33.png,1,1,0.81338185,calicotome,calicotome,Correct
24,calicotome/Fab.C.vilX400wF(2020)(0)E-45.png,1,1,0.81921667,calicotome,calicotome,Correct
25,calicotome/Fab.C.vilX400wF(2020)(0)E-47.png,1,1,0.81822973,calicotome,calicotome,Correct
26,calicotome/Fab.C.vilX400wF(2020)(0)E-5.png,1,1,0.8059385,calicotome,calicotome,Correct
27,calicotome/Fab.C.vilX400wF(2020)(0)E-58.png,1,1,0.82905054,calicotome,calicotome,Correct
28,calicotome/Fab.C.vilX400wF(2020)(0)E-7.png,1,1,0.81823826,calicotome,calicotome,Correct
29,calicotome/Fab.C.vilX400wF(2020)(0)E-76.png,1,1,0.82073003,calicotome,calicotome,Correct
30,calicotome/Fab.C.vilX400wF(2020)(0)E-85.png,1,1,0.7856256,calicotome,calicotome,Correct
31,calicotome/Fab.C.vilX400wF(2020)(0)E-88.png,1,1,0.8135335,calicotome,calicotome,Correct
32,calicotome/Fab.C.vilX400wF(2020)(0)E-92.png,1,1,0.8183733,calicotome,calicotome,Correct
33,calicotome/Fab.C.vilX400wF(2020)(0)E-93.png,1,1,0.81536245,calicotome,calicotome,Correct
34,castanea/Fag.C.satX400wF(781)(0)A-1.png,2,2,0.8301953,castanea,castanea,Correct
35,castanea/Fag.C.satX400wF(781)(0)A-26.png,2,2,0.82450545,castanea,castanea,Correct
36,castanea/Fag.C.satX400wF(781)(0)A-27.png,2,2,0.82996356,castanea,castanea,Correct
37,castanea/Fag.C.satX400wF(781)(0)A-32.png,2,2,0.8303517,castanea,castanea,Correct
38,castanea/Fag.C.satX400wF(781)(0)A-35.png,2,2,0.8326061,castanea,castanea,Correct
39,castanea/Fag.C.satX400wF(781)(0)A-5.png,2,2,0.8260286,castanea,castanea,Correct
40,castanea/Fag.C.satX400wF(784)(0)D-10.png,2,2,0.8436555,castanea,castanea,Correct
41,castanea/Fag.C.satX400wF(784)(0)D-11.png,2,2,0.8361857,castanea,castanea,Correct
42,castanea/Fag.C.satX400wF(784)(0)D-23.png,2,2,0.8314654,castanea,castanea,Correct
43,castanea/Fag.C.satX400wF(785)(0)E-3.png,2,2,0.83406967,castanea,castanea,Correct
44,castanea/Fag.C.satX400wF(792)(781)G-15.png,2,2,0.82221967,castanea,castanea,Correct
45,castanea/Fag.C.satX400wF(792)(781)G-34.png,2,2,0.8321639,castanea,castanea,Correct
46,castanea/Fag.C.satX400wF(792)(781)G-35.png,2,2,0.8231683,castanea,castanea,Correct
47,castanea/Fag.C.satX400wF(792)(781)G-39.png,2,2,0.8321464,castanea,castanea,Correct
48,castanea/Fag.C.satX400wF(792)(781)G-47.png,2,2,0.82792777,castanea,castanea,Correct
49,castanea/Fag.C.satX400wF(792)(781)G-52.png,2,2,0.8270205,castanea,castanea,Correct
50,castanea/Fag.C.satX400wF(792)(781)G-54.png,2,2,0.8230261,castanea,castanea,Correct
51,castanea/Fag.C.satX400wF(793)(781)H-12.png,2,2,0.82505685,castanea,castanea,Correct
52,castanea/Fag.C.satX400wF(793)(781)H-21.png,2,2,0.82744294,castanea,castanea,Correct
53,castanea/Fag.C.satX400wF(793)(781)H-40.png,2,2,0.82970214,castanea,castanea,Correct
54,castanea/Fag.C.satX400wF(793)(781)H-41.png,2,2,0.84220386,castanea,castanea,Correct
55,ceratonia/Fab.C.silX400wF(475)(0)A-15.png,3,3,0.8601626,ceratonia,ceratonia,Correct
56,ceratonia/Fab.C.silX400wF(476)(0)B-13.png,3,3,0.8286829,ceratonia,ceratonia,Correct
57,ceratonia/Fab.C.silX400wF(476)(0)B-14.png,3,3,0.86268854,ceratonia,ceratonia,Correct
60,ceratonia/Fab.C.silX400wF(478)(0)D-10.png,3,3,0.7635581,ceratonia,ceratonia,Correct
61,ceratonia/Fab.C.silX400wF(478)(0)D-5.png,3,3,0.85191244,ceratonia,ceratonia,Correct
62,ceratonia/Fab.C.silX400wF(479)(0)E-1.png,3,3,0.77789927,ceratonia,ceratonia,Correct
63,ceratonia/Fab.C.silX400wF(480)(0)F-1.png,3,3,0.5609317,ceratonia,ceratonia,Correct
64,ceratonia/Fab.C.silX400wF(481)(0)G-3.png,3,3,0.8447701,ceratonia,ceratonia,Correct
66,ebenus/Fab.E.creX400wF(698)(0)F-2.png,4,4,0.75489354,ebenus,ebenus,Correct
67,ebenus/Fab.E.creX400wF(698)(0)F-5.png,4,4,0.7889393,ebenus,ebenus,Correct
68,erica/Eri.E.maniX400wF(5355)(0)A-19.png,5,5,0.8500599,erica,erica,Correct
69,erica/Eri.E.maniX400wF(5356)(0)B-10.png,5,5,0.85175884,erica,erica,Correct
70,erica/Eri.E.maniX400wF(5357)(0)C-18.png,5,5,0.8599418,erica,erica,Correct
71,erica/Eri.E.maniX400wF(5357)(0)C-2.png,5,5,0.8612321,erica,erica,Correct
72,erica/Eri.E.maniX400wF(5357)(0)C-26.png,5,5,0.8461917,erica,erica,Correct
73,erica/Eri.E.maniX400wF(5357)(0)C-29.png,5,5,0.8555183,erica,erica,Correct
74,erica/Eri.E.maniX400wF(5357)(0)C-7.png,5,5,0.85311055,erica,erica,Correct
75,erica/Eri.E.maniX400wF(5358)(0)D-7.png,5,5,0.8503067,erica,erica,Correct
76,erica/Eri.E.maniX400wF(5359)(0)E-1.png,5,5,0.84864634,erica,erica,Correct
77,erica/Eri.E.maniX400wF(5359)(0)E-30.png,5,5,0.8500302,erica,erica,Correct
78,erica/Eri.E.maniX400wF(5360)(0)F-27.png,5,5,0.83659995,erica,erica,Correct
79,erica/Eri.E.maniX400wF(5361)(0)G-1.png,5,5,0.86403865,erica,erica,Correct
80,erica/Eri.E.maniX400wF(5362)(0)H-15.png,5,5,0.8603839,erica,erica,Correct
81,erica/Eri.E.maniX400wF(5362)(0)H-25.png,5,5,0.8535919,erica,erica,Correct
82,erica/Eri.E.maniX400wF(5362)(0)H-26.png,5,5,0.8574344,erica,erica,Correct
83,erica/Eri.E.maniX400wF(5362)(0)H-6.png,5,5,0.85432065,erica,erica,Correct
84,erica/Eri.E.maniX400wF(5362)(0)H-8.png,5,5,0.86239064,erica,erica,Correct
85,erica/Eri.E.maniX400wF(5363)(0)I-9.png,5,5,0.8360467,erica,erica,Correct
86,eucalyptus/Myr.E.camaX400wF(1866)(0)A-3.png,6,6,0.8215871,eucalyptus,eucalyptus,Correct
88,eucalyptus/Myr.E.camaX400wF(1867)(0)B-2.png,6,6,0.8265514,eucalyptus,eucalyptus,Correct
89,eucalyptus/Myr.E.camaX400wF(1867)(0)B-6.png,6,6,0.8439459,eucalyptus,eucalyptus,Correct
90,eucalyptus/Myr.E.camaX400wF(1867)(0)B-9_2.png,6,6,0.8500267,eucalyptus,eucalyptus,Correct
91,eucalyptus/Myr.E.camaX400wF(1868)(0)C-12_2.png,6,6,0.8430833,eucalyptus,eucalyptus,Correct
92,eucalyptus/Myr.E.camaX400wF(1868)(0)C-14_2.png,6,6,0.8515011,eucalyptus,eucalyptus,Correct
93,eucalyptus/Myr.E.camaX400wF(1868)(0)C-1_2.png,6,6,0.84435725,eucalyptus,eucalyptus,Correct
94,eucalyptus/Myr.E.camaX400wF(1868)(0)C-3_2.png,6,6,0.8483507,eucalyptus,eucalyptus,Correct
95,eucalyptus/Myr.E.camaX400wF(1869)(0)D-10.png,6,6,0.8267668,eucalyptus,eucalyptus,Correct
96,eucalyptus/Myr.E.camaX400wF(1869)(0)D-9_2.png,6,6,0.8489854,eucalyptus,eucalyptus,Correct
97,eucalyptus/Myr.E.camaX400wF(1870)(0)E-4.png,6,6,0.81000465,eucalyptus,eucalyptus,Correct
98,eucalyptus/Myr.E.camaX400wF(1870)(0)E-7.png,6,6,0.82045394,eucalyptus,eucalyptus,Correct
99,eucalyptus/Myr.E.camaX400wF(1871)(0)F-12_2.png,6,6,0.851182,eucalyptus,eucalyptus,Correct
100,eucalyptus/Myr.E.camaX400wF(1872)(0)G-1.png,6,6,0.55126417,eucalyptus,eucalyptus,Correct
101,eucalyptus/Myr.E.camaX400wF(1872)(0)G-4_2.png,6,6,0.8427579,eucalyptus,eucalyptus,Correct
102,eucalyptus/Myr.E.camaX400wF(1872)(0)G-5_2.png,6,6,0.8481127,eucalyptus,eucalyptus,Correct
103,eucalyptus/Myr.E.camaX400wF(2962)(0)H-10.png,6,6,0.81670165,eucalyptus,eucalyptus,Correct
104,eucalyptus/Myr.E.camaX400wF(2962)(0)H-13_2.png,6,6,0.8487348,eucalyptus,eucalyptus,Correct
105,eucalyptus/Myr.E.camaX400wF(2962)(0)H-15_2.png,6,6,0.846983,eucalyptus,eucalyptus,Correct
106,eucalyptus/Myr.E.camaX400wF(2962)(0)H-3.png,6,6,0.83850396,eucalyptus,eucalyptus,Correct
107,eucalyptus/Myr.E.camaX400wF(2962)(0)H-31_2.png,6,6,0.84668136,eucalyptus,eucalyptus,Correct
108,eucalyptus/Myr.E.camaX400wF(2962)(0)H-5_2.png,6,6,0.84439605,eucalyptus,eucalyptus,Correct
109,eucalyptus/Myr.E.camaX400wF(2963)(0)I-14_2.png,6,6,0.84945863,eucalyptus,eucalyptus,Correct
110,eucalyptus/Myr.E.camaX400wF(2963)(0)I-3_2.png,6,6,0.8532941,eucalyptus,eucalyptus,Correct
111,eucalyptus/Myr.E.camaX400wF(2963)(0)I-5_2.png,6,6,0.8534343,eucalyptus,eucalyptus,Correct
112,eucalyptus/Myr.E.camaX400wF(2964)(0)J-19.png,6,6,0.8147702,eucalyptus,eucalyptus,Correct
113,eucalyptus/Myr.E.camaX400wF(2964)(0)J-27.png,6,6,0.8455345,eucalyptus,eucalyptus,Correct
114,eucalyptus/Myr.E.camaX400wF(2964)(0)J-27_2.png,6,6,0.8503237,eucalyptus,eucalyptus,Correct
115,eucalyptus/Myr.E.camaX400wF(2964)(0)J-7_2.png,6,6,0.8458095,eucalyptus,eucalyptus,Correct
116,eucalyptus/Myr.E.camaX400wF(2964)(0)J-8.png,6,6,0.82654005,eucalyptus,eucalyptus,Correct
117,eucalyptus/Myr.E.camaX400wF(2965)(0)K-13.png,6,6,0.8527154,eucalyptus,eucalyptus,Correct
118,eucalyptus/Myr.E.camaX400wF(2965)(0)K-6.png,6,6,0.86168194,eucalyptus,eucalyptus,Correct
119,eucalyptus/Myr.E.camaX400wF(2966)(0)L-1.png,6,6,0.78288716,eucalyptus,eucalyptus,Correct
120,ferula/Api.F.comX400wF(2135)(0)A-5.png,7,7,0.86664534,ferula,ferula,Correct
121,ferula/Api.F.comX400wF(2136)(0)B-13.png,7,7,0.86748827,ferula,ferula,Correct
122,ferula/Api.F.comX400wF(2136)(0)B-2.png,7,7,0.86259794,ferula,ferula,Correct
123,ferula/Api.F.comX400wF(2137)(0)C-7.png,7,7,0.88053465,ferula,ferula,Correct
124,ferula/Api.F.comX400wF(2138)(0)D-13.png,7,7,0.86739963,ferula,ferula,Correct
125,ferula/Api.F.comX400wF(2139)(0)E-11.png,7,7,0.87565935,ferula,ferula,Correct
126,ferula/Api.F.comX400wF(2139)(0)E-2.png,7,7,0.8854668,ferula,ferula,Correct
127,ferula/Api.F.comX400wF(2139)(0)E-26.png,7,7,0.8769751,ferula,ferula,Correct
128,myrtus/IMG_3734-105.png,8,8,0.8243522,myrtus,myrtus,Correct
129,myrtus/IMG_3734-112.png,8,8,0.8252301,myrtus,myrtus,Correct
130,myrtus/IMG_3734-114.png,8,8,0.8206565,myrtus,myrtus,Correct
131,myrtus/IMG_3734-135.png,8,8,0.8217963,myrtus,myrtus,Correct
132,myrtus/IMG_3734-22.png,8,8,0.8184233,myrtus,myrtus,Correct
133,myrtus/IMG_3734-28.png,8,8,0.8335439,myrtus,myrtus,Correct
134,myrtus/IMG_3734-47.png,8,8,0.8287372,myrtus,myrtus,Correct
135,myrtus/IMG_3734-52.png,8,8,0.8274932,myrtus,myrtus,Correct
136,myrtus/IMG_3734-60.png,8,8,0.8277733,myrtus,myrtus,Correct
137,myrtus/IMG_3734-77.png,8,8,0.82420343,myrtus,myrtus,Correct
138,myrtus/IMG_3734-81.png,8,8,0.8409094,myrtus,myrtus,Correct
139,myrtus/IMG_3735-1.png,8,8,0.8072824,myrtus,myrtus,Correct
140,myrtus/IMG_3735-12.png,8,8,0.82117057,myrtus,myrtus,Correct
141,myrtus/IMG_3735-24.png,8,8,0.8250739,myrtus,myrtus,Correct
142,myrtus/IMG_3735-31.png,8,8,0.82252663,myrtus,myrtus,Correct
143,myrtus/IMG_3736-14.png,8,8,0.82859147,myrtus,myrtus,Correct
144,myrtus/IMG_3736-26.png,8,8,0.82655644,myrtus,myrtus,Correct
145,myrtus/IMG_3736-28.png,8,8,0.8307346,myrtus,myrtus,Correct
146,myrtus/IMG_3736-69.png,8,8,0.8210114,myrtus,myrtus,Correct
147,myrtus/IMG_3736-73.png,8,8,0.82053113,myrtus,myrtus,Correct
148,myrtus/IMG_3736-77.png,8,8,0.8208433,myrtus,myrtus,Correct
149,myrtus/IMG_3737-1.png,8,8,0.82358396,myrtus,myrtus,Correct
150,myrtus/IMG_3737-11.png,8,8,0.82216287,myrtus,myrtus,Correct
151,myrtus/IMG_3737-30.png,8,8,0.8149699,myrtus,myrtus,Correct
152,myrtus/IMG_3737-34.png,8,8,0.8274435,myrtus,myrtus,Correct
153,myrtus/IMG_3737-42.png,8,8,0.81864494,myrtus,myrtus,Correct
154,myrtus/IMG_3737-61.png,8,8,0.82298034,myrtus,myrtus,Correct
155,myrtus/IMG_3737-72.png,8,8,0.8146443,myrtus,myrtus,Correct
156,myrtus/IMG_3738-100.png,8,8,0.8303169,myrtus,myrtus,Correct
157,myrtus/IMG_3738-15.png,8,8,0.8118881,myrtus,myrtus,Correct
158,myrtus/IMG_3738-18.png,8,8,0.82574344,myrtus,myrtus,Correct
159,myrtus/IMG_3738-27.png,8,8,0.82638747,myrtus,myrtus,Correct
160,myrtus/IMG_3738-31.png,8,8,0.8097982,myrtus,myrtus,Correct
161,myrtus/IMG_3738-32.png,8,8,0.82030624,myrtus,myrtus,Correct
162,myrtus/IMG_3738-37.png,8,8,0.8205083,myrtus,myrtus,Correct
163,myrtus/IMG_3738-42.png,8,8,0.8252572,myrtus,myrtus,Correct
164,myrtus/IMG_3738-51.png,8,8,0.82308304,myrtus,myrtus,Correct
166,myrtus/IMG_3738-87.png,8,8,0.83670175,myrtus,myrtus,Correct
167,myrtus/IMG_3741-11.png,8,8,0.822641,myrtus,myrtus,Correct
168,myrtus/IMG_3741-24.png,8,8,0.81720084,myrtus,myrtus,Correct
169,myrtus/IMG_3741-26.png,8,8,0.8198204,myrtus,myrtus,Correct
170,myrtus/IMG_3741-4.png,8,8,0.8210751,myrtus,myrtus,Correct
171,myrtus/IMG_3741-45.png,8,8,0.8084104,myrtus,myrtus,Correct
172,myrtus/IMG_3741-47.png,8,8,0.8240534,myrtus,myrtus,Correct
173,myrtus/IMG_3741-54.png,8,8,0.81621563,myrtus,myrtus,Correct
174,myrtus/IMG_3741-55.png,8,8,0.8174585,myrtus,myrtus,Correct
175,myrtus/IMG_3741-62.png,8,8,0.81988627,myrtus,myrtus,Correct
176,myrtus/IMG_3742-10.png,8,8,0.8130273,myrtus,myrtus,Correct
177,myrtus/IMG_3742-14.png,8,8,0.82643765,myrtus,myrtus,Correct
178,myrtus/IMG_3742-22.png,8,8,0.82421476,myrtus,myrtus,Correct
179,myrtus/IMG_3742-29.png,8,8,0.82682216,myrtus,myrtus,Correct
180,myrtus/IMG_3742-30.png,8,8,0.82313704,myrtus,myrtus,Correct
181,myrtus/IMG_3742-46.png,8,8,0.82236755,myrtus,myrtus,Correct
182,myrtus/IMG_3742-5.png,8,8,0.8178916,myrtus,myrtus,Correct
183,myrtus/IMG_3742-7.png,8,8,0.82022303,myrtus,myrtus,Correct
184,myrtus/IMG_3743-25.png,8,8,0.8209017,myrtus,myrtus,Correct
185,myrtus/IMG_3743-3.png,8,8,0.8159363,myrtus,myrtus,Correct
186,myrtus/IMG_3744-41.png,8,8,0.81119376,myrtus,myrtus,Correct
187,myrtus/IMG_3744-53.png,8,8,0.83028644,myrtus,myrtus,Correct
188,myrtus/IMG_3744-62.png,8,8,0.8325549,myrtus,myrtus,Correct
189,myrtus/Myr.M.comX400wF(1095)(1091)A-17.png,8,8,0.8217853,myrtus,myrtus,Correct
190,myrtus/Myr.M.comX400wF(1095)(1091)A-18.png,8,8,0.818363,myrtus,myrtus,Correct
191,myrtus/Myr.M.comX400wF(1095)(1091)A-35.png,8,8,0.8266016,myrtus,myrtus,Correct
192,myrtus/Myr.M.comX400wF(1095)(1091)A-42.png,8,8,0.82654405,myrtus,myrtus,Correct
193,myrtus/Myr.M.comX400wF(1095)(1091)A-44.png,8,8,0.8071144,myrtus,myrtus,Correct
194,myrtus/Myr.M.comX400wF(1095)(1091)A-53.png,8,8,0.8297117,myrtus,myrtus,Correct
195,myrtus/Myr.M.comX400wF(1095)(1091)A-55.png,8,8,0.81953496,myrtus,myrtus,Correct
196,myrtus/Myr.M.comX400wF(1095)(1091)A-59.png,8,8,0.8278427,myrtus,myrtus,Correct
197,myrtus/Myr.M.comX400wF(1095)(1091)A-60.png,8,8,0.82178646,myrtus,myrtus,Correct
198,myrtus/Myr.M.comX400wF(1095)(1091)A-75.png,8,8,0.8198627,myrtus,myrtus,Correct
199,myrtus/Myr.M.comX400wF(1095)(1091)A-80.png,8,8,0.8241254,myrtus,myrtus,Correct
200,myrtus/Myr.M.comX400wF(1095)(1091)A-84.png,8,8,0.82742953,myrtus,myrtus,Correct
201,myrtus/Myr.M.comX400wF(1097)(1090)C-28.png,8,8,0.8199679,myrtus,myrtus,Correct
202,myrtus/Myr.M.comX400wF(1097)(1090)C-31.png,8,8,0.8085853,myrtus,myrtus,Correct
203,myrtus/Myr.M.comX400wF(1097)(1090)C-45.png,8,8,0.82840264,myrtus,myrtus,Correct
204,myrtus/Myr.M.comX400wF(1097)(1090)C-48.png,8,8,0.8196166,myrtus,myrtus,Correct
205,myrtus/Myr.M.comX400wF(1097)(1090)C-5.png,8,8,0.81531173,myrtus,myrtus,Correct
206,myrtus/Myr.M.comX400wF(1097)(1090)C-6.png,8,8,0.83105135,myrtus,myrtus,Correct
207,olea/Ole.O.euroX400wF(4261)(0)A-30.png,9,9,0.8393239,olea,olea,Correct
208,olea/Ole.O.euroX400wF(4261)(0)A-31.png,9,9,0.83966327,olea,olea,Correct
209,olea/Ole.O.euroX400wF(4261)(0)A-39.png,9,9,0.8449172,olea,olea,Correct
210,olea/Ole.O.euroX400wF(4261)(0)A-47.png,9,9,0.84684944,olea,olea,Correct
211,olea/Ole.O.euroX400wF(4261)(0)A-53.png,9,9,0.83610415,olea,olea,Correct
212,olea/Ole.O.euroX400wF(4261)(0)A-54.png,9,9,0.8018561,olea,olea,Correct
213,olea/Ole.O.euroX400wF(4261)(0)A-6.png,9,9,0.8477778,olea,olea,Correct
214,olea/Ole.O.euroX400wF(4263)(0)C-115.png,9,9,0.83426183,olea,olea,Correct
215,olea/Ole.O.euroX400wF(4263)(0)C-128.png,9,9,0.8301766,olea,olea,Correct
216,olea/Ole.O.euroX400wF(4263)(0)C-13.png,9,9,0.846601,olea,olea,Correct
217,olea/Ole.O.euroX400wF(4263)(0)C-139.png,9,9,0.8335225,olea,olea,Correct
218,olea/Ole.O.euroX400wF(4263)(0)C-141.png,9,9,0.8424259,olea,olea,Correct
219,olea/Ole.O.euroX400wF(4263)(0)C-144.png,9,9,0.8416577,olea,olea,Correct
220,olea/Ole.O.euroX400wF(4263)(0)C-150.png,9,9,0.8445085,olea,olea,Correct
221,olea/Ole.O.euroX400wF(4263)(0)C-16.png,9,9,0.8476511,olea,olea,Correct
222,olea/Ole.O.euroX400wF(4263)(0)C-17.png,9,9,0.83941823,olea,olea,Correct
223,olea/Ole.O.euroX400wF(4263)(0)C-177.png,9,9,0.835789,olea,olea,Correct
224,olea/Ole.O.euroX400wF(4263)(0)C-191.png,9,9,0.8392521,olea,olea,Correct
225,olea/Ole.O.euroX400wF(4263)(0)C-3.png,9,9,0.8461965,olea,olea,Correct
226,olea/Ole.O.euroX400wF(4263)(0)C-34.png,9,9,0.83969355,olea,olea,Correct
227,olea/Ole.O.euroX400wF(4263)(0)C-4.png,9,9,0.848358,olea,olea,Correct
228,olea/Ole.O.euroX400wF(4263)(0)C-51.png,9,9,0.842561,olea,olea,Correct
229,olea/Ole.O.euroX400wF(4263)(0)C-55.png,9,9,0.83870965,olea,olea,Correct
230,olea/Ole.O.euroX400wF(4263)(0)C-62.png,9,9,0.83880484,olea,olea,Correct
231,olea/Ole.O.euroX400wF(4263)(0)C-67.png,9,9,0.84921,olea,olea,Correct
232,olea/Ole.O.euroX400wF(4263)(0)C-71.png,9,9,0.8474937,olea,olea,Correct
233,olea/Ole.O.euroX400wF(4263)(0)C-74.png,9,9,0.84322745,olea,olea,Correct
234,olea/Ole.O.euroX400wF(4263)(0)C-80.png,9,9,0.83735657,olea,olea,Correct
235,olea/Ole.O.euroX400wF(4263)(0)C-88.png,9,9,0.84584373,olea,olea,Correct
236,olea/Ole.O.euroX400wF(4264)(0)D-102.png,9,9,0.8536377,olea,olea,Correct
237,olea/Ole.O.euroX400wF(4264)(0)D-104.png,9,9,0.8338226,olea,olea,Correct
238,olea/Ole.O.euroX400wF(4264)(0)D-126.png,9,9,0.8325776,olea,olea,Correct
239,olea/Ole.O.euroX400wF(4264)(0)D-147.png,9,9,0.83832777,olea,olea,Correct
240,olea/Ole.O.euroX400wF(4264)(0)D-148.png,9,9,0.84557587,olea,olea,Correct
241,olea/Ole.O.euroX400wF(4264)(0)D-18.png,9,9,0.83639103,olea,olea,Correct
242,olea/Ole.O.euroX400wF(4264)(0)D-30.png,9,9,0.844632,olea,olea,Correct
243,olea/Ole.O.euroX400wF(4264)(0)D-46.png,9,9,0.8473,olea,olea,Correct
244,olea/Ole.O.euroX400wF(4264)(0)D-5.png,9,9,0.84277475,olea,olea,Correct
245,olea/Ole.O.euroX400wF(4264)(0)D-55.png,9,9,0.84441054,olea,olea,Correct
246,olea/Ole.O.euroX400wF(4264)(0)D-60.png,9,9,0.8285667,olea,olea,Correct
247,olea/Ole.O.euroX400wF(4264)(0)D-61.png,9,9,0.8439606,olea,olea,Correct
248,olea/Ole.O.euroX400wF(4264)(0)D-75.png,9,9,0.83069104,olea,olea,Correct
249,olea/Ole.O.euroX400wF(4264)(0)D-83.png,9,9,0.84549165,olea,olea,Correct
250,olea/Ole.O.euroX400wF(4264)(0)D-95.png,9,9,0.84280413,olea,olea,Correct
251,olea/Ole.O.euroX400wF(4264)(0)D-97.png,9,9,0.8407402,olea,olea,Correct
252,olea/Ole.O.euroX400wF(4265)(0)E-118.png,9,9,0.83577144,olea,olea,Correct
253,olea/Ole.O.euroX400wF(4265)(0)E-151.png,9,9,0.84750074,olea,olea,Correct
254,olea/Ole.O.euroX400wF(4265)(0)E-162.png,9,9,0.84319305,olea,olea,Correct
255,olea/Ole.O.euroX400wF(4265)(0)E-2.png,9,9,0.84318006,olea,olea,Correct
256,olea/Ole.O.euroX400wF(4265)(0)E-209.png,9,9,0.84359515,olea,olea,Correct
257,olea/Ole.O.euroX400wF(4265)(0)E-21.png,9,9,0.84288704,olea,olea,Correct
258,olea/Ole.O.euroX400wF(4265)(0)E-219.png,9,9,0.8469892,olea,olea,Correct
259,olea/Ole.O.euroX400wF(4265)(0)E-23.png,9,9,0.84282345,olea,olea,Correct
260,olea/Ole.O.euroX400wF(4265)(0)E-4.png,9,9,0.8433724,olea,olea,Correct
261,olea/Ole.O.euroX400wF(4265)(0)E-56.png,9,9,0.84756076,olea,olea,Correct
262,olea/Ole.O.euroX400wF(4265)(0)E-6.png,9,9,0.8441539,olea,olea,Correct
263,olea/Ole.O.euroX400wF(4265)(0)E-61.png,9,9,0.83730996,olea,olea,Correct
264,olea/Ole.O.euroX400wF(4265)(0)E-65.png,9,9,0.84769696,olea,olea,Correct
265,olea/Ole.O.euroX400wF(4265)(0)E-66.png,9,9,0.84837586,olea,olea,Correct
266,olea/Ole.O.euroX400wF(4265)(0)E-70.png,9,9,0.83553207,olea,olea,Correct
267,olea/Ole.O.euroX400wF(4265)(0)E-77.png,9,9,0.84124345,olea,olea,Correct
268,olea/Ole.O.euroX400wF(4265)(0)E-85.png,9,9,0.8497693,olea,olea,Correct
269,olea/Ole.O.euroX400wF(4265)(0)E-88.png,9,9,0.83060366,olea,olea,Correct
270,olea/Ole.O.euroX400wF(4265)(0)E-93.png,9,9,0.84441876,olea,olea,Correct
271,olea/Ole.O.euroX400wF(4266)(0)F-100.png,9,9,0.83881444,olea,olea,Correct
272,olea/Ole.O.euroX400wF(4266)(0)F-112.png,9,9,0.84340864,olea,olea,Correct
273,olea/Ole.O.euroX400wF(4266)(0)F-116.png,9,9,0.84399456,olea,olea,Correct
274,olea/Ole.O.euroX400wF(4266)(0)F-151.png,9,9,0.8448408,olea,olea,Correct
275,olea/Ole.O.euroX400wF(4266)(0)F-18.png,9,9,0.8388027,olea,olea,Correct
276,olea/Ole.O.euroX400wF(4266)(0)F-29.png,9,9,0.8463527,olea,olea,Correct
277,olea/Ole.O.euroX400wF(4266)(0)F-33.png,9,9,0.84789383,olea,olea,Correct
278,olea/Ole.O.euroX400wF(4266)(0)F-52.png,9,9,0.8428362,olea,olea,Correct
279,olea/Ole.O.euroX400wF(4266)(0)F-53.png,9,9,0.84368926,olea,olea,Correct
280,olea/Ole.O.euroX400wF(4266)(0)F-56.png,9,9,0.845952,olea,olea,Correct
281,olea/Ole.O.euroX400wF(4266)(0)F-57.png,9,9,0.849133,olea,olea,Correct
282,olea/Ole.O.euroX400wF(4266)(0)F-70.png,9,9,0.8540867,olea,olea,Correct
283,olea/Ole.O.euroX400wF(4266)(0)F-97.png,9,9,0.83648884,olea,olea,Correct
284,olea/Ole.O.euroX400wF(4267)(0)G-32.png,9,9,0.83666897,olea,olea,Correct
285,olea/Ole.O.euroX400wF(4267)(0)G-48.png,9,9,0.84154683,olea,olea,Correct
286,origanum/Lam.O.micX400wF(884)(0)A-12.png,10,10,0.8448374,origanum,origanum,Correct
287,origanum/Lam.O.micX400wF(885)(0)B-1.png,10,10,0.83027375,origanum,origanum,Correct
288,origanum/Lam.O.micX400wF(885)(0)B-13.png,10,10,0.85085654,origanum,origanum,Correct
289,origanum/Lam.O.micX400wF(885)(0)B-5.png,10,10,0.84209055,origanum,origanum,Correct
290,origanum/Lam.O.micX400wF(885)(0)B-8.png,10,10,0.8070304,origanum,origanum,Correct
291,origanum/Lam.O.micX400wF(886)(0)C-2.png,10,10,0.8439374,origanum,origanum,Correct
292,origanum/Lam.O.micX400wF(886)(0)C-20.png,10,10,0.8465726,origanum,origanum,Correct
293,origanum/Lam.O.micX400wF(886)(0)C-23.png,10,10,0.8314872,origanum,origanum,Correct
294,origanum/Lam.O.micX400wF(886)(0)C-45.png,10,10,0.84163916,origanum,origanum,Correct
295,origanum/Lam.O.micX400wF(886)(0)C-50.png,10,10,0.8577195,origanum,origanum,Correct
296,origanum/Lam.O.micX400wF(886)(0)C-53.png,10,10,0.8370329,origanum,origanum,Correct
297,origanum/Lam.O.micX400wF(886)(0)C-57.png,10,10,0.84382886,origanum,origanum,Correct
299,origanum/Lam.O.micX400wF(889)(0)F-11.png,10,10,0.80191666,origanum,origanum,Correct
300,origanum/Lam.O.micX400wF(889)(0)F-22.png,10,10,0.8335725,origanum,origanum,Correct
301,origanum/Lam.O.micX400wF(889)(0)F-3.png,10,10,0.82789385,origanum,origanum,Correct
302,origanum/Lam.O.micX400wF(889)(0)F-43.png,10,10,0.86058867,origanum,origanum,Correct
303,oxalis/Oxa.O.pes.cX400wF(1734)(0)B-4.png,11,11,0.8760094,oxalis,oxalis,Correct
304,oxalis/Oxa.O.pes.cX400wF(1735)(0)C-4.png,11,11,0.87095326,oxalis,oxalis,Correct
305,oxalis/Oxa.O.pes.cX400wF(1735)(0)C-9.png,11,11,0.83658403,oxalis,oxalis,Correct
306,oxalis/Oxa.O.pes.cX400wF(1736)(0)D-10.png,11,11,0.8301386,oxalis,oxalis,Correct
308,oxalis/Oxa.O.pes.cX400wF(1737)(1736)E-9.png,11,11,0.8271934,oxalis,oxalis,Correct
309,oxalis/Oxa.O.pes.cX400wF(1738)(0)F-11.png,11,11,0.8323079,oxalis,oxalis,Correct
310,oxalis/Oxa.O.pes.cX400wF(1738)(0)F-16.png,11,11,0.823614,oxalis,oxalis,Correct
311,oxalis/Oxa.O.pes.cX400wF(1738)(0)F-3.png,11,11,0.83760613,oxalis,oxalis,Correct
312,oxalis/Oxa.O.pes.cX400wF(1740)(0)H-3.png,11,11,0.83258015,oxalis,oxalis,Correct
313,oxalis/Oxa.O.pes.cX400wF(1741)(0)I-2.png,11,11,0.83416754,oxalis,oxalis,Correct
314,oxalis/Oxa.O.pes.cX400wF(1741)(0)I-6.png,11,11,0.8443278,oxalis,oxalis,Correct
315,oxalis/Oxa.O.pes.cX400wF(1741)(0)I-8.png,11,11,0.8364188,oxalis,oxalis,Correct
316,oxalis/Oxa.O.pes.cX400wF(1743)(0)K-21.png,11,11,0.8270487,oxalis,oxalis,Correct
317,pinus/Pin.P.brutX400wF(3171)(0)A-6.png,12,12,0.8500126,pinus,pinus,Correct
318,pinus/Pin.P.brutX400wF(3172)(0)B-2.png,12,12,0.8537926,pinus,pinus,Correct
319,pistacia/Ana.P.tereX400wF(3223)(0)B-3.png,13,13,0.76548153,pistacia,pistacia,Correct
320,pistacia/Ana.P.tereX400wF(3226)(0)E-5.png,13,13,0.75219727,pistacia,pistacia,Correct
321,pistacia/Ana.P.tereX400wF(3226)(0)E-8.png,13,13,0.7358764,pistacia,pistacia,Correct
322,pistacia/Ana.P.tereX400wF(3227)(0)F-2.png,13,13,0.7359107,pistacia,pistacia,Correct
323,salvia/Lam.S.triX400wF(2189)(0)B-1.png,14,14,0.8558585,salvia,salvia,Correct
324,salvia/Lam.S.triX400wF(2189)(0)B-25.png,14,14,0.8603937,salvia,salvia,Correct
325,salvia/Lam.S.triX400wF(2189)(0)B-26.png,14,14,0.85740405,salvia,salvia,Correct
326,salvia/Lam.S.triX400wF(2189)(0)B-59.png,14,14,0.8559902,salvia,salvia,Correct
327,salvia/Lam.S.triX400wF(2189)(0)B-61.png,14,14,0.85489964,salvia,salvia,Correct
328,salvia/Lam.S.triX400wF(2190)(0)C-16.png,14,14,0.8549804,salvia,salvia,Correct
329,salvia/Lam.S.triX400wF(2190)(0)C-18.png,14,14,0.8488907,salvia,salvia,Correct
330,salvia/Lam.S.triX400wF(2190)(0)C-20.png,14,14,0.8531935,salvia,salvia,Correct
331,salvia/Lam.S.triX400wF(2190)(0)C-9.png,14,14,0.8556345,salvia,salvia,Correct
332,salvia/Lam.S.triX400wF(2191)(0)D-26.png,14,14,0.8568137,salvia,salvia,Correct
333,salvia/Lam.S.triX400wF(2191)(0)D-43.png,14,14,0.85729355,salvia,salvia,Correct
334,salvia/Lam.S.triX400wF(2191)(0)D-44.png,14,14,0.8556133,salvia,salvia,Correct
335,salvia/Lam.S.triX400wF(2191)(0)D-45.png,14,14,0.85339516,salvia,salvia,Correct
336,salvia/Lam.S.triX400wF(2191)(0)D-49.png,14,14,0.856777,salvia,salvia,Correct
337,salvia/Lam.S.triX400wF(2192)(0)E-2.png,14,14,0.84852463,salvia,salvia,Correct
338,salvia/Lam.S.triX400wF(2192)(0)E-5.png,14,14,0.85605145,salvia,salvia,Correct
339,salvia/Lam.S.triX400wF(2193)(0)F-10.png,14,14,0.8483617,salvia,salvia,Correct
340,salvia/Lam.S.triX400wF(2193)(0)F-16.png,14,14,0.84300303,salvia,salvia,Correct
342,satureja/Lam.S.thyX400wF(943)(990)C-6.png,15,15,0.8423026,satureja,satureja,Correct
344,satureja/Lam.S.thyX400wF(944)(940)E-28.png,15,15,0.83783,satureja,satureja,Correct
345,satureja/Lam.S.thyX400wF(944)(940)E-6.png,15,15,0.84308624,satureja,satureja,Correct
346,satureja/Lam.S.thyX400wF(944)(940)E-7.png,15,15,0.8404369,satureja,satureja,Correct
347,satureja/Lam.S.thyX400wF(945)(0)F-2.png,15,15,0.8123686,satureja,satureja,Correct
348,sinapis/Bra.S.albX400wF(2150)(0)A-10.png,16,16,0.81957376,sinapis,sinapis,Correct
349,sinapis/Bra.S.albX400wF(2151)(0)B-26.png,16,16,0.8068756,sinapis,sinapis,Correct
350,sinapis/Bra.S.albX400wF(2151)(0)B-8.png,16,16,0.8376467,sinapis,sinapis,Correct
351,sinapis/Bra.S.albX400wF(2152)(0)C-19.png,16,16,0.8510544,sinapis,sinapis,Correct
352,sinapis/Bra.S.albX400wF(2152)(0)C-26.png,16,16,0.8383514,sinapis,sinapis,Correct
353,sinapis/Bra.S.albX400wF(2152)(0)C-30.png,16,16,0.8376598,sinapis,sinapis,Correct
354,sinapis/Bra.S.albX400wF(2152)(0)C-8.png,16,16,0.8374265,sinapis,sinapis,Correct
355,sinapis/Bra.S.albX400wF(2153)(0)D-17.png,16,16,0.7291112,sinapis,sinapis,Correct
357,sinapis/Bra.S.albX400wF(2153)(0)D-6.png,16,16,0.3839625,sinapis,sinapis,Correct
358,sinapis/Bra.S.albX400wF(2154)(0)E-16.png,16,16,0.8079093,sinapis,sinapis,Correct
360,sinapis/Bra.S.albX400wF(2154)(0)E-20.png,16,16,0.8341437,sinapis,sinapis,Correct
361,sinapis/Bra.S.albX400wF(2154)(0)E-7.png,16,16,0.82056814,sinapis,sinapis,Correct
362,sinapis/Bra.S.albX400wF(2155)(0)F-17.png,16,16,0.84358656,sinapis,sinapis,Correct
363,sinapis/IMG_3704-16.png,16,16,0.8391928,sinapis,sinapis,Correct
364,sinapis/IMG_3704-7.png,16,16,0.8424082,sinapis,sinapis,Correct
365,sinapis/IMG_3706-8.png,16,16,0.80990213,sinapis,sinapis,Correct
366,sinapis/IMG_3708-2.png,16,16,0.8405036,sinapis,sinapis,Correct
367,thymbra/Lam.T.capX400wF(1029)(0)A-15.png,17,17,0.86462784,thymbra,thymbra,Correct
368,thymbra/Lam.T.capX400wF(1031)(0)C-1.png,17,17,0.8694164,thymbra,thymbra,Correct
369,thymbra/Lam.T.capX400wF(1032)(0)D-12.png,17,17,0.84979045,thymbra,thymbra,Correct
370,thymbra/Lam.T.capX400wF(1033)(0)E-1.png,17,17,0.8647658,thymbra,thymbra,Correct
371,thymbra/Lam.T.capX400wF(1033)(0)E-12.png,17,17,0.8632868,thymbra,thymbra,Correct
372,thymbra/x40 f (1)-2.png,17,17,0.8485184,thymbra,thymbra,Correct
373,thymbra/x40 f (1)-6.png,17,17,0.8651881,thymbra,thymbra,Correct
374,thymbra/x40 f (3)-4.png,17,17,0.86901635,thymbra,thymbra,Correct
376,thymbra/x40 f (4)-15.png,17,17,0.8527169,thymbra,thymbra,Correct
377,thymbra/x40 f (4)-18.png,17,17,0.87659305,thymbra,thymbra,Correct
378,thymbra/x40 f (4)-9.png,17,17,0.85963607,thymbra,thymbra,Correct
380,thymbra/x40 f (6)-3.png,17,17,0.86940914,thymbra,thymbra,Correct
381,thymbra/x40 f (7)-1.png,17,17,0.8711152,thymbra,thymbra,Correct
382,urginea/Asp.U.marX400wF(5318)(0)B-1.png,18,18,0.90050024,urginea,urginea,Correct
383,urginea/Asp.U.marX400wF(5318)(0)B-3.png,18,18,0.88605905,urginea,urginea,Correct
384,urginea/Asp.U.marX400wF(5318)(0)B-6.png,18,18,0.89307874,urginea,urginea,Correct
385,urginea/Asp.U.marX400wF(5318)(0)B-8.png,18,18,0.88245773,urginea,urginea,Correct
386,urginea/Asp.U.marX400wF(5319)(0)C-10.png,18,18,0.89130443,urginea,urginea,Correct
387,urginea/Asp.U.marX400wF(5320)(0)D-10.png,18,18,0.88237625,urginea,urginea,Correct
388,urginea/Asp.U.marX400wF(5320)(0)D-9.png,18,18,0.88932776,urginea,urginea,Correct
389,urginea/Asp.U.marX400wF(5321)(0)E-12.png,18,18,0.8563299,urginea,urginea,Correct
390,urginea/Asp.U.marX400wF(5322)(0)F-11.png,18,18,0.88793814,urginea,urginea,Correct
391,urginea/Asp.U.marX400wF(5322)(0)F-2.png,18,18,0.8746189,urginea,urginea,Correct
392,urginea/Asp.U.marX400wF(5323)(0)G-10.png,18,18,0.87506014,urginea,urginea,Correct
393,vitis/Vit.V.viniX400wF(4978)(0)A-14.png,19,19,0.8052313,vitis,vitis,Correct
394,vitis/Vit.V.viniX400wF(4978)(0)A-23.png,19,19,0.7943043,vitis,vitis,Correct
395,vitis/Vit.V.viniX400wF(4978)(0)A-26.png,19,19,0.83753264,vitis,vitis,Correct
396,vitis/Vit.V.viniX400wF(4979)(0)B-10.png,19,19,0.79742575,vitis,vitis,Correct
397,vitis/Vit.V.viniX400wF(4979)(0)B-14.png,19,19,0.7937606,vitis,vitis,Correct
398,vitis/Vit.V.viniX400wF(4979)(0)B-15.png,19,19,0.76354986,vitis,vitis,Correct
399,vitis/Vit.V.viniX400wF(4979)(0)B-24.png,19,19,0.80406696,vitis,vitis,Correct
400,vitis/Vit.V.viniX400wF(4980)(0)C-8.png,19,19,0.7890748,vitis,vitis,Correct
401,vitis/Vit.V.viniX400wF(4981)(0)D-14.png,19,19,0.8034152,vitis,vitis,Correct
402,vitis/Vit.V.viniX400wF(4981)(0)D-20.png,19,19,0.79329777,vitis,vitis,Correct
403,vitis/Vit.V.viniX400wF(4981)(0)D-39.png,19,19,0.8109635,vitis,vitis,Correct
404,vitis/Vit.V.viniX400wF(4982)(0)E-11.png,19,19,0.79685295,vitis,vitis,Correct
405,vitis/Vit.V.viniX400wF(4982)(0)E-13.png,19,19,0.80622154,vitis,vitis,Correct
406,vitis/Vit.V.viniX400wF(4982)(0)E-43.png,19,19,0.8182837,vitis,vitis,Correct
407,vitis/Vit.V.viniX400wF(4983)(0)F-12.png,19,19,0.80500996,vitis,vitis,Correct
408,vitis/Vit.V.viniX400wF(4983)(0)F-19.png,19,19,0.807079,vitis,vitis,Correct
409,vitis/Vit.V.viniX400wF(4983)(0)F-24.png,19,19,0.73586744,vitis,vitis,Correct
410,vitis/Vit.V.viniX400wF(4984)(0)G-13.png,19,19,0.79653424,vitis,vitis,Correct
411,vitis/Vit.V.viniX400wF(4984)(0)G-14.png,19,19,0.81455207,vitis,vitis,Correct
412,vitis/Vit.V.viniX400wF(4984)(0)G-37.png,19,19,0.79837066,vitis,vitis,Correct
413,vitis/Vit.V.viniX400wF(4984)(0)G-5.png,19,19,0.80005753,vitis,vitis,Correct
414,vitis/Vit.V.viniX400wF(4985)(0)H-11.png,19,19,0.80938596,vitis,vitis,Correct
415,vitis/Vit.V.viniX400wF(4985)(0)H-14.png,19,19,0.80795616,vitis,vitis,Correct
416,vitis/Vit.V.viniX400wF(4985)(0)H-15.png,19,19,0.8003718,vitis,vitis,Correct
417,vitis/Vit.V.viniX400wF(4985)(0)H-16.png,19,19,0.8156556,vitis,vitis,Correct
418,vitis/Vit.V.viniX400wF(4985)(0)H-22.png,19,19,0.80244714,vitis,vitis,Correct
419,vitis/Vit.V.viniX400wF(4985)(0)H-43.png,19,19,0.81299764,vitis,vitis,Correct
0,asphodelus/Asp.A.ramX400wF(1984)(0)A-2.png,0,0,0.8009414,asphodelus,asphodelus,Correct
1,asphodelus/Asp.A.ramX400wF(1985)(0)B-2.png,0,0,0.81107235,asphodelus,asphodelus,Correct
2,asphodelus/Asp.A.ramX400wF(1987)(0)D-2.png,0,0,0.7927612,asphodelus,asphodelus,Correct
3,asphodelus/Asp.A.ramX400wF(1990)(0)G-4.png,0,0,0.8061333,asphodelus,asphodelus,Correct
4,calicotome/Fab.C.vilX400wF(2016)(0)A-7.png,1,1,0.7867486,calicotome,calicotome,Correct
5,calicotome/Fab.C.vilX400wF(2017)(0)B-14.png,1,1,0.7657362,calicotome,calicotome,Correct
6,calicotome/Fab.C.vilX400wF(2017)(0)B-18.png,1,1,0.29520628,calicotome,calicotome,Correct
8,calicotome/Fab.C.vilX400wF(2017)(0)B-3.png,1,1,0.8001186,calicotome,calicotome,Correct
9,calicotome/Fab.C.vilX400wF(2017)(0)B-9.png,1,1,0.77722347,calicotome,calicotome,Correct
10,calicotome/Fab.C.vilX400wF(2018)(0)C-4.png,1,1,0.66212535,calicotome,calicotome,Correct
12,calicotome/Fab.C.vilX400wF(2019)(0)D-10.png,1,1,0.7908862,calicotome,calicotome,Correct
13,calicotome/Fab.C.vilX400wF(2019)(0)D-107.png,1,1,0.7812258,calicotome,calicotome,Correct
14,calicotome/Fab.C.vilX400wF(2019)(0)D-116.png,1,1,0.7918121,calicotome,calicotome,Correct
15,calicotome/Fab.C.vilX400wF(2019)(0)D-119.png,1,1,0.7765097,calicotome,calicotome,Correct
16,calicotome/Fab.C.vilX400wF(2019)(0)D-123.png,1,1,0.802121,calicotome,calicotome,Correct
17,calicotome/Fab.C.vilX400wF(2019)(0)D-14.png,1,1,0.7888964,calicotome,calicotome,Correct
18,calicotome/Fab.C.vilX400wF(2019)(0)D-30.png,1,1,0.7864692,calicotome,calicotome,Correct
19,calicotome/Fab.C.vilX400wF(2019)(0)D-32.png,1,1,0.78434855,calicotome,calicotome,Correct
20,calicotome/Fab.C.vilX400wF(2019)(0)D-4.png,1,1,0.7781136,calicotome,calicotome,Correct
21,calicotome/Fab.C.vilX400wF(2019)(0)D-48.png,1,1,0.785058,calicotome,calicotome,Correct
22,calicotome/Fab.C.vilX400wF(2019)(0)D-62.png,1,1,0.7820528,calicotome,calicotome,Correct
23,calicotome/Fab.C.vilX400wF(2019)(0)D-72.png,1,1,0.7825373,calicotome,calicotome,Correct
24,calicotome/Fab.C.vilX400wF(2019)(0)D-8.png,1,1,0.7823518,calicotome,calicotome,Correct
25,calicotome/Fab.C.vilX400wF(2019)(0)D-89.png,1,1,0.79592407,calicotome,calicotome,Correct
26,calicotome/Fab.C.vilX400wF(2019)(0)D-91.png,1,1,0.78780127,calicotome,calicotome,Correct
27,calicotome/Fab.C.vilX400wF(2020)(0)E-115.png,1,1,0.7755722,calicotome,calicotome,Correct
28,calicotome/Fab.C.vilX400wF(2020)(0)E-52.png,1,1,0.7810536,calicotome,calicotome,Correct
29,calicotome/Fab.C.vilX400wF(2020)(0)E-66.png,1,1,0.7932604,calicotome,calicotome,Correct
30,calicotome/Fab.C.vilX400wF(2020)(0)E-71.png,1,1,0.7976279,calicotome,calicotome,Correct
31,calicotome/Fab.C.vilX400wF(2020)(0)E-72.png,1,1,0.7829824,calicotome,calicotome,Correct
32,calicotome/Fab.C.vilX400wF(2020)(0)E-89.png,1,1,0.7779221,calicotome,calicotome,Correct
33,castanea/Fag.C.satX400wF(781)(0)A-12.png,2,2,0.85475767,castanea,castanea,Correct
34,castanea/Fag.C.satX400wF(781)(0)A-17.png,2,2,0.8585628,castanea,castanea,Correct
35,castanea/Fag.C.satX400wF(781)(0)A-4.png,2,2,0.866905,castanea,castanea,Correct
36,castanea/Fag.C.satX400wF(781)(0)A-40.png,2,2,0.8603311,castanea,castanea,Correct
37,castanea/Fag.C.satX400wF(781)(0)A-45.png,2,2,0.857672,castanea,castanea,Correct
38,castanea/Fag.C.satX400wF(781)(0)A-47.png,2,2,0.86117125,castanea,castanea,Correct
39,castanea/Fag.C.satX400wF(781)(0)A-48.png,2,2,0.8665941,castanea,castanea,Correct
40,castanea/Fag.C.satX400wF(784)(0)D-12.png,2,2,0.85352004,castanea,castanea,Correct
41,castanea/Fag.C.satX400wF(784)(0)D-15.png,2,2,0.8515767,castanea,castanea,Correct
42,castanea/Fag.C.satX400wF(784)(0)D-2.png,2,2,0.8723017,castanea,castanea,Correct
43,castanea/Fag.C.satX400wF(784)(0)D-21.png,2,2,0.8640199,castanea,castanea,Correct
44,castanea/Fag.C.satX400wF(785)(0)E-5.png,2,2,0.8643791,castanea,castanea,Correct
45,castanea/Fag.C.satX400wF(785)(0)E-6.png,2,2,0.86406124,castanea,castanea,Correct
46,castanea/Fag.C.satX400wF(786)(0)F-8.png,2,2,0.8545385,castanea,castanea,Correct
47,castanea/Fag.C.satX400wF(792)(781)G-1.png,2,2,0.865238,castanea,castanea,Correct
48,castanea/Fag.C.satX400wF(792)(781)G-27.png,2,2,0.86271113,castanea,castanea,Correct
49,castanea/Fag.C.satX400wF(792)(781)G-29.png,2,2,0.85665697,castanea,castanea,Correct
50,castanea/Fag.C.satX400wF(792)(781)G-38.png,2,2,0.8679416,castanea,castanea,Correct
51,castanea/Fag.C.satX400wF(793)(781)H-22.png,2,2,0.8641442,castanea,castanea,Correct
52,castanea/Fag.C.satX400wF(793)(781)H-32.png,2,2,0.8592609,castanea,castanea,Correct
53,castanea/Fag.C.satX400wF(793)(781)H-46.png,2,2,0.8635252,castanea,castanea,Correct
54,castanea/Fag.C.satX400wF(793)(781)H-7.png,2,2,0.86390346,castanea,castanea,Correct
55,ceratonia/Fab.C.silX400wF(475)(0)A-11.png,3,3,0.52222276,ceratonia,ceratonia,Correct
56,ceratonia/Fab.C.silX400wF(476)(0)B-2.png,3,3,0.5288844,ceratonia,ceratonia,Correct
58,ceratonia/Fab.C.silX400wF(478)(0)D-12.png,3,3,0.517927,ceratonia,ceratonia,Correct
59,ceratonia/Fab.C.silX400wF(479)(0)E-10.png,3,3,0.515218,ceratonia,ceratonia,Correct
60,ceratonia/Fab.C.silX400wF(479)(0)E-17.png,3,3,0.50165224,ceratonia,ceratonia,Correct
61,ceratonia/Fab.C.silX400wF(480)(0)F-10.png,3,3,0.5176275,ceratonia,ceratonia,Correct
62,ceratonia/Fab.C.silX400wF(480)(0)F-12.png,3,3,0.5108421,ceratonia,ceratonia,Correct
63,ceratonia/Fab.C.silX400wF(480)(0)F-9.png,3,3,0.5046651,ceratonia,ceratonia,Correct
65,ebenus/Fab.E.creX400wF(693)(0)A-2.png,4,4,0.8058492,ebenus,ebenus,Correct
66,ebenus/Fab.E.creX400wF(694)(0)B-1.png,4,4,0.7797446,ebenus,ebenus,Correct
67,erica/Eri.E.maniX400wF(5356)(0)B-18.png,5,5,0.85027343,erica,erica,Correct
68,erica/Eri.E.maniX400wF(5357)(0)C-12.png,5,5,0.84778595,erica,erica,Correct
69,erica/Eri.E.maniX400wF(5357)(0)C-23.png,5,5,0.8805798,erica,erica,Correct
70,erica/Eri.E.maniX400wF(5358)(0)D-11.png,5,5,0.82787293,erica,erica,Correct
71,erica/Eri.E.maniX400wF(5358)(0)D-4.png,5,5,0.82565403,erica,erica,Correct
72,erica/Eri.E.maniX400wF(5360)(0)F-25.png,5,5,0.8819715,erica,erica,Correct
73,erica/Eri.E.maniX400wF(5360)(0)F-38.png,5,5,0.8529654,erica,erica,Correct
74,erica/Eri.E.maniX400wF(5360)(0)F-8.png,5,5,0.85793537,erica,erica,Correct
75,erica/Eri.E.maniX400wF(5361)(0)G-18.png,5,5,0.87515396,erica,erica,Correct
76,erica/Eri.E.maniX400wF(5361)(0)G-4.png,5,5,0.8426072,erica,erica,Correct
77,erica/Eri.E.maniX400wF(5362)(0)H-11.png,5,5,0.8201786,erica,erica,Correct
78,erica/Eri.E.maniX400wF(5362)(0)H-16.png,5,5,0.8518551,erica,erica,Correct
79,erica/Eri.E.maniX400wF(5362)(0)H-22.png,5,5,0.85257703,erica,erica,Correct
80,erica/Eri.E.maniX400wF(5362)(0)H-3.png,5,5,0.87477165,erica,erica,Correct
81,erica/Eri.E.maniX400wF(5362)(0)H-5.png,5,5,0.8647061,erica,erica,Correct
82,erica/Eri.E.maniX400wF(5362)(0)H-9.png,5,5,0.87451166,erica,erica,Correct
83,erica/Eri.E.maniX400wF(5363)(0)I-11.png,5,5,0.8552965,erica,erica,Correct
84,erica/Eri.E.maniX400wF(5363)(0)I-15.png,5,5,0.87552875,erica,erica,Correct
85,erica/Eri.E.maniX400wF(5363)(0)I-16.png,5,5,0.8476541,erica,erica,Correct
86,eucalyptus/Myr.E.camaX400wF(1866)(0)A-5.png,6,6,0.7494897,eucalyptus,eucalyptus,Correct
87,eucalyptus/Myr.E.camaX400wF(1866)(0)A-7_2.png,6,6,0.8431493,eucalyptus,eucalyptus,Correct
88,eucalyptus/Myr.E.camaX400wF(1867)(0)B-10_2.png,6,6,0.8506418,eucalyptus,eucalyptus,Correct
89,eucalyptus/Myr.E.camaX400wF(1867)(0)B-4_2.png,6,6,0.83250856,eucalyptus,eucalyptus,Correct
90,eucalyptus/Myr.E.camaX400wF(1867)(0)B-5_2.png,6,6,0.83965296,eucalyptus,eucalyptus,Correct
91,eucalyptus/Myr.E.camaX400wF(1868)(0)C-2_2.png,6,6,0.84562284,eucalyptus,eucalyptus,Correct
92,eucalyptus/Myr.E.camaX400wF(1868)(0)C-8_2.png,6,6,0.85079354,eucalyptus,eucalyptus,Correct
93,eucalyptus/Myr.E.camaX400wF(1869)(0)D-4.png,6,6,0.8545389,eucalyptus,eucalyptus,Correct
94,eucalyptus/Myr.E.camaX400wF(1869)(0)D-4_2.png,6,6,0.82992256,eucalyptus,eucalyptus,Correct
95,eucalyptus/Myr.E.camaX400wF(1869)(0)D-8.png,6,6,0.85147446,eucalyptus,eucalyptus,Correct
97,eucalyptus/Myr.E.camaX400wF(1872)(0)G-11.png,6,6,0.8641755,eucalyptus,eucalyptus,Correct
98,eucalyptus/Myr.E.camaX400wF(1872)(0)G-3.png,6,6,0.8311898,eucalyptus,eucalyptus,Correct
99,eucalyptus/Myr.E.camaX400wF(1872)(0)G-6_2.png,6,6,0.829883,eucalyptus,eucalyptus,Correct
100,eucalyptus/Myr.E.camaX400wF(1872)(0)G-8_2.png,6,6,0.85303015,eucalyptus,eucalyptus,Correct
101,eucalyptus/Myr.E.camaX400wF(2962)(0)H-19.png,6,6,0.8287594,eucalyptus,eucalyptus,Correct
102,eucalyptus/Myr.E.camaX400wF(2962)(0)H-22.png,6,6,0.8219093,eucalyptus,eucalyptus,Correct
103,eucalyptus/Myr.E.camaX400wF(2962)(0)H-4_2.png,6,6,0.850692,eucalyptus,eucalyptus,Correct
104,eucalyptus/Myr.E.camaX400wF(2962)(0)H-6.png,6,6,0.83106416,eucalyptus,eucalyptus,Correct
105,eucalyptus/Myr.E.camaX400wF(2962)(0)H-6_2.png,6,6,0.8356084,eucalyptus,eucalyptus,Correct
106,eucalyptus/Myr.E.camaX400wF(2963)(0)I-12.png,6,6,0.86351895,eucalyptus,eucalyptus,Correct
107,eucalyptus/Myr.E.camaX400wF(2963)(0)I-14.png,6,6,0.84518135,eucalyptus,eucalyptus,Correct
108,eucalyptus/Myr.E.camaX400wF(2963)(0)I-2.png,6,6,0.7956747,eucalyptus,eucalyptus,Correct
109,eucalyptus/Myr.E.camaX400wF(2964)(0)J-13_2.png,6,6,0.84612006,eucalyptus,eucalyptus,Correct
110,eucalyptus/Myr.E.camaX400wF(2964)(0)J-17.png,6,6,0.8470638,eucalyptus,eucalyptus,Correct
111,eucalyptus/Myr.E.camaX400wF(2964)(0)J-17_2.png,6,6,0.8415245,eucalyptus,eucalyptus,Correct
112,eucalyptus/Myr.E.camaX400wF(2964)(0)J-20_2.png,6,6,0.84898716,eucalyptus,eucalyptus,Correct
113,eucalyptus/Myr.E.camaX400wF(2964)(0)J-21_2.png,6,6,0.8314776,eucalyptus,eucalyptus,Correct
114,eucalyptus/Myr.E.camaX400wF(2964)(0)J-4.png,6,6,0.8357708,eucalyptus,eucalyptus,Correct
115,eucalyptus/Myr.E.camaX400wF(2964)(0)J-4_2.png,6,6,0.83686197,eucalyptus,eucalyptus,Correct
116,eucalyptus/Myr.E.camaX400wF(2965)(0)K-13_2.png,6,6,0.820102,eucalyptus,eucalyptus,Correct
117,eucalyptus/Myr.E.camaX400wF(2965)(0)K-8_2.png,6,6,0.840877,eucalyptus,eucalyptus,Correct
118,eucalyptus/Myr.E.camaX400wF(2966)(0)L-7.png,6,6,0.8470115,eucalyptus,eucalyptus,Correct
119,eucalyptus/Myr.E.camaX400wF(2966)(0)L-7_2.png,6,6,0.83300436,eucalyptus,eucalyptus,Correct
120,ferula/Api.F.comX400wF(2135)(0)A-11.png,7,7,0.7751053,ferula,ferula,Correct
121,ferula/Api.F.comX400wF(2135)(0)A-17.png,7,7,0.7930669,ferula,ferula,Correct
122,ferula/Api.F.comX400wF(2135)(0)A-18.png,7,7,0.7851524,ferula,ferula,Correct
123,ferula/Api.F.comX400wF(2137)(0)C-11.png,7,7,0.7828576,ferula,ferula,Correct
124,ferula/Api.F.comX400wF(2138)(0)D-10.png,7,7,0.7865735,ferula,ferula,Correct
125,ferula/Api.F.comX400wF(2138)(0)D-11.png,7,7,0.7856239,ferula,ferula,Correct
126,ferula/Api.F.comX400wF(2138)(0)D-14.png,7,7,0.7774719,ferula,ferula,Correct
127,ferula/Api.F.comX400wF(2138)(0)D-7.png,7,7,0.7809616,ferula,ferula,Correct
128,myrtus/IMG_3734-111.png,8,8,0.8122211,myrtus,myrtus,Correct
129,myrtus/IMG_3734-115.png,8,8,0.81341153,myrtus,myrtus,Correct
130,myrtus/IMG_3734-116.png,8,8,0.80606025,myrtus,myrtus,Correct
131,myrtus/IMG_3734-49.png,8,8,0.80214113,myrtus,myrtus,Correct
132,myrtus/IMG_3734-50.png,8,8,0.8100521,myrtus,myrtus,Correct
133,myrtus/IMG_3734-59.png,8,8,0.8055973,myrtus,myrtus,Correct
134,myrtus/IMG_3734-66.png,8,8,0.78214264,myrtus,myrtus,Correct
135,myrtus/IMG_3734-78.png,8,8,0.8084497,myrtus,myrtus,Correct
136,myrtus/IMG_3734-84.png,8,8,0.8134979,myrtus,myrtus,Correct
137,myrtus/IMG_3734-93.png,8,8,0.80785024,myrtus,myrtus,Correct
138,myrtus/IMG_3735-10.png,8,8,0.8072825,myrtus,myrtus,Correct
139,myrtus/IMG_3735-26.png,8,8,0.81529003,myrtus,myrtus,Correct
140,myrtus/IMG_3735-3.png,8,8,0.8166878,myrtus,myrtus,Correct
141,myrtus/IMG_3735-9.png,8,8,0.8152128,myrtus,myrtus,Correct
142,myrtus/IMG_3736-19.png,8,8,0.81312287,myrtus,myrtus,Correct
143,myrtus/IMG_3736-2.png,8,8,0.8145023,myrtus,myrtus,Correct
144,myrtus/IMG_3736-56.png,8,8,0.81254065,myrtus,myrtus,Correct
145,myrtus/IMG_3736-60.png,8,8,0.81212777,myrtus,myrtus,Correct
146,myrtus/IMG_3736-64.png,8,8,0.80679756,myrtus,myrtus,Correct
147,myrtus/IMG_3737-10.png,8,8,0.8094154,myrtus,myrtus,Correct
148,myrtus/IMG_3737-17.png,8,8,0.81606627,myrtus,myrtus,Correct
149,myrtus/IMG_3737-23.png,8,8,0.80954826,myrtus,myrtus,Correct
150,myrtus/IMG_3737-32.png,8,8,0.8321568,myrtus,myrtus,Correct
151,myrtus/IMG_3737-36.png,8,8,0.81988716,myrtus,myrtus,Correct
152,myrtus/IMG_3737-44.png,8,8,0.8131893,myrtus,myrtus,Correct
153,myrtus/IMG_3737-54.png,8,8,0.8134894,myrtus,myrtus,Correct
154,myrtus/IMG_3737-55.png,8,8,0.814643,myrtus,myrtus,Correct
155,myrtus/IMG_3737-56.png,8,8,0.8216252,myrtus,myrtus,Correct
156,myrtus/IMG_3737-65.png,8,8,0.8203374,myrtus,myrtus,Correct
157,myrtus/IMG_3738-107.png,8,8,0.82194936,myrtus,myrtus,Correct
158,myrtus/IMG_3738-114.png,8,8,0.8212869,myrtus,myrtus,Correct
159,myrtus/IMG_3738-12.png,8,8,0.8311213,myrtus,myrtus,Correct
160,myrtus/IMG_3738-125.png,8,8,0.8112313,myrtus,myrtus,Correct
161,myrtus/IMG_3738-128.png,8,8,0.82521147,myrtus,myrtus,Correct
162,myrtus/IMG_3738-129.png,8,8,0.8104181,myrtus,myrtus,Correct
163,myrtus/IMG_3738-135.png,8,8,0.81541026,myrtus,myrtus,Correct
164,myrtus/IMG_3738-137.png,8,8,0.7997898,myrtus,myrtus,Correct
166,myrtus/IMG_3738-140.png,8,8,0.79924786,myrtus,myrtus,Correct
167,myrtus/IMG_3738-141.png,8,8,0.77763844,myrtus,myrtus,Correct
168,myrtus/IMG_3738-144.png,8,8,0.7858372,myrtus,myrtus,Correct
169,myrtus/IMG_3738-148.png,8,8,0.7862454,myrtus,myrtus,Correct
170,myrtus/IMG_3738-150.png,8,8,0.78167284,myrtus,myrtus,Correct
171,myrtus/IMG_3738-153.png,8,8,0.80581707,myrtus,myrtus,Correct
172,myrtus/IMG_3738-20.png,8,8,0.8257441,myrtus,myrtus,Correct
173,myrtus/IMG_3738-3.png,8,8,0.81563103,myrtus,myrtus,Correct
174,myrtus/IMG_3738-34.png,8,8,0.81087327,myrtus,myrtus,Correct
175,myrtus/IMG_3738-36.png,8,8,0.80924284,myrtus,myrtus,Correct
176,myrtus/IMG_3738-59.png,8,8,0.81830835,myrtus,myrtus,Correct
177,myrtus/IMG_3738-71.png,8,8,0.8121705,myrtus,myrtus,Correct
178,myrtus/IMG_3738-91.png,8,8,0.8138528,myrtus,myrtus,Correct
179,myrtus/IMG_3741-56.png,8,8,0.8146921,myrtus,myrtus,Correct
180,myrtus/IMG_3741-68.png,8,8,0.79517305,myrtus,myrtus,Correct
181,myrtus/IMG_3742-18.png,8,8,0.80897105,myrtus,myrtus,Correct
182,myrtus/IMG_3742-4.png,8,8,0.80539215,myrtus,myrtus,Correct
183,myrtus/IMG_3742-9.png,8,8,0.81248826,myrtus,myrtus,Correct
184,myrtus/IMG_3743-21.png,8,8,0.81541634,myrtus,myrtus,Correct
185,myrtus/IMG_3743-29.png,8,8,0.81400454,myrtus,myrtus,Correct
186,myrtus/IMG_3744-10.png,8,8,0.7975274,myrtus,myrtus,Correct
187,myrtus/IMG_3744-17.png,8,8,0.82028955,myrtus,myrtus,Correct
188,myrtus/IMG_3744-20.png,8,8,0.8047212,myrtus,myrtus,Correct
189,myrtus/IMG_3744-3.png,8,8,0.81520194,myrtus,myrtus,Correct
190,myrtus/IMG_3744-49.png,8,8,0.80624866,myrtus,myrtus,Correct
191,myrtus/Myr.M.comX400wF(1095)(1091)A-10.png,8,8,0.8127388,myrtus,myrtus,Correct
192,myrtus/Myr.M.comX400wF(1095)(1091)A-2.png,8,8,0.80463487,myrtus,myrtus,Correct
193,myrtus/Myr.M.comX400wF(1095)(1091)A-23.png,8,8,0.8109822,myrtus,myrtus,Correct
194,myrtus/Myr.M.comX400wF(1095)(1091)A-24.png,8,8,0.8259202,myrtus,myrtus,Correct
195,myrtus/Myr.M.comX400wF(1095)(1091)A-27.png,8,8,0.8091053,myrtus,myrtus,Correct
196,myrtus/Myr.M.comX400wF(1095)(1091)A-51.png,8,8,0.8078819,myrtus,myrtus,Correct
197,myrtus/Myr.M.comX400wF(1095)(1091)A-52.png,8,8,0.8158863,myrtus,myrtus,Correct
198,myrtus/Myr.M.comX400wF(1095)(1091)A-73.png,8,8,0.82243353,myrtus,myrtus,Correct
199,myrtus/Myr.M.comX400wF(1095)(1091)A-86.png,8,8,0.823346,myrtus,myrtus,Correct
200,myrtus/Myr.M.comX400wF(1097)(1090)C-20.png,8,8,0.8188221,myrtus,myrtus,Correct
201,myrtus/Myr.M.comX400wF(1097)(1090)C-25.png,8,8,0.818652,myrtus,myrtus,Correct
202,myrtus/Myr.M.comX400wF(1097)(1090)C-37.png,8,8,0.82807714,myrtus,myrtus,Correct
203,myrtus/Myr.M.comX400wF(1097)(1090)C-80.png,8,8,0.8118166,myrtus,myrtus,Correct
204,myrtus/Myr.M.comX400wF(1097)(1090)C-82.png,8,8,0.8125622,myrtus,myrtus,Correct
205,myrtus/Myr.M.comX400wF(1097)(1090)C-9.png,8,8,0.8135798,myrtus,myrtus,Correct
206,olea/Ole.O.euroX400wF(4261)(0)A-1.png,9,9,0.79631764,olea,olea,Correct
207,olea/Ole.O.euroX400wF(4261)(0)A-19.png,9,9,0.7798503,olea,olea,Correct
208,olea/Ole.O.euroX400wF(4261)(0)A-24.png,9,9,0.7766957,olea,olea,Correct
209,olea/Ole.O.euroX400wF(4261)(0)A-26.png,9,9,0.76668775,olea,olea,Correct
210,olea/Ole.O.euroX400wF(4261)(0)A-33.png,9,9,0.785902,olea,olea,Correct
211,olea/Ole.O.euroX400wF(4261)(0)A-35.png,9,9,0.77669203,olea,olea,Correct
212,olea/Ole.O.euroX400wF(4261)(0)A-38.png,9,9,0.7743482,olea,olea,Correct
213,olea/Ole.O.euroX400wF(4261)(0)A-44.png,9,9,0.79448086,olea,olea,Correct
214,olea/Ole.O.euroX400wF(4262)(0)B-17.png,9,9,0.7840159,olea,olea,Correct
215,olea/Ole.O.euroX400wF(4262)(0)B-19.png,9,9,0.7864857,olea,olea,Correct
216,olea/Ole.O.euroX400wF(4262)(0)B-5.png,9,9,0.76748955,olea,olea,Correct
217,olea/Ole.O.euroX400wF(4263)(0)C-104.png,9,9,0.79174465,olea,olea,Correct
218,olea/Ole.O.euroX400wF(4263)(0)C-105.png,9,9,0.7764106,olea,olea,Correct
219,olea/Ole.O.euroX400wF(4263)(0)C-110.png,9,9,0.7700288,olea,olea,Correct
220,olea/Ole.O.euroX400wF(4263)(0)C-119.png,9,9,0.7904022,olea,olea,Correct
221,olea/Ole.O.euroX400wF(4263)(0)C-132.png,9,9,0.79418343,olea,olea,Correct
222,olea/Ole.O.euroX400wF(4263)(0)C-142.png,9,9,0.79457456,olea,olea,Correct
223,olea/Ole.O.euroX400wF(4263)(0)C-146.png,9,9,0.78520906,olea,olea,Correct
224,olea/Ole.O.euroX400wF(4263)(0)C-15.png,9,9,0.78348994,olea,olea,Correct
225,olea/Ole.O.euroX400wF(4263)(0)C-153.png,9,9,0.7847071,olea,olea,Correct
226,olea/Ole.O.euroX400wF(4263)(0)C-158.png,9,9,0.786343,olea,olea,Correct
227,olea/Ole.O.euroX400wF(4263)(0)C-172.png,9,9,0.7943425,olea,olea,Correct
228,olea/Ole.O.euroX400wF(4263)(0)C-182.png,9,9,0.7341721,olea,olea,Correct
229,olea/Ole.O.euroX400wF(4263)(0)C-184.png,9,9,0.7783776,olea,olea,Correct
230,olea/Ole.O.euroX400wF(4263)(0)C-19.png,9,9,0.7965978,olea,olea,Correct
231,olea/Ole.O.euroX400wF(4263)(0)C-41.png,9,9,0.79378253,olea,olea,Correct
232,olea/Ole.O.euroX400wF(4263)(0)C-50.png,9,9,0.7822853,olea,olea,Correct
233,olea/Ole.O.euroX400wF(4263)(0)C-52.png,9,9,0.76336527,olea,olea,Correct
234,olea/Ole.O.euroX400wF(4263)(0)C-53.png,9,9,0.7907577,olea,olea,Correct
235,olea/Ole.O.euroX400wF(4263)(0)C-57.png,9,9,0.789005,olea,olea,Correct
236,olea/Ole.O.euroX400wF(4263)(0)C-86.png,9,9,0.7917625,olea,olea,Correct
237,olea/Ole.O.euroX400wF(4263)(0)C-90.png,9,9,0.7764727,olea,olea,Correct
238,olea/Ole.O.euroX400wF(4264)(0)D-103.png,9,9,0.78359956,olea,olea,Correct
239,olea/Ole.O.euroX400wF(4264)(0)D-112.png,9,9,0.7814205,olea,olea,Correct
240,olea/Ole.O.euroX400wF(4264)(0)D-140.png,9,9,0.7882241,olea,olea,Correct
241,olea/Ole.O.euroX400wF(4264)(0)D-153.png,9,9,0.7934179,olea,olea,Correct
242,olea/Ole.O.euroX400wF(4264)(0)D-16.png,9,9,0.78234845,olea,olea,Correct
243,olea/Ole.O.euroX400wF(4264)(0)D-27.png,9,9,0.7864214,olea,olea,Correct
244,olea/Ole.O.euroX400wF(4264)(0)D-28.png,9,9,0.7837396,olea,olea,Correct
245,olea/Ole.O.euroX400wF(4264)(0)D-33.png,9,9,0.77317387,olea,olea,Correct
246,olea/Ole.O.euroX400wF(4264)(0)D-37.png,9,9,0.7863898,olea,olea,Correct
247,olea/Ole.O.euroX400wF(4264)(0)D-45.png,9,9,0.78231025,olea,olea,Correct
248,olea/Ole.O.euroX400wF(4264)(0)D-49.png,9,9,0.7858347,olea,olea,Correct
249,olea/Ole.O.euroX400wF(4264)(0)D-54.png,9,9,0.78724587,olea,olea,Correct
250,olea/Ole.O.euroX400wF(4264)(0)D-63.png,9,9,0.7788861,olea,olea,Correct
251,olea/Ole.O.euroX400wF(4264)(0)D-68.png,9,9,0.7947942,olea,olea,Correct
252,olea/Ole.O.euroX400wF(4264)(0)D-7.png,9,9,0.79223096,olea,olea,Correct
253,olea/Ole.O.euroX400wF(4264)(0)D-99.png,9,9,0.78259057,olea,olea,Correct
254,olea/Ole.O.euroX400wF(4265)(0)E-10.png,9,9,0.7789123,olea,olea,Correct
255,olea/Ole.O.euroX400wF(4265)(0)E-107.png,9,9,0.7973828,olea,olea,Correct
256,olea/Ole.O.euroX400wF(4265)(0)E-108.png,9,9,0.7772704,olea,olea,Correct
257,olea/Ole.O.euroX400wF(4265)(0)E-113.png,9,9,0.7924924,olea,olea,Correct
258,olea/Ole.O.euroX400wF(4265)(0)E-114.png,9,9,0.7863601,olea,olea,Correct
259,olea/Ole.O.euroX400wF(4265)(0)E-117.png,9,9,0.79678357,olea,olea,Correct
260,olea/Ole.O.euroX400wF(4265)(0)E-125.png,9,9,0.78489405,olea,olea,Correct
261,olea/Ole.O.euroX400wF(4265)(0)E-144.png,9,9,0.7899357,olea,olea,Correct
262,olea/Ole.O.euroX400wF(4265)(0)E-16.png,9,9,0.79223824,olea,olea,Correct
263,olea/Ole.O.euroX400wF(4265)(0)E-165.png,9,9,0.7954892,olea,olea,Correct
264,olea/Ole.O.euroX400wF(4265)(0)E-184.png,9,9,0.7933769,olea,olea,Correct
265,olea/Ole.O.euroX400wF(4265)(0)E-185.png,9,9,0.78614295,olea,olea,Correct
266,olea/Ole.O.euroX400wF(4265)(0)E-31.png,9,9,0.7769461,olea,olea,Correct
267,olea/Ole.O.euroX400wF(4265)(0)E-42.png,9,9,0.7975188,olea,olea,Correct
268,olea/Ole.O.euroX400wF(4265)(0)E-54.png,9,9,0.8035295,olea,olea,Correct
269,olea/Ole.O.euroX400wF(4265)(0)E-63.png,9,9,0.77659506,olea,olea,Correct
270,olea/Ole.O.euroX400wF(4265)(0)E-68.png,9,9,0.79774624,olea,olea,Correct
271,olea/Ole.O.euroX400wF(4265)(0)E-84.png,9,9,0.7980998,olea,olea,Correct
272,olea/Ole.O.euroX400wF(4266)(0)F-114.png,9,9,0.7908908,olea,olea,Correct
273,olea/Ole.O.euroX400wF(4266)(0)F-119.png,9,9,0.800327,olea,olea,Correct
274,olea/Ole.O.euroX400wF(4266)(0)F-146.png,9,9,0.7839667,olea,olea,Correct
275,olea/Ole.O.euroX400wF(4266)(0)F-25.png,9,9,0.7863949,olea,olea,Correct
276,olea/Ole.O.euroX400wF(4266)(0)F-28.png,9,9,0.7806777,olea,olea,Correct
277,olea/Ole.O.euroX400wF(4266)(0)F-36.png,9,9,0.7818607,olea,olea,Correct
278,olea/Ole.O.euroX400wF(4266)(0)F-41.png,9,9,0.7898213,olea,olea,Correct
279,olea/Ole.O.euroX400wF(4266)(0)F-48.png,9,9,0.7942287,olea,olea,Correct
280,olea/Ole.O.euroX400wF(4266)(0)F-62.png,9,9,0.7827536,olea,olea,Correct
281,olea/Ole.O.euroX400wF(4266)(0)F-76.png,9,9,0.79077286,olea,olea,Correct
282,olea/Ole.O.euroX400wF(4266)(0)F-77.png,9,9,0.7841731,olea,olea,Correct
283,olea/Ole.O.euroX400wF(4266)(0)F-82.png,9,9,0.79412717,olea,olea,Correct
284,olea/Ole.O.euroX400wF(4266)(0)F-92.png,9,9,0.77295935,olea,olea,Correct
285,origanum/Lam.O.micX400wF(884)(0)A-14.png,10,10,0.78978217,origanum,origanum,Correct
286,origanum/Lam.O.micX400wF(885)(0)B-6.png,10,10,0.7977196,origanum,origanum,Correct
287,origanum/Lam.O.micX400wF(885)(0)B-9.png,10,10,0.8069855,origanum,origanum,Correct
288,origanum/Lam.O.micX400wF(886)(0)C-13.png,10,10,0.78672,origanum,origanum,Correct
289,origanum/Lam.O.micX400wF(886)(0)C-14.png,10,10,0.77715975,origanum,origanum,Correct
290,origanum/Lam.O.micX400wF(886)(0)C-17.png,10,10,0.7909537,origanum,origanum,Correct
291,origanum/Lam.O.micX400wF(886)(0)C-34.png,10,10,0.7883642,origanum,origanum,Correct
292,origanum/Lam.O.micX400wF(886)(0)C-44.png,10,10,0.77901816,origanum,origanum,Correct
293,origanum/Lam.O.micX400wF(886)(0)C-63.png,10,10,0.78817695,origanum,origanum,Correct
294,origanum/Lam.O.micX400wF(888)(0)E-6.png,10,10,0.7839414,origanum,origanum,Correct
295,origanum/Lam.O.micX400wF(889)(0)F-10.png,10,10,0.78773326,origanum,origanum,Correct
296,origanum/Lam.O.micX400wF(889)(0)F-13.png,10,10,0.80496514,origanum,origanum,Correct
297,origanum/Lam.O.micX400wF(889)(0)F-16.png,10,10,0.80362284,origanum,origanum,Correct
298,origanum/Lam.O.micX400wF(889)(0)F-31.png,10,10,0.78063464,origanum,origanum,Correct
299,origanum/Lam.O.micX400wF(889)(0)F-33.png,10,10,0.793851,origanum,origanum,Correct
300,origanum/Lam.O.micX400wF(889)(0)F-37.png,10,10,0.7892272,origanum,origanum,Correct
301,origanum/Lam.O.micX400wF(889)(0)F-62.png,10,10,0.7742868,origanum,origanum,Correct
302,origanum/Lam.O.micX400wF(889)(0)F-65.png,10,10,0.79022557,origanum,origanum,Correct
303,oxalis/Oxa.O.pes.cX400wF(1733)(0)A-13.png,11,11,0.76862866,oxalis,oxalis,Correct
304,oxalis/Oxa.O.pes.cX400wF(1733)(0)A-8.png,11,11,0.78102255,oxalis,oxalis,Correct
305,oxalis/Oxa.O.pes.cX400wF(1734)(0)B-6.png,11,11,0.78388387,oxalis,oxalis,Correct
306,oxalis/Oxa.O.pes.cX400wF(1735)(0)C-5.png,11,11,0.7685898,oxalis,oxalis,Correct
307,oxalis/Oxa.O.pes.cX400wF(1736)(0)D-4.png,11,11,0.79088134,oxalis,oxalis,Correct
308,oxalis/Oxa.O.pes.cX400wF(1736)(0)D-7.png,11,11,0.74065983,oxalis,oxalis,Correct
309,oxalis/Oxa.O.pes.cX400wF(1737)(1736)E-7.png,11,11,0.76651734,oxalis,oxalis,Correct
310,oxalis/Oxa.O.pes.cX400wF(1738)(0)F-7.png,11,11,0.7630708,oxalis,oxalis,Correct
311,oxalis/Oxa.O.pes.cX400wF(1739)(0)G-1.png,11,11,0.7653291,oxalis,oxalis,Correct
312,oxalis/Oxa.O.pes.cX400wF(1740)(0)H-10.png,11,11,0.777402,oxalis,oxalis,Correct
313,oxalis/Oxa.O.pes.cX400wF(1741)(0)I-13.png,11,11,0.7074231,oxalis,oxalis,Correct
314,oxalis/Oxa.O.pes.cX400wF(1742)(1741)J-10.png,11,11,0.7583122,oxalis,oxalis,Correct
315,oxalis/Oxa.O.pes.cX400wF(1742)(1741)J-4.png,11,11,0.7786605,oxalis,oxalis,Correct
316,pinus/Pin.P.brutX400wF(3174)(0)D-2.png,12,12,0.86345464,pinus,pinus,Correct
317,pinus/Pin.P.brutX400wF(3175)(0)E-2.png,12,12,0.8550268,pinus,pinus,Correct
318,pinus/Pin.P.brutX400wF(3177)(0)G-3.png,12,12,0.8665779,pinus,pinus,Correct
319,pistacia/Ana.P.tereX400wF(3222)(0)A-5.png,13,13,0.8015412,pistacia,pistacia,Correct
320,pistacia/Ana.P.tereX400wF(3222)(0)A-7.png,13,13,0.80496657,pistacia,pistacia,Correct
321,pistacia/Ana.P.tereX400wF(3224)(0)C-11.png,13,13,0.80442715,pistacia,pistacia,Correct
322,pistacia/Ana.P.tereX400wF(3224)(0)C-3.png,13,13,0.78983873,pistacia,pistacia,Correct
323,salvia/Lam.S.triX400wF(2188)(0)A-2.png,14,14,0.7967528,salvia,salvia,Correct
324,salvia/Lam.S.triX400wF(2189)(0)B-22.png,14,14,0.80355716,salvia,salvia,Correct
325,salvia/Lam.S.triX400wF(2189)(0)B-23.png,14,14,0.8179994,salvia,salvia,Correct
326,salvia/Lam.S.triX400wF(2189)(0)B-24.png,14,14,0.8010702,salvia,salvia,Correct
327,salvia/Lam.S.triX400wF(2189)(0)B-3.png,14,14,0.81410074,salvia,salvia,Correct
328,salvia/Lam.S.triX400wF(2189)(0)B-31.png,14,14,0.8099984,salvia,salvia,Correct
329,salvia/Lam.S.triX400wF(2189)(0)B-48.png,14,14,0.8068326,salvia,salvia,Correct
330,salvia/Lam.S.triX400wF(2189)(0)B-52.png,14,14,0.7152918,salvia,salvia,Correct
331,salvia/Lam.S.triX400wF(2189)(0)B-54.png,14,14,0.80861145,salvia,salvia,Correct
332,salvia/Lam.S.triX400wF(2189)(0)B-9.png,14,14,0.81511503,salvia,salvia,Correct
333,salvia/Lam.S.triX400wF(2190)(0)C-11.png,14,14,0.8010663,salvia,salvia,Correct
334,salvia/Lam.S.triX400wF(2190)(0)C-38.png,14,14,0.80416787,salvia,salvia,Correct
335,salvia/Lam.S.triX400wF(2191)(0)D-2.png,14,14,0.81513005,salvia,salvia,Correct
336,salvia/Lam.S.triX400wF(2191)(0)D-47.png,14,14,0.8067398,salvia,salvia,Correct
337,salvia/Lam.S.triX400wF(2191)(0)D-6.png,14,14,0.8117034,salvia,salvia,Correct
338,salvia/Lam.S.triX400wF(2193)(0)F-15.png,14,14,0.8117973,salvia,salvia,Correct
339,salvia/Lam.S.triX400wF(2193)(0)F-20.png,14,14,0.8225385,salvia,salvia,Correct
340,salvia/Lam.S.triX400wF(2193)(0)F-3.png,14,14,0.82352763,salvia,salvia,Correct
341,satureja/Lam.S.thyX400wF(942)(935)B-1.png,15,15,0.43373093,satureja,satureja,Correct
342,satureja/Lam.S.thyX400wF(942)(935)B-3.png,15,15,0.6110599,satureja,satureja,Correct
343,satureja/Lam.S.thyX400wF(944)(940)E-1.png,15,15,0.62886274,satureja,satureja,Correct
344,satureja/Lam.S.thyX400wF(944)(940)E-21.png,15,15,0.45804247,satureja,satureja,Correct
345,satureja/Lam.S.thyX400wF(944)(940)E-22.png,15,15,0.62484485,satureja,satureja,Correct
346,satureja/Lam.S.thyX400wF(944)(940)E-5.png,15,15,0.5941251,satureja,satureja,Correct
347,satureja/Lam.S.thyX400wF(946)(0)G-4.png,15,15,0.61721635,satureja,satureja,Correct
348,sinapis/Bra.S.albX400wF(2150)(0)A-12.png,16,16,0.78840864,sinapis,sinapis,Correct
349,sinapis/Bra.S.albX400wF(2150)(0)A-4.png,16,16,0.78338724,sinapis,sinapis,Correct
350,sinapis/Bra.S.albX400wF(2151)(0)B-22.png,16,16,0.792576,sinapis,sinapis,Correct
351,sinapis/Bra.S.albX400wF(2151)(0)B-3.png,16,16,0.8008992,sinapis,sinapis,Correct
352,sinapis/Bra.S.albX400wF(2152)(0)C-16.png,16,16,0.77110803,sinapis,sinapis,Correct
353,sinapis/Bra.S.albX400wF(2152)(0)C-17.png,16,16,0.7982394,sinapis,sinapis,Correct
354,sinapis/Bra.S.albX400wF(2152)(0)C-23.png,16,16,0.77315557,sinapis,sinapis,Correct
355,sinapis/Bra.S.albX400wF(2152)(0)C-24.png,16,16,0.7993288,sinapis,sinapis,Correct
356,sinapis/Bra.S.albX400wF(2152)(0)C-29.png,16,16,0.7753135,sinapis,sinapis,Correct
357,sinapis/Bra.S.albX400wF(2153)(0)D-21.png,16,16,0.34585848,sinapis,sinapis,Correct
358,sinapis/Bra.S.albX400wF(2153)(0)D-24.png,16,16,0.80193454,sinapis,sinapis,Correct
359,sinapis/Bra.S.albX400wF(2153)(0)D-4.png,16,16,0.78430426,sinapis,sinapis,Correct
360,sinapis/Bra.S.albX400wF(2153)(0)D-5.png,16,16,0.78034717,sinapis,sinapis,Correct
361,sinapis/Bra.S.albX400wF(2154)(0)E-23.png,16,16,0.79248655,sinapis,sinapis,Correct
362,sinapis/Bra.S.albX400wF(2155)(0)F-13.png,16,16,0.7950009,sinapis,sinapis,Correct
363,sinapis/IMG_3706-13.png,16,16,0.78401846,sinapis,sinapis,Correct
364,sinapis/IMG_3706-15.png,16,16,0.7871578,sinapis,sinapis,Correct
365,sinapis/IMG_3706-2.png,16,16,0.80624247,sinapis,sinapis,Correct
366,sinapis/IMG_3706-5.png,16,16,0.79595715,sinapis,sinapis,Correct
368,thymbra/Lam.T.capX400wF(1030)(0)B-2.png,17,17,0.8076814,thymbra,thymbra,Correct
369,thymbra/Lam.T.capX400wF(1030)(0)B-5.png,17,17,0.81241727,thymbra,thymbra,Correct
370,thymbra/Lam.T.capX400wF(1030)(0)B-8.png,17,17,0.79861814,thymbra,thymbra,Correct
371,thymbra/Lam.T.capX400wF(1032)(0)D-1.png,17,17,0.7003601,thymbra,thymbra,Correct
372,thymbra/Lam.T.capX400wF(1032)(0)D-3.png,17,17,0.79865736,thymbra,thymbra,Correct
373,thymbra/Lam.T.capX400wF(1032)(0)D-7.png,17,17,0.7842829,thymbra,thymbra,Correct
374,thymbra/Lam.T.capX400wF(1033)(0)E-10.png,17,17,0.8082584,thymbra,thymbra,Correct
375,thymbra/Lam.T.capX400wF(1033)(0)E-11.png,17,17,0.83198535,thymbra,thymbra,Correct
376,thymbra/x40 f (3)-2.png,17,17,0.81569576,thymbra,thymbra,Correct
377,thymbra/x40 f (5)-1.png,17,17,0.51321185,thymbra,thymbra,Correct
378,thymbra/x40 f (5)-12.png,17,17,0.8183244,thymbra,thymbra,Correct
379,thymbra/x40 f (5)-15.png,17,17,0.7942417,thymbra,thymbra,Correct
380,thymbra/x40 f (6)-6.png,17,17,0.80473286,thymbra,thymbra,Correct
381,thymbra/x40 f (7)-2.png,17,17,0.8148756,thymbra,thymbra,Correct
382,urginea/Asp.U.marX400wF(5317)(0)A-2.png,18,18,0.8348557,urginea,urginea,Correct
383,urginea/Asp.U.marX400wF(5318)(0)B-4.png,18,18,0.7968867,urginea,urginea,Correct
384,urginea/Asp.U.marX400wF(5319)(0)C-13.png,18,18,0.8136767,urginea,urginea,Correct
385,urginea/Asp.U.marX400wF(5319)(0)C-3.png,18,18,0.77482617,urginea,urginea,Correct
387,urginea/Asp.U.marX400wF(5320)(0)D-5.png,18,18,0.7974761,urginea,urginea,Correct
388,urginea/Asp.U.marX400wF(5321)(0)E-4.png,18,18,0.82421595,urginea,urginea,Correct
389,urginea/Asp.U.marX400wF(5323)(0)G-1.png,18,18,0.8118994,urginea,urginea,Correct
390,urginea/Asp.U.marX400wF(5323)(0)G-7.png,18,18,0.8189049,urginea,urginea,Correct
391,urginea/Asp.U.marX400wF(5323)(0)G-9.png,18,18,0.8158813,urginea,urginea,Correct
392,urginea/Asp.U.marX400wF(5324)(0)H-3.png,18,18,0.80869013,urginea,urginea,Correct
393,vitis/Vit.V.viniX400wF(4978)(0)A-21.png,19,19,0.86180675,vitis,vitis,Correct
394,vitis/Vit.V.viniX400wF(4978)(0)A-27.png,19,19,0.8933242,vitis,vitis,Correct
395,vitis/Vit.V.viniX400wF(4979)(0)B-7.png,19,19,0.9009905,vitis,vitis,Correct
396,vitis/Vit.V.viniX400wF(4980)(0)C-12.png,19,19,0.9039937,vitis,vitis,Correct
397,vitis/Vit.V.viniX400wF(4980)(0)C-15.png,19,19,0.8920493,vitis,vitis,Correct
398,vitis/Vit.V.viniX400wF(4980)(0)C-2.png,19,19,0.81479084,vitis,vitis,Correct
399,vitis/Vit.V.viniX400wF(4980)(0)C-6.png,19,19,0.85570955,vitis,vitis,Correct
400,vitis/Vit.V.viniX400wF(4981)(0)D-15.png,19,19,0.90479726,vitis,vitis,Correct
401,vitis/Vit.V.viniX400wF(4981)(0)D-18.png,19,19,0.8983463,vitis,vitis,Correct
402,vitis/Vit.V.viniX400wF(4981)(0)D-43.png,19,19,0.90693176,vitis,vitis,Correct
403,vitis/Vit.V.viniX400wF(4981)(0)D-8.png,19,19,0.8907201,vitis,vitis,Correct
404,vitis/Vit.V.viniX400wF(4982)(0)E-14.png,19,19,0.907836,vitis,vitis,Correct
405,vitis/Vit.V.viniX400wF(4982)(0)E-18.png,19,19,0.8942634,vitis,vitis,Correct
406,vitis/Vit.V.viniX400wF(4982)(0)E-21.png,19,19,0.6261017,vitis,vitis,Correct
407,vitis/Vit.V.viniX400wF(4982)(0)E-41.png,19,19,0.9074181,vitis,vitis,Correct
408,vitis/Vit.V.viniX400wF(4983)(0)F-17.png,19,19,0.8937921,vitis,vitis,Correct
409,vitis/Vit.V.viniX400wF(4983)(0)F-18.png,19,19,0.8763561,vitis,vitis,Correct
410,vitis/Vit.V.viniX400wF(4983)(0)F-21.png,19,19,0.8590127,vitis,vitis,Correct
411,vitis/Vit.V.viniX400wF(4984)(0)G-19.png,19,19,0.8896488,vitis,vitis,Correct
412,vitis/Vit.V.viniX400wF(4984)(0)G-24.png,19,19,0.89302194,vitis,vitis,Correct
413,vitis/Vit.V.viniX400wF(4984)(0)G-51.png,19,19,0.90707815,vitis,vitis,Correct
414,vitis/Vit.V.viniX400wF(4984)(0)G-6.png,19,19,0.7908539,vitis,vitis,Correct
415,vitis/Vit.V.viniX400wF(4985)(0)H-17.png,19,19,0.8653222,vitis,vitis,Correct
416,vitis/Vit.V.viniX400wF(4985)(0)H-18.png,19,19,0.9103386,vitis,vitis,Correct
417,vitis/Vit.V.viniX400wF(4985)(0)H-33.png,19,19,0.8967867,vitis,vitis,Correct
418,vitis/Vit.V.viniX400wF(4985)(0)H-37.png,19,19,0.90912944,vitis,vitis,Correct
419,vitis/Vit.V.viniX400wF(4985)(0)H-41.png,19,19,0.9061558,vitis,vitis,Correct
0,asphodelus/Asp.A.ramX400wF(1984)(0)A-3.png,0,0,0.897638,asphodelus,asphodelus,Correct
1,asphodelus/Asp.A.ramX400wF(1987)(0)D-4.png,0,0,0.8920334,asphodelus,asphodelus,Correct
2,asphodelus/Asp.A.ramX400wF(1989)(0)F-2.png,0,0,0.8870283,asphodelus,asphodelus,Correct
3,asphodelus/Asp.A.ramX400wF(1989)(0)F-4.png,0,0,0.8897622,asphodelus,asphodelus,Correct
4,calicotome/Fab.C.vilX400wF(2016)(0)A-12.png,1,1,0.81858087,calicotome,calicotome,Correct
5,calicotome/Fab.C.vilX400wF(2016)(0)A-6.png,1,1,0.82587034,calicotome,calicotome,Correct
6,calicotome/Fab.C.vilX400wF(2017)(0)B-15.png,1,1,0.8022681,calicotome,calicotome,Correct
7,calicotome/Fab.C.vilX400wF(2017)(0)B-17.png,1,1,0.8232329,calicotome,calicotome,Correct
8,calicotome/Fab.C.vilX400wF(2017)(0)B-8.png,1,1,0.8132818,calicotome,calicotome,Correct
9,calicotome/Fab.C.vilX400wF(2018)(0)C-2.png,1,1,0.7797618,calicotome,calicotome,Correct
10,calicotome/Fab.C.vilX400wF(2019)(0)D-101.png,1,1,0.82303566,calicotome,calicotome,Correct
11,calicotome/Fab.C.vilX400wF(2019)(0)D-108.png,1,1,0.8228269,calicotome,calicotome,Correct
12,calicotome/Fab.C.vilX400wF(2019)(0)D-12.png,1,1,0.8202344,calicotome,calicotome,Correct
13,calicotome/Fab.C.vilX400wF(2019)(0)D-23.png,1,1,0.8278945,calicotome,calicotome,Correct
14,calicotome/Fab.C.vilX400wF(2019)(0)D-40.png,1,1,0.8226305,calicotome,calicotome,Correct
15,calicotome/Fab.C.vilX400wF(2019)(0)D-46.png,1,1,0.8331414,calicotome,calicotome,Correct
16,calicotome/Fab.C.vilX400wF(2019)(0)D-47.png,1,1,0.8269843,calicotome,calicotome,Correct
17,calicotome/Fab.C.vilX400wF(2019)(0)D-49.png,1,1,0.82692,calicotome,calicotome,Correct
18,calicotome/Fab.C.vilX400wF(2019)(0)D-52.png,1,1,0.8255943,calicotome,calicotome,Correct
19,calicotome/Fab.C.vilX400wF(2019)(0)D-54.png,1,1,0.82863814,calicotome,calicotome,Correct
20,calicotome/Fab.C.vilX400wF(2019)(0)D-65.png,1,1,0.8283438,calicotome,calicotome,Correct
21,calicotome/Fab.C.vilX400wF(2019)(0)D-80.png,1,1,0.8247809,calicotome,calicotome,Correct
22,calicotome/Fab.C.vilX400wF(2019)(0)D-85.png,1,1,0.83076304,calicotome,calicotome,Correct
23,calicotome/Fab.C.vilX400wF(2020)(0)E-109.png,1,1,0.8278516,calicotome,calicotome,Correct
24,calicotome/Fab.C.vilX400wF(2020)(0)E-13.png,1,1,0.8250358,calicotome,calicotome,Correct
25,calicotome/Fab.C.vilX400wF(2020)(0)E-40.png,1,1,0.81910926,calicotome,calicotome,Correct
26,calicotome/Fab.C.vilX400wF(2020)(0)E-42.png,1,1,0.8281728,calicotome,calicotome,Correct
27,calicotome/Fab.C.vilX400wF(2020)(0)E-44.png,1,1,0.82981455,calicotome,calicotome,Correct
28,calicotome/Fab.C.vilX400wF(2020)(0)E-46.png,1,1,0.8269623,calicotome,calicotome,Correct
29,calicotome/Fab.C.vilX400wF(2020)(0)E-63.png,1,1,0.82583946,calicotome,calicotome,Correct
30,calicotome/Fab.C.vilX400wF(2020)(0)E-79.png,1,1,0.82592356,calicotome,calicotome,Correct
31,calicotome/Fab.C.vilX400wF(2020)(0)E-97.png,1,1,0.82082886,calicotome,calicotome,Correct
32,calicotome/Fab.C.vilX400wF(2020)(0)E-98.png,1,1,0.8263311,calicotome,calicotome,Correct
33,castanea/Fag.C.satX400wF(781)(0)A-21.png,2,2,0.8878352,castanea,castanea,Correct
34,castanea/Fag.C.satX400wF(781)(0)A-29.png,2,2,0.8996952,castanea,castanea,Correct
35,castanea/Fag.C.satX400wF(781)(0)A-31.png,2,2,0.89738184,castanea,castanea,Correct
36,castanea/Fag.C.satX400wF(781)(0)A-37.png,2,2,0.888124,castanea,castanea,Correct
37,castanea/Fag.C.satX400wF(781)(0)A-41.png,2,2,0.8988829,castanea,castanea,Correct
38,castanea/Fag.C.satX400wF(782)(0)B-12.png,2,2,0.893556,castanea,castanea,Correct
39,castanea/Fag.C.satX400wF(782)(0)B-15.png,2,2,0.8989508,castanea,castanea,Correct
40,castanea/Fag.C.satX400wF(782)(0)B-3.png,2,2,0.8882053,castanea,castanea,Correct
41,castanea/Fag.C.satX400wF(782)(0)B-8.png,2,2,0.8809975,castanea,castanea,Correct
42,castanea/Fag.C.satX400wF(782)(0)B-9.png,2,2,0.8883145,castanea,castanea,Correct
43,castanea/Fag.C.satX400wF(783)(0)C-4.png,2,2,0.89501476,castanea,castanea,Correct
44,castanea/Fag.C.satX400wF(784)(0)D-19.png,2,2,0.8949721,castanea,castanea,Correct
45,castanea/Fag.C.satX400wF(784)(0)D-22.png,2,2,0.89598286,castanea,castanea,Correct
46,castanea/Fag.C.satX400wF(792)(781)G-11.png,2,2,0.89455515,castanea,castanea,Correct
47,castanea/Fag.C.satX400wF(792)(781)G-32.png,2,2,0.8966067,castanea,castanea,Correct
48,castanea/Fag.C.satX400wF(792)(781)G-41.png,2,2,0.8958321,castanea,castanea,Correct
49,castanea/Fag.C.satX400wF(793)(781)H-26.png,2,2,0.90105754,castanea,castanea,Correct
50,castanea/Fag.C.satX400wF(793)(781)H-27.png,2,2,0.8963973,castanea,castanea,Correct
51,castanea/Fag.C.satX400wF(793)(781)H-30.png,2,2,0.89634264,castanea,castanea,Correct
52,castanea/Fag.C.satX400wF(793)(781)H-37.png,2,2,0.89937025,castanea,castanea,Correct
53,castanea/Fag.C.satX400wF(793)(781)H-39.png,2,2,0.89453536,castanea,castanea,Correct
54,castanea/Fag.C.satX400wF(793)(781)H-43.png,2,2,0.8979206,castanea,castanea,Correct
55,ceratonia/Fab.C.silX400wF(475)(0)A-1.png,3,3,0.8683656,ceratonia,ceratonia,Correct
56,ceratonia/Fab.C.silX400wF(475)(0)A-7.png,3,3,0.8657827,ceratonia,ceratonia,Correct
57,ceratonia/Fab.C.silX400wF(476)(0)B-4.png,3,3,0.8751484,ceratonia,ceratonia,Correct
58,ceratonia/Fab.C.silX400wF(476)(0)B-6.png,3,3,0.67713886,ceratonia,ceratonia,Correct
59,ceratonia/Fab.C.silX400wF(476)(0)B-9.png,3,3,0.8687002,ceratonia,ceratonia,Correct
60,ceratonia/Fab.C.silX400wF(478)(0)D-1.png,3,3,0.8741396,ceratonia,ceratonia,Correct
61,ceratonia/Fab.C.silX400wF(478)(0)D-7.png,3,3,0.87657785,ceratonia,ceratonia,Correct
63,ceratonia/Fab.C.silX400wF(479)(0)E-6.png,3,3,0.8443743,ceratonia,ceratonia,Correct
64,ceratonia/Fab.C.silX400wF(481)(0)G-13.png,3,3,0.8681087,ceratonia,ceratonia,Correct
66,ebenus/Fab.E.creX400wF(695)(0)C-2.png,4,4,0.8381869,ebenus,ebenus,Correct
67,erica/Eri.E.maniX400wF(5355)(0)A-11.png,5,5,0.88870317,erica,erica,Correct
68,erica/Eri.E.maniX400wF(5355)(0)A-15.png,5,5,0.8934315,erica,erica,Correct
69,erica/Eri.E.maniX400wF(5355)(0)A-16.png,5,5,0.89655215,erica,erica,Correct
70,erica/Eri.E.maniX400wF(5355)(0)A-4.png,5,5,0.8946525,erica,erica,Correct
71,erica/Eri.E.maniX400wF(5356)(0)B-13.png,5,5,0.8929128,erica,erica,Correct
72,erica/Eri.E.maniX400wF(5356)(0)B-7.png,5,5,0.88430804,erica,erica,Correct
73,erica/Eri.E.maniX400wF(5357)(0)C-17.png,5,5,0.90184814,erica,erica,Correct
74,erica/Eri.E.maniX400wF(5357)(0)C-19.png,5,5,0.900642,erica,erica,Correct
75,erica/Eri.E.maniX400wF(5357)(0)C-5.png,5,5,0.8950964,erica,erica,Correct
76,erica/Eri.E.maniX400wF(5358)(0)D-3.png,5,5,0.89448833,erica,erica,Correct
77,erica/Eri.E.maniX400wF(5359)(0)E-10.png,5,5,0.8798517,erica,erica,Correct
78,erica/Eri.E.maniX400wF(5359)(0)E-20.png,5,5,0.8976353,erica,erica,Correct
79,erica/Eri.E.maniX400wF(5359)(0)E-21.png,5,5,0.8852048,erica,erica,Correct
80,erica/Eri.E.maniX400wF(5359)(0)E-7.png,5,5,0.87464833,erica,erica,Correct
81,erica/Eri.E.maniX400wF(5360)(0)F-13.png,5,5,0.8865267,erica,erica,Correct
82,erica/Eri.E.maniX400wF(5361)(0)G-9.png,5,5,0.89462465,erica,erica,Correct
83,erica/Eri.E.maniX400wF(5362)(0)H-2.png,5,5,0.89128417,erica,erica,Correct
84,erica/Eri.E.maniX400wF(5362)(0)H-28.png,5,5,0.88513756,erica,erica,Correct
85,eucalyptus/Myr.E.camaX400wF(1867)(0)B-4.png,6,6,0.85645795,eucalyptus,eucalyptus,Correct
86,eucalyptus/Myr.E.camaX400wF(1867)(0)B-7_2.png,6,6,0.8496282,eucalyptus,eucalyptus,Correct
87,eucalyptus/Myr.E.camaX400wF(1868)(0)C-6_2.png,6,6,0.8510367,eucalyptus,eucalyptus,Correct
88,eucalyptus/Myr.E.camaX400wF(1869)(0)D-3.png,6,6,0.86007315,eucalyptus,eucalyptus,Correct
89,eucalyptus/Myr.E.camaX400wF(1869)(0)D-5_2.png,6,6,0.85072416,eucalyptus,eucalyptus,Correct
90,eucalyptus/Myr.E.camaX400wF(1870)(0)E-2_2.png,6,6,0.84851795,eucalyptus,eucalyptus,Correct
91,eucalyptus/Myr.E.camaX400wF(1871)(0)F-11.png,6,6,0.8370545,eucalyptus,eucalyptus,Correct
92,eucalyptus/Myr.E.camaX400wF(1871)(0)F-3_2.png,6,6,0.85282874,eucalyptus,eucalyptus,Correct
93,eucalyptus/Myr.E.camaX400wF(1871)(0)F-9.png,6,6,0.8404767,eucalyptus,eucalyptus,Correct
94,eucalyptus/Myr.E.camaX400wF(1872)(0)G-11_2.png,6,6,0.85048026,eucalyptus,eucalyptus,Correct
95,eucalyptus/Myr.E.camaX400wF(1872)(0)G-7.png,6,6,0.8436741,eucalyptus,eucalyptus,Correct
96,eucalyptus/Myr.E.camaX400wF(2962)(0)H-19_2.png,6,6,0.8482845,eucalyptus,eucalyptus,Correct
97,eucalyptus/Myr.E.camaX400wF(2962)(0)H-24.png,6,6,0.8335076,eucalyptus,eucalyptus,Correct
98,eucalyptus/Myr.E.camaX400wF(2962)(0)H-4.png,6,6,0.8422414,eucalyptus,eucalyptus,Correct
99,eucalyptus/Myr.E.camaX400wF(2962)(0)H-9.png,6,6,0.8581948,eucalyptus,eucalyptus,Correct
100,eucalyptus/Myr.E.camaX400wF(2963)(0)I-11.png,6,6,0.85652316,eucalyptus,eucalyptus,Correct
101,eucalyptus/Myr.E.camaX400wF(2963)(0)I-7_2.png,6,6,0.85117716,eucalyptus,eucalyptus,Correct
102,eucalyptus/Myr.E.camaX400wF(2964)(0)J-18_2.png,6,6,0.84841096,eucalyptus,eucalyptus,Correct
103,eucalyptus/Myr.E.camaX400wF(2964)(0)J-19_2.png,6,6,0.85390794,eucalyptus,eucalyptus,Correct
104,eucalyptus/Myr.E.camaX400wF(2964)(0)J-21.png,6,6,0.85896885,eucalyptus,eucalyptus,Correct
105,eucalyptus/Myr.E.camaX400wF(2964)(0)J-25.png,6,6,0.86465573,eucalyptus,eucalyptus,Correct
106,eucalyptus/Myr.E.camaX400wF(2964)(0)J-28.png,6,6,0.8580276,eucalyptus,eucalyptus,Correct
107,eucalyptus/Myr.E.camaX400wF(2964)(0)J-29_2.png,6,6,0.85543764,eucalyptus,eucalyptus,Correct
108,eucalyptus/Myr.E.camaX400wF(2964)(0)J-2_2.png,6,6,0.8483205,eucalyptus,eucalyptus,Correct
109,eucalyptus/Myr.E.camaX400wF(2964)(0)J-30.png,6,6,0.84121865,eucalyptus,eucalyptus,Correct
110,eucalyptus/Myr.E.camaX400wF(2964)(0)J-31_2.png,6,6,0.84940135,eucalyptus,eucalyptus,Correct
111,eucalyptus/Myr.E.camaX400wF(2964)(0)J-32_2.png,6,6,0.8455929,eucalyptus,eucalyptus,Correct
112,eucalyptus/Myr.E.camaX400wF(2964)(0)J-6.png,6,6,0.8590602,eucalyptus,eucalyptus,Correct
113,eucalyptus/Myr.E.camaX400wF(2964)(0)J-6_2.png,6,6,0.85057586,eucalyptus,eucalyptus,Correct
114,eucalyptus/Myr.E.camaX400wF(2965)(0)K-15.png,6,6,0.85365427,eucalyptus,eucalyptus,Correct
115,eucalyptus/Myr.E.camaX400wF(2965)(0)K-1_2.png,6,6,0.849755,eucalyptus,eucalyptus,Correct
116,eucalyptus/Myr.E.camaX400wF(2965)(0)K-3.png,6,6,0.8507502,eucalyptus,eucalyptus,Correct
117,eucalyptus/Myr.E.camaX400wF(2966)(0)L-10_2.png,6,6,0.84799016,eucalyptus,eucalyptus,Correct
118,eucalyptus/Myr.E.camaX400wF(2966)(0)L-2.png,6,6,0.8581273,eucalyptus,eucalyptus,Correct
119,ferula/Api.F.comX400wF(2135)(0)A-16.png,7,7,0.86375713,ferula,ferula,Correct
120,ferula/Api.F.comX400wF(2135)(0)A-4.png,7,7,0.859893,ferula,ferula,Correct
121,ferula/Api.F.comX400wF(2136)(0)B-8.png,7,7,0.859129,ferula,ferula,Correct
122,ferula/Api.F.comX400wF(2138)(0)D-15.png,7,7,0.85110193,ferula,ferula,Correct
123,ferula/Api.F.comX400wF(2138)(0)D-2.png,7,7,0.8622673,ferula,ferula,Correct
124,ferula/Api.F.comX400wF(2139)(0)E-13.png,7,7,0.86032635,ferula,ferula,Correct
125,ferula/Api.F.comX400wF(2139)(0)E-14.png,7,7,0.85211366,ferula,ferula,Correct
126,ferula/Api.F.comX400wF(2139)(0)E-15.png,7,7,0.84716624,ferula,ferula,Correct
127,ferula/Api.F.comX400wF(2139)(0)E-23.png,7,7,0.8720065,ferula,ferula,Correct
128,myrtus/IMG_3734-103.png,8,8,0.81292963,myrtus,myrtus,Correct
129,myrtus/IMG_3734-127.png,8,8,0.8075836,myrtus,myrtus,Correct
130,myrtus/IMG_3734-128.png,8,8,0.80616033,myrtus,myrtus,Correct
131,myrtus/IMG_3734-19.png,8,8,0.81049746,myrtus,myrtus,Correct
132,myrtus/IMG_3734-25.png,8,8,0.81372714,myrtus,myrtus,Correct
133,myrtus/IMG_3734-65.png,8,8,0.80874085,myrtus,myrtus,Correct
134,myrtus/IMG_3734-67.png,8,8,0.8078266,myrtus,myrtus,Correct
135,myrtus/IMG_3734-73.png,8,8,0.8092847,myrtus,myrtus,Correct
136,myrtus/IMG_3734-80.png,8,8,0.81048876,myrtus,myrtus,Correct
137,myrtus/IMG_3734-94.png,8,8,0.81208473,myrtus,myrtus,Correct
138,myrtus/IMG_3735-29.png,8,8,0.8049761,myrtus,myrtus,Correct
139,myrtus/IMG_3735-32.png,8,8,0.8124913,myrtus,myrtus,Correct
140,myrtus/IMG_3735-36.png,8,8,0.81181526,myrtus,myrtus,Correct
141,myrtus/IMG_3735-8.png,8,8,0.8083272,myrtus,myrtus,Correct
142,myrtus/IMG_3736-1.png,8,8,0.7944174,myrtus,myrtus,Correct
143,myrtus/IMG_3736-10.png,8,8,0.8122899,myrtus,myrtus,Correct
144,myrtus/IMG_3736-17.png,8,8,0.8105986,myrtus,myrtus,Correct
145,myrtus/IMG_3736-34.png,8,8,0.80496275,myrtus,myrtus,Correct
146,myrtus/IMG_3736-44.png,8,8,0.80907845,myrtus,myrtus,Correct
147,myrtus/IMG_3736-63.png,8,8,0.8162445,myrtus,myrtus,Correct
148,myrtus/IMG_3736-66.png,8,8,0.80724525,myrtus,myrtus,Correct
149,myrtus/IMG_3736-74.png,8,8,0.8096299,myrtus,myrtus,Correct
150,myrtus/IMG_3737-28.png,8,8,0.80838275,myrtus,myrtus,Correct
151,myrtus/IMG_3737-3.png,8,8,0.8119271,myrtus,myrtus,Correct
152,myrtus/IMG_3737-33.png,8,8,0.81234527,myrtus,myrtus,Correct
153,myrtus/IMG_3737-41.png,8,8,0.8039913,myrtus,myrtus,Correct
154,myrtus/IMG_3737-66.png,8,8,0.81256145,myrtus,myrtus,Correct
155,myrtus/IMG_3737-69.png,8,8,0.8114757,myrtus,myrtus,Correct
156,myrtus/IMG_3738-110.png,8,8,0.799889,myrtus,myrtus,Correct
157,myrtus/IMG_3738-111.png,8,8,0.81028944,myrtus,myrtus,Correct
158,myrtus/IMG_3738-117.png,8,8,0.81217486,myrtus,myrtus,Correct
159,myrtus/IMG_3738-126.png,8,8,0.81275296,myrtus,myrtus,Correct
160,myrtus/IMG_3738-13.png,8,8,0.80948365,myrtus,myrtus,Correct
161,myrtus/IMG_3738-138.png,8,8,0.8137843,myrtus,myrtus,Correct
162,myrtus/IMG_3738-143.png,8,8,0.8071899,myrtus,myrtus,Correct
163,myrtus/IMG_3738-154.png,8,8,0.80655146,myrtus,myrtus,Correct
164,myrtus/IMG_3738-22.png,8,8,0.8078617,myrtus,myrtus,Correct
165,myrtus/IMG_3738-23.png,8,8,0.8080883,myrtus,myrtus,Correct
166,myrtus/IMG_3738-33.png,8,8,0.81341255,myrtus,myrtus,Correct
167,myrtus/IMG_3738-43.png,8,8,0.8104301,myrtus,myrtus,Correct
168,myrtus/IMG_3738-44.png,8,8,0.8374049,myrtus,myrtus,Correct
169,myrtus/IMG_3738-57.png,8,8,0.80513436,myrtus,myrtus,Correct
170,myrtus/IMG_3738-61.png,8,8,0.80363846,myrtus,myrtus,Correct
171,myrtus/IMG_3738-78.png,8,8,0.80061066,myrtus,myrtus,Correct
172,myrtus/IMG_3741-10.png,8,8,0.80620056,myrtus,myrtus,Correct
173,myrtus/IMG_3741-16.png,8,8,0.8087914,myrtus,myrtus,Correct
174,myrtus/IMG_3741-35.png,8,8,0.81043583,myrtus,myrtus,Correct
175,myrtus/IMG_3741-49.png,8,8,0.8091483,myrtus,myrtus,Correct
176,myrtus/IMG_3741-65.png,8,8,0.8082322,myrtus,myrtus,Correct
177,myrtus/IMG_3742-35.png,8,8,0.80751723,myrtus,myrtus,Correct
178,myrtus/IMG_3742-44.png,8,8,0.8102497,myrtus,myrtus,Correct
179,myrtus/IMG_3743-12.png,8,8,0.8103931,myrtus,myrtus,Correct
180,myrtus/IMG_3743-13.png,8,8,0.8091564,myrtus,myrtus,Correct
181,myrtus/IMG_3743-14.png,8,8,0.8118091,myrtus,myrtus,Correct
182,myrtus/IMG_3743-7.png,8,8,0.812506,myrtus,myrtus,Correct
183,myrtus/IMG_3743-9.png,8,8,0.81662756,myrtus,myrtus,Correct
184,myrtus/IMG_3744-33.png,8,8,0.8022678,myrtus,myrtus,Correct
185,myrtus/IMG_3744-45.png,8,8,0.81051147,myrtus,myrtus,Correct
186,myrtus/IMG_3744-46.png,8,8,0.81246513,myrtus,myrtus,Correct
187,myrtus/IMG_3744-51.png,8,8,0.8114641,myrtus,myrtus,Correct
188,myrtus/Myr.M.comX400wF(1095)(1091)A-26.png,8,8,0.8065117,myrtus,myrtus,Correct
189,myrtus/Myr.M.comX400wF(1095)(1091)A-30.png,8,8,0.80823386,myrtus,myrtus,Correct
190,myrtus/Myr.M.comX400wF(1095)(1091)A-37.png,8,8,0.81145227,myrtus,myrtus,Correct
191,myrtus/Myr.M.comX400wF(1095)(1091)A-40.png,8,8,0.8090012,myrtus,myrtus,Correct
192,myrtus/Myr.M.comX400wF(1095)(1091)A-41.png,8,8,0.80520797,myrtus,myrtus,Correct
193,myrtus/Myr.M.comX400wF(1095)(1091)A-43.png,8,8,0.8105243,myrtus,myrtus,Correct
194,myrtus/Myr.M.comX400wF(1095)(1091)A-5.png,8,8,0.80954325,myrtus,myrtus,Correct
195,myrtus/Myr.M.comX400wF(1095)(1091)A-62.png,8,8,0.81153214,myrtus,myrtus,Correct
196,myrtus/Myr.M.comX400wF(1095)(1091)A-70.png,8,8,0.8084919,myrtus,myrtus,Correct
197,myrtus/Myr.M.comX400wF(1097)(1090)C-29.png,8,8,0.8129878,myrtus,myrtus,Correct
198,myrtus/Myr.M.comX400wF(1097)(1090)C-30.png,8,8,0.80959475,myrtus,myrtus,Correct
199,myrtus/Myr.M.comX400wF(1097)(1090)C-36.png,8,8,0.80898905,myrtus,myrtus,Correct
200,myrtus/Myr.M.comX400wF(1097)(1090)C-38.png,8,8,0.81521815,myrtus,myrtus,Correct
201,myrtus/Myr.M.comX400wF(1097)(1090)C-44.png,8,8,0.80718577,myrtus,myrtus,Correct
202,myrtus/Myr.M.comX400wF(1097)(1090)C-46.png,8,8,0.8108966,myrtus,myrtus,Correct
203,myrtus/Myr.M.comX400wF(1097)(1090)C-65.png,8,8,0.80976224,myrtus,myrtus,Correct
204,myrtus/Myr.M.comX400wF(1097)(1090)C-75.png,8,8,0.80747604,myrtus,myrtus,Correct
205,myrtus/Myr.M.comX400wF(1097)(1090)C-85.png,8,8,0.8079422,myrtus,myrtus,Correct
206,olea/Ole.O.euroX400wF(4261)(0)A-40.png,9,9,0.7787458,olea,olea,Correct
207,olea/Ole.O.euroX400wF(4261)(0)A-41.png,9,9,0.7915485,olea,olea,Correct
208,olea/Ole.O.euroX400wF(4261)(0)A-45.png,9,9,0.78561574,olea,olea,Correct
209,olea/Ole.O.euroX400wF(4261)(0)A-5.png,9,9,0.79289585,olea,olea,Correct
210,olea/Ole.O.euroX400wF(4261)(0)A-55.png,9,9,0.7839183,olea,olea,Correct
211,olea/Ole.O.euroX400wF(4262)(0)B-14.png,9,9,0.80255246,olea,olea,Correct
212,olea/Ole.O.euroX400wF(4262)(0)B-23.png,9,9,0.79282594,olea,olea,Correct
213,olea/Ole.O.euroX400wF(4262)(0)B-27.png,9,9,0.77798826,olea,olea,Correct
214,olea/Ole.O.euroX400wF(4263)(0)C-103.png,9,9,0.7911625,olea,olea,Correct
215,olea/Ole.O.euroX400wF(4263)(0)C-113.png,9,9,0.79614687,olea,olea,Correct
216,olea/Ole.O.euroX400wF(4263)(0)C-130.png,9,9,0.73010087,olea,olea,Correct
217,olea/Ole.O.euroX400wF(4263)(0)C-152.png,9,9,0.8016014,olea,olea,Correct
218,olea/Ole.O.euroX400wF(4263)(0)C-163.png,9,9,0.77932125,olea,olea,Correct
219,olea/Ole.O.euroX400wF(4263)(0)C-194.png,9,9,0.80234486,olea,olea,Correct
220,olea/Ole.O.euroX400wF(4263)(0)C-2.png,9,9,0.79607415,olea,olea,Correct
221,olea/Ole.O.euroX400wF(4263)(0)C-46.png,9,9,0.79013777,olea,olea,Correct
222,olea/Ole.O.euroX400wF(4263)(0)C-49.png,9,9,0.79454917,olea,olea,Correct
223,olea/Ole.O.euroX400wF(4263)(0)C-66.png,9,9,0.790817,olea,olea,Correct
224,olea/Ole.O.euroX400wF(4263)(0)C-70.png,9,9,0.6978016,olea,olea,Correct
225,olea/Ole.O.euroX400wF(4263)(0)C-93.png,9,9,0.7316797,olea,olea,Correct
226,olea/Ole.O.euroX400wF(4264)(0)D-101.png,9,9,0.79324454,olea,olea,Correct
227,olea/Ole.O.euroX400wF(4264)(0)D-105.png,9,9,0.8046419,olea,olea,Correct
228,olea/Ole.O.euroX400wF(4264)(0)D-114.png,9,9,0.78741187,olea,olea,Correct
229,olea/Ole.O.euroX400wF(4264)(0)D-118.png,9,9,0.7928202,olea,olea,Correct
230,olea/Ole.O.euroX400wF(4264)(0)D-124.png,9,9,0.79791665,olea,olea,Correct
231,olea/Ole.O.euroX400wF(4264)(0)D-129.png,9,9,0.79407656,olea,olea,Correct
232,olea/Ole.O.euroX400wF(4264)(0)D-132.png,9,9,0.8016023,olea,olea,Correct
233,olea/Ole.O.euroX400wF(4264)(0)D-150.png,9,9,0.7980227,olea,olea,Correct
234,olea/Ole.O.euroX400wF(4264)(0)D-41.png,9,9,0.7883507,olea,olea,Correct
235,olea/Ole.O.euroX400wF(4264)(0)D-42.png,9,9,0.790683,olea,olea,Correct
236,olea/Ole.O.euroX400wF(4264)(0)D-71.png,9,9,0.7921112,olea,olea,Correct
237,olea/Ole.O.euroX400wF(4264)(0)D-72.png,9,9,0.79513717,olea,olea,Correct
238,olea/Ole.O.euroX400wF(4264)(0)D-88.png,9,9,0.79278696,olea,olea,Correct
239,olea/Ole.O.euroX400wF(4264)(0)D-91.png,9,9,0.78761023,olea,olea,Correct
240,olea/Ole.O.euroX400wF(4264)(0)D-98.png,9,9,0.801143,olea,olea,Correct
241,olea/Ole.O.euroX400wF(4265)(0)E-1.png,9,9,0.7879519,olea,olea,Correct
242,olea/Ole.O.euroX400wF(4265)(0)E-119.png,9,9,0.79165846,olea,olea,Correct
243,olea/Ole.O.euroX400wF(4265)(0)E-132.png,9,9,0.79225004,olea,olea,Correct
244,olea/Ole.O.euroX400wF(4265)(0)E-14.png,9,9,0.7887213,olea,olea,Correct
245,olea/Ole.O.euroX400wF(4265)(0)E-140.png,9,9,0.80337536,olea,olea,Correct
246,olea/Ole.O.euroX400wF(4265)(0)E-153.png,9,9,0.8006851,olea,olea,Correct
247,olea/Ole.O.euroX400wF(4265)(0)E-157.png,9,9,0.797309,olea,olea,Correct
248,olea/Ole.O.euroX400wF(4265)(0)E-164.png,9,9,0.7906603,olea,olea,Correct
249,olea/Ole.O.euroX400wF(4265)(0)E-175.png,9,9,0.7925822,olea,olea,Correct
250,olea/Ole.O.euroX400wF(4265)(0)E-193.png,9,9,0.80217654,olea,olea,Correct
251,olea/Ole.O.euroX400wF(4265)(0)E-196.png,9,9,0.7893311,olea,olea,Correct
252,olea/Ole.O.euroX400wF(4265)(0)E-20.png,9,9,0.79173744,olea,olea,Correct
253,olea/Ole.O.euroX400wF(4265)(0)E-202.png,9,9,0.78522956,olea,olea,Correct
254,olea/Ole.O.euroX400wF(4265)(0)E-207.png,9,9,0.7910259,olea,olea,Correct
255,olea/Ole.O.euroX400wF(4265)(0)E-33.png,9,9,0.78790045,olea,olea,Correct
256,olea/Ole.O.euroX400wF(4265)(0)E-41.png,9,9,0.79011935,olea,olea,Correct
257,olea/Ole.O.euroX400wF(4265)(0)E-43.png,9,9,0.79331243,olea,olea,Correct
258,olea/Ole.O.euroX400wF(4265)(0)E-45.png,9,9,0.7919966,olea,olea,Correct
259,olea/Ole.O.euroX400wF(4265)(0)E-46.png,9,9,0.79270846,olea,olea,Correct
260,olea/Ole.O.euroX400wF(4265)(0)E-52.png,9,9,0.79070187,olea,olea,Correct
261,olea/Ole.O.euroX400wF(4265)(0)E-60.png,9,9,0.778284,olea,olea,Correct
262,olea/Ole.O.euroX400wF(4265)(0)E-75.png,9,9,0.7991246,olea,olea,Correct
263,olea/Ole.O.euroX400wF(4265)(0)E-78.png,9,9,0.78261125,olea,olea,Correct
264,olea/Ole.O.euroX400wF(4265)(0)E-94.png,9,9,0.78829855,olea,olea,Correct
265,olea/Ole.O.euroX400wF(4266)(0)F-104.png,9,9,0.77457464,olea,olea,Correct
266,olea/Ole.O.euroX400wF(4266)(0)F-107.png,9,9,0.7956366,olea,olea,Correct
267,olea/Ole.O.euroX400wF(4266)(0)F-117.png,9,9,0.7982775,olea,olea,Correct
268,olea/Ole.O.euroX400wF(4266)(0)F-122.png,9,9,0.78607845,olea,olea,Correct
269,olea/Ole.O.euroX400wF(4266)(0)F-141.png,9,9,0.8024109,olea,olea,Correct
270,olea/Ole.O.euroX400wF(4266)(0)F-16.png,9,9,0.7960089,olea,olea,Correct
271,olea/Ole.O.euroX400wF(4266)(0)F-40.png,9,9,0.8020727,olea,olea,Correct
272,olea/Ole.O.euroX400wF(4266)(0)F-49.png,9,9,0.7887412,olea,olea,Correct
273,olea/Ole.O.euroX400wF(4266)(0)F-6.png,9,9,0.79515237,olea,olea,Correct
274,olea/Ole.O.euroX400wF(4266)(0)F-64.png,9,9,0.7852821,olea,olea,Correct
275,olea/Ole.O.euroX400wF(4266)(0)F-72.png,9,9,0.79277307,olea,olea,Correct
276,olea/Ole.O.euroX400wF(4266)(0)F-81.png,9,9,0.7748001,olea,olea,Correct
277,olea/Ole.O.euroX400wF(4266)(0)F-86.png,9,9,0.8010799,olea,olea,Correct
278,olea/Ole.O.euroX400wF(4266)(0)F-98.png,9,9,0.79937536,olea,olea,Correct
279,olea/Ole.O.euroX400wF(4267)(0)G-14.png,9,9,0.7684016,olea,olea,Correct
280,olea/Ole.O.euroX400wF(4267)(0)G-25.png,9,9,0.7933177,olea,olea,Correct
281,olea/Ole.O.euroX400wF(4267)(0)G-30.png,9,9,0.7926691,olea,olea,Correct
282,olea/Ole.O.euroX400wF(4267)(0)G-40.png,9,9,0.8085228,olea,olea,Correct
283,olea/Ole.O.euroX400wF(4267)(0)G-6.png,9,9,0.7936653,olea,olea,Correct
285,origanum/Lam.O.micX400wF(884)(0)A-4.png,10,10,0.88520825,origanum,origanum,Correct
286,origanum/Lam.O.micX400wF(884)(0)A-7.png,10,10,0.8850398,origanum,origanum,Correct
288,origanum/Lam.O.micX400wF(886)(0)C-15.png,10,10,0.8862169,origanum,origanum,Correct
289,origanum/Lam.O.micX400wF(886)(0)C-38.png,10,10,0.8887347,origanum,origanum,Correct
290,origanum/Lam.O.micX400wF(886)(0)C-41.png,10,10,0.8882736,origanum,origanum,Correct
291,origanum/Lam.O.micX400wF(886)(0)C-56.png,10,10,0.88707185,origanum,origanum,Correct
292,origanum/Lam.O.micX400wF(886)(0)C-58.png,10,10,0.8900531,origanum,origanum,Correct
293,origanum/Lam.O.micX400wF(886)(0)C-6.png,10,10,0.8877829,origanum,origanum,Correct
294,origanum/Lam.O.micX400wF(887)(0)D-3.png,10,10,0.8783536,origanum,origanum,Correct
295,origanum/Lam.O.micX400wF(887)(0)D-4.png,10,10,0.88840866,origanum,origanum,Correct
296,origanum/Lam.O.micX400wF(889)(0)F-17.png,10,10,0.88660735,origanum,origanum,Correct
297,origanum/Lam.O.micX400wF(889)(0)F-18.png,10,10,0.88478726,origanum,origanum,Correct
298,origanum/Lam.O.micX400wF(889)(0)F-24.png,10,10,0.88606465,origanum,origanum,Correct
299,origanum/Lam.O.micX400wF(889)(0)F-42.png,10,10,0.8877876,origanum,origanum,Correct
300,origanum/Lam.O.micX400wF(889)(0)F-45.png,10,10,0.8866694,origanum,origanum,Correct
301,origanum/Lam.O.micX400wF(889)(0)F-5.png,10,10,0.8853871,origanum,origanum,Correct
302,oxalis/Oxa.O.pes.cX400wF(1733)(0)A-14.png,11,11,0.86535174,oxalis,oxalis,Correct
303,oxalis/Oxa.O.pes.cX400wF(1733)(0)A-20.png,11,11,0.8681634,oxalis,oxalis,Correct
305,oxalis/Oxa.O.pes.cX400wF(1734)(0)B-9.png,11,11,0.86852384,oxalis,oxalis,Correct
306,oxalis/Oxa.O.pes.cX400wF(1736)(0)D-2.png,11,11,0.8605439,oxalis,oxalis,Correct
307,oxalis/Oxa.O.pes.cX400wF(1737)(1736)E-2.png,11,11,0.86959046,oxalis,oxalis,Correct
308,oxalis/Oxa.O.pes.cX400wF(1737)(1736)E-4.png,11,11,0.86797726,oxalis,oxalis,Correct
309,oxalis/Oxa.O.pes.cX400wF(1738)(0)F-6.png,11,11,0.87193406,oxalis,oxalis,Correct
310,oxalis/Oxa.O.pes.cX400wF(1738)(0)F-9.png,11,11,0.86467046,oxalis,oxalis,Correct
311,oxalis/Oxa.O.pes.cX400wF(1740)(0)H-1.png,11,11,0.87772375,oxalis,oxalis,Correct
312,oxalis/Oxa.O.pes.cX400wF(1741)(0)I-7.png,11,11,0.87837183,oxalis,oxalis,Correct
313,oxalis/Oxa.O.pes.cX400wF(1743)(0)K-1.png,11,11,0.8650619,oxalis,oxalis,Correct
314,oxalis/Oxa.O.pes.cX400wF(1743)(0)K-5.png,11,11,0.87194747,oxalis,oxalis,Correct
315,oxalis/Oxa.O.pes.cX400wF(1743)(0)K-6.png,11,11,0.868422,oxalis,oxalis,Correct
316,pinus/Pin.P.brutX400wF(3172)(0)B-3.png,12,12,0.8790649,pinus,pinus,Correct
317,pinus/Pin.P.brutX400wF(3172)(0)B-5.png,12,12,0.8785749,pinus,pinus,Correct
318,pinus/Pin.P.brutX400wF(3173)(0)C-1.png,12,12,0.8776738,pinus,pinus,Correct
319,pistacia/Ana.P.tereX400wF(3222)(0)A-1.png,13,13,0.90142405,pistacia,pistacia,Correct
320,pistacia/Ana.P.tereX400wF(3222)(0)A-2.png,13,13,0.8970384,pistacia,pistacia,Correct
321,pistacia/Ana.P.tereX400wF(3225)(0)D-2.png,13,13,0.895096,pistacia,pistacia,Correct
322,pistacia/Ana.P.tereX400wF(3226)(0)E-2.png,13,13,0.886172,pistacia,pistacia,Correct
323,salvia/Lam.S.triX400wF(2188)(0)A-5.png,14,14,0.88463587,salvia,salvia,Correct
324,salvia/Lam.S.triX400wF(2188)(0)A-9.png,14,14,0.88234264,salvia,salvia,Correct
325,salvia/Lam.S.triX400wF(2189)(0)B-30.png,14,14,0.8822793,salvia,salvia,Correct
326,salvia/Lam.S.triX400wF(2189)(0)B-49.png,14,14,0.8852769,salvia,salvia,Correct
327,salvia/Lam.S.triX400wF(2189)(0)B-64.png,14,14,0.8837998,salvia,salvia,Correct
328,salvia/Lam.S.triX400wF(2190)(0)C-25.png,14,14,0.87989277,salvia,salvia,Correct
329,salvia/Lam.S.triX400wF(2191)(0)D-15.png,14,14,0.88053066,salvia,salvia,Correct
330,salvia/Lam.S.triX400wF(2191)(0)D-19.png,14,14,0.8815932,salvia,salvia,Correct
331,salvia/Lam.S.triX400wF(2191)(0)D-27.png,14,14,0.8814547,salvia,salvia,Correct
332,salvia/Lam.S.triX400wF(2191)(0)D-42.png,14,14,0.8813737,salvia,salvia,Correct
333,salvia/Lam.S.triX400wF(2191)(0)D-5.png,14,14,0.87969124,salvia,salvia,Correct
334,salvia/Lam.S.triX400wF(2191)(0)D-8.png,14,14,0.88653624,salvia,salvia,Correct
335,salvia/Lam.S.triX400wF(2193)(0)F-19.png,14,14,0.87589085,salvia,salvia,Correct
336,salvia/Lam.S.triX400wF(2193)(0)F-21.png,14,14,0.8800064,salvia,salvia,Correct
337,salvia/Lam.S.triX400wF(2193)(0)F-23.png,14,14,0.88458145,salvia,salvia,Correct
338,salvia/Lam.S.triX400wF(2193)(0)F-8.png,14,14,0.87681884,salvia,salvia,Correct
339,salvia/Lam.S.triX400wF(2193)(0)F-9.png,14,14,0.8775092,salvia,salvia,Correct
340,satureja/Lam.S.thyX400wF(941)(937)A-6.png,15,15,0.86789036,satureja,satureja,Correct
341,satureja/Lam.S.thyX400wF(941)(937)A-7.png,15,15,0.860791,satureja,satureja,Correct
343,satureja/Lam.S.thyX400wF(942)(935)B-5.png,15,15,0.5747519,satureja,satureja,Correct
344,satureja/Lam.S.thyX400wF(943)(990)C-10.png,15,15,0.8731332,satureja,satureja,Correct
345,satureja/Lam.S.thyX400wF(944)(940)E-13.png,15,15,0.84594595,satureja,satureja,Correct
346,satureja/Lam.S.thyX400wF(945)(0)F-3.png,15,15,0.42306793,satureja,satureja,Correct
347,satureja/Lam.S.thyX400wF(947)(0)H-1.png,15,15,0.8542043,satureja,satureja,Correct
348,sinapis/Bra.S.albX400wF(2150)(0)A-14.png,16,16,0.88573915,sinapis,sinapis,Correct
349,sinapis/Bra.S.albX400wF(2151)(0)B-12.png,16,16,0.8930093,sinapis,sinapis,Correct
350,sinapis/Bra.S.albX400wF(2151)(0)B-21.png,16,16,0.86188537,sinapis,sinapis,Correct
351,sinapis/Bra.S.albX400wF(2151)(0)B-5.png,16,16,0.8654003,sinapis,sinapis,Correct
352,sinapis/Bra.S.albX400wF(2152)(0)C-15.png,16,16,0.8921787,sinapis,sinapis,Correct
354,sinapis/Bra.S.albX400wF(2154)(0)E-12.png,16,16,0.8589018,sinapis,sinapis,Correct
355,sinapis/Bra.S.albX400wF(2154)(0)E-18.png,16,16,0.85907775,sinapis,sinapis,Correct
356,sinapis/Bra.S.albX400wF(2155)(0)F-18.png,16,16,0.85964656,sinapis,sinapis,Correct
357,sinapis/Bra.S.albX400wF(2155)(0)F-19.png,16,16,0.8655922,sinapis,sinapis,Correct
358,sinapis/Bra.S.albX400wF(2155)(0)F-24.png,16,16,0.87223405,sinapis,sinapis,Correct
359,sinapis/Bra.S.albX400wF(2155)(0)F-4.png,16,16,0.8713116,sinapis,sinapis,Correct
360,sinapis/Bra.S.albX400wF(2155)(0)F-9.png,16,16,0.87746376,sinapis,sinapis,Correct
361,sinapis/IMG_3701-5.png,16,16,0.8612419,sinapis,sinapis,Correct
362,sinapis/IMG_3704-1.png,16,16,0.8605405,sinapis,sinapis,Correct
363,sinapis/IMG_3704-13.png,16,16,0.86095136,sinapis,sinapis,Correct
364,sinapis/IMG_3704-18.png,16,16,0.86797285,sinapis,sinapis,Correct
365,sinapis/IMG_3704-4.png,16,16,0.85403234,sinapis,sinapis,Correct
366,sinapis/IMG_3708-9.png,16,16,0.86780846,sinapis,sinapis,Correct
367,thymbra/Lam.T.capX400wF(1029)(0)A-12.png,17,17,0.8713229,thymbra,thymbra,Correct
368,thymbra/Lam.T.capX400wF(1029)(0)A-6.png,17,17,0.877573,thymbra,thymbra,Correct
369,thymbra/Lam.T.capX400wF(1030)(0)B-3.png,17,17,0.8720767,thymbra,thymbra,Correct
370,thymbra/Lam.T.capX400wF(1030)(0)B-9.png,17,17,0.86869186,thymbra,thymbra,Correct
371,thymbra/Lam.T.capX400wF(1031)(0)C-9.png,17,17,0.8704543,thymbra,thymbra,Correct
372,thymbra/Lam.T.capX400wF(1032)(0)D-2.png,17,17,0.86648834,thymbra,thymbra,Correct
373,thymbra/Lam.T.capX400wF(1032)(0)D-9.png,17,17,0.70422435,thymbra,thymbra,Correct
374,thymbra/Lam.T.capX400wF(1033)(0)E-9.png,17,17,0.86247927,thymbra,thymbra,Correct
375,thymbra/x40 f (1)-7.png,17,17,0.8637994,thymbra,thymbra,Correct
376,thymbra/x40 f (1)-8.png,17,17,0.8629481,thymbra,thymbra,Correct
377,thymbra/x40 f (3)-3.png,17,17,0.8457263,thymbra,thymbra,Correct
378,thymbra/x40 f (4)-10.png,17,17,0.8687805,thymbra,thymbra,Correct
379,thymbra/x40 f (5)-2.png,17,17,0.8583973,thymbra,thymbra,Correct
380,thymbra/x40 f (5)-9.png,17,17,0.8259333,thymbra,thymbra,Correct
381,thymbra/x40 f (6)-10.png,17,17,0.85567576,thymbra,thymbra,Correct
382,urginea/Asp.U.marX400wF(5317)(0)A-16.png,18,18,0.88017285,urginea,urginea,Correct
383,urginea/Asp.U.marX400wF(5318)(0)B-5.png,18,18,0.87516654,urginea,urginea,Correct
384,urginea/Asp.U.marX400wF(5320)(0)D-8.png,18,18,0.87553036,urginea,urginea,Correct
385,urginea/Asp.U.marX400wF(5321)(0)E-10.png,18,18,0.8773459,urginea,urginea,Correct
386,urginea/Asp.U.marX400wF(5321)(0)E-11.png,18,18,0.8819943,urginea,urginea,Correct
387,urginea/Asp.U.marX400wF(5322)(0)F-10.png,18,18,0.8781742,urginea,urginea,Correct
388,urginea/Asp.U.marX400wF(5322)(0)F-3.png,18,18,0.8831737,urginea,urginea,Correct
389,urginea/Asp.U.marX400wF(5322)(0)F-4.png,18,18,0.8779105,urginea,urginea,Correct
390,urginea/Asp.U.marX400wF(5323)(0)G-12.png,18,18,0.88283664,urginea,urginea,Correct
391,urginea/Asp.U.marX400wF(5324)(0)H-11.png,18,18,0.87519777,urginea,urginea,Correct
392,urginea/Asp.U.marX400wF(5324)(0)H-8.png,18,18,0.8747804,urginea,urginea,Correct
393,vitis/Vit.V.viniX400wF(4978)(0)A-15.png,19,19,0.8833311,vitis,vitis,Correct
394,vitis/Vit.V.viniX400wF(4978)(0)A-18.png,19,19,0.8820505,vitis,vitis,Correct
395,vitis/Vit.V.viniX400wF(4978)(0)A-19.png,19,19,0.8853238,vitis,vitis,Correct
396,vitis/Vit.V.viniX400wF(4978)(0)A-7.png,19,19,0.8786112,vitis,vitis,Correct
397,vitis/Vit.V.viniX400wF(4978)(0)A-9.png,19,19,0.88049483,vitis,vitis,Correct
398,vitis/Vit.V.viniX400wF(4979)(0)B-1.png,19,19,0.87889665,vitis,vitis,Correct
399,vitis/Vit.V.viniX400wF(4979)(0)B-3.png,19,19,0.88259274,vitis,vitis,Correct
400,vitis/Vit.V.viniX400wF(4979)(0)B-8.png,19,19,0.88108855,vitis,vitis,Correct
401,vitis/Vit.V.viniX400wF(4980)(0)C-11.png,19,19,0.8688053,vitis,vitis,Correct
402,vitis/Vit.V.viniX400wF(4980)(0)C-5.png,19,19,0.8739771,vitis,vitis,Correct
403,vitis/Vit.V.viniX400wF(4980)(0)C-7.png,19,19,0.87545645,vitis,vitis,Correct
404,vitis/Vit.V.viniX400wF(4980)(0)C-9.png,19,19,0.8824817,vitis,vitis,Correct
405,vitis/Vit.V.viniX400wF(4981)(0)D-19.png,19,19,0.8815391,vitis,vitis,Correct
406,vitis/Vit.V.viniX400wF(4981)(0)D-21.png,19,19,0.8732341,vitis,vitis,Correct
407,vitis/Vit.V.viniX400wF(4981)(0)D-24.png,19,19,0.87965274,vitis,vitis,Correct
408,vitis/Vit.V.viniX400wF(4981)(0)D-38.png,19,19,0.72291136,vitis,vitis,Correct
409,vitis/Vit.V.viniX400wF(4981)(0)D-4.png,19,19,0.8775253,vitis,vitis,Correct
410,vitis/Vit.V.viniX400wF(4981)(0)D-41.png,19,19,0.88188416,vitis,vitis,Correct
411,vitis/Vit.V.viniX400wF(4981)(0)D-42.png,19,19,0.87343323,vitis,vitis,Correct
412,vitis/Vit.V.viniX400wF(4982)(0)E-16.png,19,19,0.8840287,vitis,vitis,Correct
413,vitis/Vit.V.viniX400wF(4983)(0)F-16.png,19,19,0.879235,vitis,vitis,Correct
414,vitis/Vit.V.viniX400wF(4984)(0)G-1.png,19,19,0.87709296,vitis,vitis,Correct
415,vitis/Vit.V.viniX400wF(4984)(0)G-25.png,19,19,0.87193185,vitis,vitis,Correct
416,vitis/Vit.V.viniX400wF(4984)(0)G-38.png,19,19,0.8722175,vitis,vitis,Correct
417,vitis/Vit.V.viniX400wF(4984)(0)G-44.png,19,19,0.60921395,vitis,vitis,Correct
419,vitis/Vit.V.viniX400wF(4985)(0)H-4.png,19,19,0.8795288,vitis,vitis,Correct
0,asphodelus/Asp.A.ramX400wF(1984)(0)A-6.png,0,0,0.87677246,asphodelus,asphodelus,Correct
1,asphodelus/Asp.A.ramX400wF(1984)(0)A-8.png,0,0,0.73350465,asphodelus,asphodelus,Correct
2,asphodelus/Asp.A.ramX400wF(1989)(0)F-5.png,0,0,0.86056346,asphodelus,asphodelus,Correct
3,calicotome/Fab.C.vilX400wF(2016)(0)A-14.png,1,1,0.8501496,calicotome,calicotome,Correct
4,calicotome/Fab.C.vilX400wF(2016)(0)A-15.png,1,1,0.8676745,calicotome,calicotome,Correct
5,calicotome/Fab.C.vilX400wF(2016)(0)A-18.png,1,1,0.7934816,calicotome,calicotome,Correct
6,calicotome/Fab.C.vilX400wF(2017)(0)B-1.png,1,1,0.6545947,calicotome,calicotome,Correct
7,calicotome/Fab.C.vilX400wF(2017)(0)B-4.png,1,1,0.85576016,calicotome,calicotome,Correct
8,calicotome/Fab.C.vilX400wF(2018)(0)C-10.png,1,1,0.86499375,calicotome,calicotome,Correct
9,calicotome/Fab.C.vilX400wF(2018)(0)C-5.png,1,1,0.8580314,calicotome,calicotome,Correct
10,calicotome/Fab.C.vilX400wF(2019)(0)D-118.png,1,1,0.85792124,calicotome,calicotome,Correct
11,calicotome/Fab.C.vilX400wF(2019)(0)D-121.png,1,1,0.85500944,calicotome,calicotome,Correct
12,calicotome/Fab.C.vilX400wF(2019)(0)D-13.png,1,1,0.8411968,calicotome,calicotome,Correct
13,calicotome/Fab.C.vilX400wF(2019)(0)D-26.png,1,1,0.8472963,calicotome,calicotome,Correct
14,calicotome/Fab.C.vilX400wF(2019)(0)D-29.png,1,1,0.8415831,calicotome,calicotome,Correct
15,calicotome/Fab.C.vilX400wF(2019)(0)D-37.png,1,1,0.8504002,calicotome,calicotome,Correct
16,calicotome/Fab.C.vilX400wF(2019)(0)D-41.png,1,1,0.85315704,calicotome,calicotome,Correct
17,calicotome/Fab.C.vilX400wF(2019)(0)D-43.png,1,1,0.8614716,calicotome,calicotome,Correct
18,calicotome/Fab.C.vilX400wF(2019)(0)D-51.png,1,1,0.85405207,calicotome,calicotome,Correct
19,calicotome/Fab.C.vilX400wF(2019)(0)D-58.png,1,1,0.8509824,calicotome,calicotome,Correct
20,calicotome/Fab.C.vilX400wF(2019)(0)D-79.png,1,1,0.85302514,calicotome,calicotome,Correct
21,calicotome/Fab.C.vilX400wF(2019)(0)D-94.png,1,1,0.84125465,calicotome,calicotome,Correct
22,calicotome/Fab.C.vilX400wF(2020)(0)E-104.png,1,1,0.8632089,calicotome,calicotome,Correct
23,calicotome/Fab.C.vilX400wF(2020)(0)E-16.png,1,1,0.8540026,calicotome,calicotome,Correct
24,calicotome/Fab.C.vilX400wF(2020)(0)E-32.png,1,1,0.86133933,calicotome,calicotome,Correct
25,calicotome/Fab.C.vilX400wF(2020)(0)E-36.png,1,1,0.8567398,calicotome,calicotome,Correct
26,calicotome/Fab.C.vilX400wF(2020)(0)E-39.png,1,1,0.85470235,calicotome,calicotome,Correct
27,calicotome/Fab.C.vilX400wF(2020)(0)E-4.png,1,1,0.8541508,calicotome,calicotome,Correct
28,calicotome/Fab.C.vilX400wF(2020)(0)E-55.png,1,1,0.85579187,calicotome,calicotome,Correct
29,calicotome/Fab.C.vilX400wF(2020)(0)E-62.png,1,1,0.85893226,calicotome,calicotome,Correct
30,calicotome/Fab.C.vilX400wF(2020)(0)E-81.png,1,1,0.8630011,calicotome,calicotome,Correct
31,calicotome/Fab.C.vilX400wF(2020)(0)E-90.png,1,1,0.86636555,calicotome,calicotome,Correct
32,calicotome/Fab.C.vilX400wF(2020)(0)E-91.png,1,1,0.857403,calicotome,calicotome,Correct
33,castanea/Fag.C.satX400wF(781)(0)A-23.png,2,2,0.81957865,castanea,castanea,Correct
34,castanea/Fag.C.satX400wF(781)(0)A-28.png,2,2,0.8267702,castanea,castanea,Correct
35,castanea/Fag.C.satX400wF(781)(0)A-3.png,2,2,0.8192633,castanea,castanea,Correct
36,castanea/Fag.C.satX400wF(781)(0)A-38.png,2,2,0.82891357,castanea,castanea,Correct
37,castanea/Fag.C.satX400wF(782)(0)B-10.png,2,2,0.817528,castanea,castanea,Correct
38,castanea/Fag.C.satX400wF(782)(0)B-14.png,2,2,0.82268757,castanea,castanea,Correct
39,castanea/Fag.C.satX400wF(782)(0)B-5.png,2,2,0.826167,castanea,castanea,Correct
40,castanea/Fag.C.satX400wF(782)(0)B-6.png,2,2,0.82720244,castanea,castanea,Correct
41,castanea/Fag.C.satX400wF(782)(0)B-7.png,2,2,0.8168215,castanea,castanea,Correct
42,castanea/Fag.C.satX400wF(784)(0)D-14.png,2,2,0.8279124,castanea,castanea,Correct
43,castanea/Fag.C.satX400wF(784)(0)D-16.png,2,2,0.828772,castanea,castanea,Correct
44,castanea/Fag.C.satX400wF(784)(0)D-17.png,2,2,0.82997024,castanea,castanea,Correct
45,castanea/Fag.C.satX400wF(784)(0)D-8.png,2,2,0.8208848,castanea,castanea,Correct
46,castanea/Fag.C.satX400wF(786)(0)F-4.png,2,2,0.8177898,castanea,castanea,Correct
47,castanea/Fag.C.satX400wF(786)(0)F-9.png,2,2,0.83192503,castanea,castanea,Correct
48,castanea/Fag.C.satX400wF(792)(781)G-36.png,2,2,0.8256126,castanea,castanea,Correct
49,castanea/Fag.C.satX400wF(792)(781)G-7.png,2,2,0.8279496,castanea,castanea,Correct
50,castanea/Fag.C.satX400wF(793)(781)H-1.png,2,2,0.81981957,castanea,castanea,Correct
51,castanea/Fag.C.satX400wF(793)(781)H-24.png,2,2,0.8376434,castanea,castanea,Correct
52,castanea/Fag.C.satX400wF(793)(781)H-33.png,2,2,0.83832073,castanea,castanea,Correct
53,castanea/Fag.C.satX400wF(793)(781)H-44.png,2,2,0.8269303,castanea,castanea,Correct
54,castanea/Fag.C.satX400wF(793)(781)H-8.png,2,2,0.8292694,castanea,castanea,Correct
55,ceratonia/Fab.C.silX400wF(475)(0)A-12.png,3,3,0.88543457,ceratonia,ceratonia,Correct
56,ceratonia/Fab.C.silX400wF(475)(0)A-3.png,3,3,0.8456057,ceratonia,ceratonia,Correct
57,ceratonia/Fab.C.silX400wF(476)(0)B-8.png,3,3,0.8834059,ceratonia,ceratonia,Correct
59,ceratonia/Fab.C.silX400wF(477)(0)C-5.png,3,3,0.8928807,ceratonia,ceratonia,Correct
61,ceratonia/Fab.C.silX400wF(479)(0)E-16.png,3,3,0.9000209,ceratonia,ceratonia,Correct
62,ceratonia/Fab.C.silX400wF(480)(0)F-5.png,3,3,0.8775173,ceratonia,ceratonia,Correct
63,ceratonia/Fab.C.silX400wF(481)(0)G-15.png,3,3,0.8613802,ceratonia,ceratonia,Correct
64,ceratonia/Fab.C.silX400wF(481)(0)G-4.png,3,3,0.7727577,ceratonia,ceratonia,Correct
65,ebenus/Fab.E.creX400wF(697)(0)E-3.png,4,4,0.8498234,ebenus,ebenus,Correct
66,ebenus/Fab.E.creX400wF(698)(0)F-1.png,4,4,0.84781337,ebenus,ebenus,Correct
67,erica/Eri.E.maniX400wF(5356)(0)B-3.png,5,5,0.8399883,erica,erica,Correct
68,erica/Eri.E.maniX400wF(5357)(0)C-9.png,5,5,0.8452607,erica,erica,Correct
69,erica/Eri.E.maniX400wF(5358)(0)D-16.png,5,5,0.8207089,erica,erica,Correct
70,erica/Eri.E.maniX400wF(5359)(0)E-17.png,5,5,0.84550655,erica,erica,Correct
71,erica/Eri.E.maniX400wF(5359)(0)E-18.png,5,5,0.8387506,erica,erica,Correct
72,erica/Eri.E.maniX400wF(5359)(0)E-24.png,5,5,0.8463392,erica,erica,Correct
73,erica/Eri.E.maniX400wF(5359)(0)E-9.png,5,5,0.8502821,erica,erica,Correct
74,erica/Eri.E.maniX400wF(5360)(0)F-1.png,5,5,0.8426559,erica,erica,Correct
75,erica/Eri.E.maniX400wF(5360)(0)F-12.png,5,5,0.8459774,erica,erica,Correct
76,erica/Eri.E.maniX400wF(5360)(0)F-15.png,5,5,0.8416329,erica,erica,Correct
77,erica/Eri.E.maniX400wF(5360)(0)F-23.png,5,5,0.8487969,erica,erica,Correct
78,erica/Eri.E.maniX400wF(5361)(0)G-15.png,5,5,0.84287465,erica,erica,Correct
79,erica/Eri.E.maniX400wF(5361)(0)G-2.png,5,5,0.8333736,erica,erica,Correct
80,erica/Eri.E.maniX400wF(5361)(0)G-6.png,5,5,0.83217794,erica,erica,Correct
81,erica/Eri.E.maniX400wF(5362)(0)H-21.png,5,5,0.8232006,erica,erica,Correct
82,erica/Eri.E.maniX400wF(5363)(0)I-1.png,5,5,0.8493462,erica,erica,Correct
83,erica/Eri.E.maniX400wF(5363)(0)I-17.png,5,5,0.8404573,erica,erica,Correct
84,erica/Eri.E.maniX400wF(5363)(0)I-7.png,5,5,0.8232147,erica,erica,Correct
85,eucalyptus/Myr.E.camaX400wF(1866)(0)A-1.png,6,6,0.83865976,eucalyptus,eucalyptus,Correct
86,eucalyptus/Myr.E.camaX400wF(1866)(0)A-4_2.png,6,6,0.8439904,eucalyptus,eucalyptus,Correct
87,eucalyptus/Myr.E.camaX400wF(1868)(0)C-3.png,6,6,0.8632821,eucalyptus,eucalyptus,Correct
88,eucalyptus/Myr.E.camaX400wF(1868)(0)C-7.png,6,6,0.8620594,eucalyptus,eucalyptus,Correct
89,eucalyptus/Myr.E.camaX400wF(1869)(0)D-5.png,6,6,0.8276162,eucalyptus,eucalyptus,Correct
90,eucalyptus/Myr.E.camaX400wF(1869)(0)D-6.png,6,6,0.82880026,eucalyptus,eucalyptus,Correct
91,eucalyptus/Myr.E.camaX400wF(1869)(0)D-7.png,6,6,0.79259634,eucalyptus,eucalyptus,Correct
92,eucalyptus/Myr.E.camaX400wF(1869)(0)D-7_2.png,6,6,0.84857494,eucalyptus,eucalyptus,Correct
93,eucalyptus/Myr.E.camaX400wF(1869)(0)D-8_2.png,6,6,0.83807,eucalyptus,eucalyptus,Correct
95,eucalyptus/Myr.E.camaX400wF(1872)(0)G-2_2.png,6,6,0.84160787,eucalyptus,eucalyptus,Correct
96,eucalyptus/Myr.E.camaX400wF(2962)(0)H-11.png,6,6,0.8387721,eucalyptus,eucalyptus,Correct
97,eucalyptus/Myr.E.camaX400wF(2962)(0)H-11_2.png,6,6,0.85474014,eucalyptus,eucalyptus,Correct
98,eucalyptus/Myr.E.camaX400wF(2962)(0)H-12.png,6,6,0.82241464,eucalyptus,eucalyptus,Correct
99,eucalyptus/Myr.E.camaX400wF(2962)(0)H-23.png,6,6,0.84741545,eucalyptus,eucalyptus,Correct
100,eucalyptus/Myr.E.camaX400wF(2962)(0)H-25.png,6,6,0.8387166,eucalyptus,eucalyptus,Correct
101,eucalyptus/Myr.E.camaX400wF(2962)(0)H-29.png,6,6,0.8362598,eucalyptus,eucalyptus,Correct
102,eucalyptus/Myr.E.camaX400wF(2963)(0)I-9.png,6,6,0.87472826,eucalyptus,eucalyptus,Correct
103,eucalyptus/Myr.E.camaX400wF(2963)(0)I-9_2.png,6,6,0.8412486,eucalyptus,eucalyptus,Correct
104,eucalyptus/Myr.E.camaX400wF(2964)(0)J-11.png,6,6,0.8509558,eucalyptus,eucalyptus,Correct
105,eucalyptus/Myr.E.camaX400wF(2964)(0)J-11_2.png,6,6,0.8375289,eucalyptus,eucalyptus,Correct
107,eucalyptus/Myr.E.camaX400wF(2964)(0)J-2.png,6,6,0.84764415,eucalyptus,eucalyptus,Correct
108,eucalyptus/Myr.E.camaX400wF(2964)(0)J-28_2.png,6,6,0.83541954,eucalyptus,eucalyptus,Correct
109,eucalyptus/Myr.E.camaX400wF(2964)(0)J-3.png,6,6,0.850518,eucalyptus,eucalyptus,Correct
110,eucalyptus/Myr.E.camaX400wF(2964)(0)J-31.png,6,6,0.84610957,eucalyptus,eucalyptus,Correct
111,eucalyptus/Myr.E.camaX400wF(2964)(0)J-32.png,6,6,0.8479148,eucalyptus,eucalyptus,Correct
112,eucalyptus/Myr.E.camaX400wF(2965)(0)K-10.png,6,6,0.8496431,eucalyptus,eucalyptus,Correct
113,eucalyptus/Myr.E.camaX400wF(2965)(0)K-11_2.png,6,6,0.84209055,eucalyptus,eucalyptus,Correct
114,eucalyptus/Myr.E.camaX400wF(2965)(0)K-2.png,6,6,0.84430665,eucalyptus,eucalyptus,Correct
115,eucalyptus/Myr.E.camaX400wF(2965)(0)K-3_2.png,6,6,0.8448331,eucalyptus,eucalyptus,Correct
116,eucalyptus/Myr.E.camaX400wF(2965)(0)K-8.png,6,6,0.8502889,eucalyptus,eucalyptus,Correct
117,eucalyptus/Myr.E.camaX400wF(2966)(0)L-1_2.png,6,6,0.8422287,eucalyptus,eucalyptus,Correct
118,eucalyptus/Myr.E.camaX400wF(2966)(0)L-5.png,6,6,0.8528752,eucalyptus,eucalyptus,Correct
119,ferula/Api.F.comX400wF(2135)(0)A-12.png,7,7,0.8260851,ferula,ferula,Correct
121,ferula/Api.F.comX400wF(2136)(0)B-3.png,7,7,0.83077824,ferula,ferula,Correct
122,ferula/Api.F.comX400wF(2136)(0)B-9.png,7,7,0.82964575,ferula,ferula,Correct
123,ferula/Api.F.comX400wF(2137)(0)C-3.png,7,7,0.83153796,ferula,ferula,Correct
124,ferula/Api.F.comX400wF(2137)(0)C-4.png,7,7,0.8153786,ferula,ferula,Correct
125,ferula/Api.F.comX400wF(2138)(0)D-21.png,7,7,0.82500434,ferula,ferula,Correct
126,ferula/Api.F.comX400wF(2139)(0)E-25.png,7,7,0.8203226,ferula,ferula,Correct
127,ferula/Api.F.comX400wF(2139)(0)E-27.png,7,7,0.82315,ferula,ferula,Correct
128,myrtus/IMG_3734-107.png,8,8,0.86623573,myrtus,myrtus,Correct
129,myrtus/IMG_3734-117.png,8,8,0.87448376,myrtus,myrtus,Correct
130,myrtus/IMG_3734-121.png,8,8,0.86938375,myrtus,myrtus,Correct
131,myrtus/IMG_3734-123.png,8,8,0.8653295,myrtus,myrtus,Correct
132,myrtus/IMG_3734-31.png,8,8,0.8741557,myrtus,myrtus,Correct
133,myrtus/IMG_3734-45.png,8,8,0.87060976,myrtus,myrtus,Correct
134,myrtus/IMG_3734-51.png,8,8,0.87718475,myrtus,myrtus,Correct
135,myrtus/IMG_3734-6.png,8,8,0.8493147,myrtus,myrtus,Correct
136,myrtus/IMG_3734-61.png,8,8,0.8699152,myrtus,myrtus,Correct
137,myrtus/IMG_3734-62.png,8,8,0.87573504,myrtus,myrtus,Correct
138,myrtus/IMG_3734-63.png,8,8,0.8799761,myrtus,myrtus,Correct
139,myrtus/IMG_3734-75.png,8,8,0.86054695,myrtus,myrtus,Correct
140,myrtus/IMG_3735-2.png,8,8,0.8626032,myrtus,myrtus,Correct
141,myrtus/IMG_3735-34.png,8,8,0.8635183,myrtus,myrtus,Correct
142,myrtus/IMG_3735-38.png,8,8,0.8716055,myrtus,myrtus,Correct
143,myrtus/IMG_3735-42.png,8,8,0.86584,myrtus,myrtus,Correct
144,myrtus/IMG_3736-23.png,8,8,0.8724542,myrtus,myrtus,Correct
145,myrtus/IMG_3736-32.png,8,8,0.87265915,myrtus,myrtus,Correct
146,myrtus/IMG_3736-38.png,8,8,0.8659831,myrtus,myrtus,Correct
147,myrtus/IMG_3736-5.png,8,8,0.8719837,myrtus,myrtus,Correct
148,myrtus/IMG_3736-55.png,8,8,0.8656429,myrtus,myrtus,Correct
149,myrtus/IMG_3736-57.png,8,8,0.8621173,myrtus,myrtus,Correct
150,myrtus/IMG_3736-59.png,8,8,0.8687359,myrtus,myrtus,Correct
151,myrtus/IMG_3736-62.png,8,8,0.8728155,myrtus,myrtus,Correct
152,myrtus/IMG_3736-76.png,8,8,0.8660566,myrtus,myrtus,Correct
153,myrtus/IMG_3736-9.png,8,8,0.8657786,myrtus,myrtus,Correct
154,myrtus/IMG_3737-12.png,8,8,0.86223567,myrtus,myrtus,Correct
155,myrtus/IMG_3737-37.png,8,8,0.8589861,myrtus,myrtus,Correct
156,myrtus/IMG_3737-47.png,8,8,0.8664533,myrtus,myrtus,Correct
157,myrtus/IMG_3737-50.png,8,8,0.861983,myrtus,myrtus,Correct
158,myrtus/IMG_3737-51.png,8,8,0.8596208,myrtus,myrtus,Correct
159,myrtus/IMG_3737-57.png,8,8,0.8646813,myrtus,myrtus,Correct
160,myrtus/IMG_3738-132.png,8,8,0.87868416,myrtus,myrtus,Correct
161,myrtus/IMG_3738-152.png,8,8,0.8627472,myrtus,myrtus,Correct
162,myrtus/IMG_3738-2.png,8,8,0.8620159,myrtus,myrtus,Correct
163,myrtus/IMG_3738-73.png,8,8,0.8701318,myrtus,myrtus,Correct
164,myrtus/IMG_3738-74.png,8,8,0.8671778,myrtus,myrtus,Correct
165,myrtus/IMG_3738-81.png,8,8,0.8424037,myrtus,myrtus,Correct
166,myrtus/IMG_3741-1.png,8,8,0.85839444,myrtus,myrtus,Correct
167,myrtus/IMG_3741-23.png,8,8,0.86919844,myrtus,myrtus,Correct
168,myrtus/IMG_3741-31.png,8,8,0.8558695,myrtus,myrtus,Correct
169,myrtus/IMG_3741-52.png,8,8,0.87509644,myrtus,myrtus,Correct
170,myrtus/IMG_3741-6.png,8,8,0.87066615,myrtus,myrtus,Correct
171,myrtus/IMG_3742-12.png,8,8,0.868521,myrtus,myrtus,Correct
172,myrtus/IMG_3742-13.png,8,8,0.85656583,myrtus,myrtus,Correct
173,myrtus/IMG_3742-25.png,8,8,0.87172484,myrtus,myrtus,Correct
174,myrtus/IMG_3742-41.png,8,8,0.87130976,myrtus,myrtus,Correct
175,myrtus/IMG_3742-48.png,8,8,0.8711668,myrtus,myrtus,Correct
176,myrtus/IMG_3742-50.png,8,8,0.8391653,myrtus,myrtus,Correct
177,myrtus/IMG_3742-51.png,8,8,0.77252346,myrtus,myrtus,Correct
178,myrtus/IMG_3743-2.png,8,8,0.85958815,myrtus,myrtus,Correct
179,myrtus/IMG_3743-30.png,8,8,0.8700142,myrtus,myrtus,Correct
180,myrtus/IMG_3743-38.png,8,8,0.8718061,myrtus,myrtus,Correct
181,myrtus/IMG_3743-41.png,8,8,0.8637159,myrtus,myrtus,Correct
182,myrtus/IMG_3744-42.png,8,8,0.86724085,myrtus,myrtus,Correct
183,myrtus/IMG_3744-52.png,8,8,0.85915285,myrtus,myrtus,Correct
184,myrtus/Myr.M.comX400wF(1095)(1091)A-1.png,8,8,0.86892843,myrtus,myrtus,Correct
185,myrtus/Myr.M.comX400wF(1095)(1091)A-12.png,8,8,0.8697426,myrtus,myrtus,Correct
186,myrtus/Myr.M.comX400wF(1095)(1091)A-13.png,8,8,0.87742686,myrtus,myrtus,Correct
187,myrtus/Myr.M.comX400wF(1095)(1091)A-20.png,8,8,0.87743044,myrtus,myrtus,Correct
188,myrtus/Myr.M.comX400wF(1095)(1091)A-32.png,8,8,0.8636338,myrtus,myrtus,Correct
189,myrtus/Myr.M.comX400wF(1095)(1091)A-4.png,8,8,0.8746739,myrtus,myrtus,Correct
190,myrtus/Myr.M.comX400wF(1095)(1091)A-46.png,8,8,0.8635917,myrtus,myrtus,Correct
191,myrtus/Myr.M.comX400wF(1095)(1091)A-57.png,8,8,0.86440474,myrtus,myrtus,Correct
192,myrtus/Myr.M.comX400wF(1095)(1091)A-65.png,8,8,0.86584073,myrtus,myrtus,Correct
193,myrtus/Myr.M.comX400wF(1095)(1091)A-71.png,8,8,0.86577964,myrtus,myrtus,Correct
194,myrtus/Myr.M.comX400wF(1095)(1091)A-79.png,8,8,0.8693633,myrtus,myrtus,Correct
195,myrtus/Myr.M.comX400wF(1095)(1091)A-81.png,8,8,0.8523281,myrtus,myrtus,Correct
196,myrtus/Myr.M.comX400wF(1095)(1091)A-9.png,8,8,0.86486894,myrtus,myrtus,Correct
197,myrtus/Myr.M.comX400wF(1095)(1091)A-90.png,8,8,0.86729014,myrtus,myrtus,Correct
198,myrtus/Myr.M.comX400wF(1095)(1091)A-91.png,8,8,0.8689015,myrtus,myrtus,Correct
199,myrtus/Myr.M.comX400wF(1097)(1090)C-15.png,8,8,0.8719549,myrtus,myrtus,Correct
200,myrtus/Myr.M.comX400wF(1097)(1090)C-51.png,8,8,0.87379956,myrtus,myrtus,Correct
201,myrtus/Myr.M.comX400wF(1097)(1090)C-61.png,8,8,0.8627347,myrtus,myrtus,Correct
202,myrtus/Myr.M.comX400wF(1097)(1090)C-69.png,8,8,0.8736648,myrtus,myrtus,Correct
203,myrtus/Myr.M.comX400wF(1097)(1090)C-72.png,8,8,0.87152845,myrtus,myrtus,Correct
204,myrtus/Myr.M.comX400wF(1097)(1090)C-79.png,8,8,0.86128724,myrtus,myrtus,Correct
205,myrtus/Myr.M.comX400wF(1097)(1090)C-81.png,8,8,0.8683089,myrtus,myrtus,Correct
206,olea/Ole.O.euroX400wF(4261)(0)A-10.png,9,9,0.8592171,olea,olea,Correct
207,olea/Ole.O.euroX400wF(4261)(0)A-2.png,9,9,0.87925446,olea,olea,Correct
208,olea/Ole.O.euroX400wF(4261)(0)A-20.png,9,9,0.8627449,olea,olea,Correct
209,olea/Ole.O.euroX400wF(4261)(0)A-28.png,9,9,0.85674983,olea,olea,Correct
210,olea/Ole.O.euroX400wF(4261)(0)A-29.png,9,9,0.8699199,olea,olea,Correct
211,olea/Ole.O.euroX400wF(4261)(0)A-32.png,9,9,0.87351215,olea,olea,Correct
212,olea/Ole.O.euroX400wF(4261)(0)A-34.png,9,9,0.85816425,olea,olea,Correct
213,olea/Ole.O.euroX400wF(4261)(0)A-42.png,9,9,0.8620456,olea,olea,Correct
214,olea/Ole.O.euroX400wF(4262)(0)B-12.png,9,9,0.8745123,olea,olea,Correct
215,olea/Ole.O.euroX400wF(4262)(0)B-20.png,9,9,0.85257643,olea,olea,Correct
216,olea/Ole.O.euroX400wF(4262)(0)B-4.png,9,9,0.8784153,olea,olea,Correct
217,olea/Ole.O.euroX400wF(4262)(0)B-7.png,9,9,0.85219526,olea,olea,Correct
218,olea/Ole.O.euroX400wF(4262)(0)B-8.png,9,9,0.8628767,olea,olea,Correct
219,olea/Ole.O.euroX400wF(4262)(0)B-9.png,9,9,0.85022765,olea,olea,Correct
220,olea/Ole.O.euroX400wF(4263)(0)C-101.png,9,9,0.8761278,olea,olea,Correct
221,olea/Ole.O.euroX400wF(4263)(0)C-123.png,9,9,0.8738023,olea,olea,Correct
222,olea/Ole.O.euroX400wF(4263)(0)C-125.png,9,9,0.85493284,olea,olea,Correct
223,olea/Ole.O.euroX400wF(4263)(0)C-131.png,9,9,0.8446444,olea,olea,Correct
224,olea/Ole.O.euroX400wF(4263)(0)C-145.png,9,9,0.29910755,olea,olea,Correct
226,olea/Ole.O.euroX400wF(4263)(0)C-178.png,9,9,0.8702018,olea,olea,Correct
227,olea/Ole.O.euroX400wF(4263)(0)C-185.png,9,9,0.8724277,olea,olea,Correct
228,olea/Ole.O.euroX400wF(4263)(0)C-192.png,9,9,0.87121546,olea,olea,Correct
229,olea/Ole.O.euroX400wF(4263)(0)C-196.png,9,9,0.8610354,olea,olea,Correct
230,olea/Ole.O.euroX400wF(4263)(0)C-197.png,9,9,0.86452955,olea,olea,Correct
231,olea/Ole.O.euroX400wF(4263)(0)C-21.png,9,9,0.8714263,olea,olea,Correct
232,olea/Ole.O.euroX400wF(4263)(0)C-35.png,9,9,0.867915,olea,olea,Correct
233,olea/Ole.O.euroX400wF(4263)(0)C-44.png,9,9,0.86142945,olea,olea,Correct
234,olea/Ole.O.euroX400wF(4263)(0)C-59.png,9,9,0.87417686,olea,olea,Correct
235,olea/Ole.O.euroX400wF(4263)(0)C-64.png,9,9,0.87526035,olea,olea,Correct
236,olea/Ole.O.euroX400wF(4263)(0)C-97.png,9,9,0.81240326,olea,olea,Correct
237,olea/Ole.O.euroX400wF(4264)(0)D-133.png,9,9,0.8797664,olea,olea,Correct
238,olea/Ole.O.euroX400wF(4264)(0)D-14.png,9,9,0.86561775,olea,olea,Correct
239,olea/Ole.O.euroX400wF(4264)(0)D-23.png,9,9,0.88017404,olea,olea,Correct
240,olea/Ole.O.euroX400wF(4264)(0)D-40.png,9,9,0.8773082,olea,olea,Correct
241,olea/Ole.O.euroX400wF(4264)(0)D-43.png,9,9,0.8694243,olea,olea,Correct
242,olea/Ole.O.euroX400wF(4264)(0)D-56.png,9,9,0.8753079,olea,olea,Correct
243,olea/Ole.O.euroX400wF(4264)(0)D-57.png,9,9,0.8608963,olea,olea,Correct
244,olea/Ole.O.euroX400wF(4264)(0)D-58.png,9,9,0.87444484,olea,olea,Correct
245,olea/Ole.O.euroX400wF(4264)(0)D-59.png,9,9,0.8684499,olea,olea,Correct
246,olea/Ole.O.euroX400wF(4264)(0)D-76.png,9,9,0.87673384,olea,olea,Correct
247,olea/Ole.O.euroX400wF(4264)(0)D-89.png,9,9,0.8806241,olea,olea,Correct
248,olea/Ole.O.euroX400wF(4264)(0)D-93.png,9,9,0.8798773,olea,olea,Correct
249,olea/Ole.O.euroX400wF(4265)(0)E-101.png,9,9,0.8710952,olea,olea,Correct
250,olea/Ole.O.euroX400wF(4265)(0)E-102.png,9,9,0.8708994,olea,olea,Correct
251,olea/Ole.O.euroX400wF(4265)(0)E-105.png,9,9,0.8657276,olea,olea,Correct
252,olea/Ole.O.euroX400wF(4265)(0)E-115.png,9,9,0.86124337,olea,olea,Correct
253,olea/Ole.O.euroX400wF(4265)(0)E-12.png,9,9,0.8607532,olea,olea,Correct
254,olea/Ole.O.euroX400wF(4265)(0)E-121.png,9,9,0.87433195,olea,olea,Correct
255,olea/Ole.O.euroX400wF(4265)(0)E-136.png,9,9,0.8586075,olea,olea,Correct
256,olea/Ole.O.euroX400wF(4265)(0)E-146.png,9,9,0.87336665,olea,olea,Correct
257,olea/Ole.O.euroX400wF(4265)(0)E-159.png,9,9,0.8509774,olea,olea,Correct
258,olea/Ole.O.euroX400wF(4265)(0)E-172.png,9,9,0.87410754,olea,olea,Correct
259,olea/Ole.O.euroX400wF(4265)(0)E-173.png,9,9,0.86768717,olea,olea,Correct
260,olea/Ole.O.euroX400wF(4265)(0)E-178.png,9,9,0.8697399,olea,olea,Correct
261,olea/Ole.O.euroX400wF(4265)(0)E-198.png,9,9,0.8673474,olea,olea,Correct
262,olea/Ole.O.euroX400wF(4265)(0)E-213.png,9,9,0.85521936,olea,olea,Correct
263,olea/Ole.O.euroX400wF(4265)(0)E-214.png,9,9,0.8498571,olea,olea,Correct
264,olea/Ole.O.euroX400wF(4265)(0)E-218.png,9,9,0.87534344,olea,olea,Correct
265,olea/Ole.O.euroX400wF(4265)(0)E-22.png,9,9,0.841446,olea,olea,Correct
266,olea/Ole.O.euroX400wF(4265)(0)E-40.png,9,9,0.860936,olea,olea,Correct
267,olea/Ole.O.euroX400wF(4265)(0)E-47.png,9,9,0.86985826,olea,olea,Correct
268,olea/Ole.O.euroX400wF(4265)(0)E-58.png,9,9,0.86367893,olea,olea,Correct
269,olea/Ole.O.euroX400wF(4265)(0)E-91.png,9,9,0.86608094,olea,olea,Correct
270,olea/Ole.O.euroX400wF(4265)(0)E-96.png,9,9,0.87872976,olea,olea,Correct
271,olea/Ole.O.euroX400wF(4266)(0)F-133.png,9,9,0.87171125,olea,olea,Correct
272,olea/Ole.O.euroX400wF(4266)(0)F-14.png,9,9,0.8598631,olea,olea,Correct
273,olea/Ole.O.euroX400wF(4266)(0)F-23.png,9,9,0.86078244,olea,olea,Correct
274,olea/Ole.O.euroX400wF(4266)(0)F-47.png,9,9,0.8356934,olea,olea,Correct
275,olea/Ole.O.euroX400wF(4266)(0)F-60.png,9,9,0.8651373,olea,olea,Correct
276,olea/Ole.O.euroX400wF(4266)(0)F-67.png,9,9,0.8673598,olea,olea,Correct
277,olea/Ole.O.euroX400wF(4266)(0)F-68.png,9,9,0.86757743,olea,olea,Correct
278,olea/Ole.O.euroX400wF(4266)(0)F-8.png,9,9,0.86523545,olea,olea,Correct
279,olea/Ole.O.euroX400wF(4266)(0)F-87.png,9,9,0.8675306,olea,olea,Correct
280,olea/Ole.O.euroX400wF(4267)(0)G-24.png,9,9,0.86492425,olea,olea,Correct
281,olea/Ole.O.euroX400wF(4267)(0)G-27.png,9,9,0.87161595,olea,olea,Correct
282,olea/Ole.O.euroX400wF(4267)(0)G-45.png,9,9,0.87839526,olea,olea,Correct
283,olea/Ole.O.euroX400wF(4267)(0)G-54.png,9,9,0.8793638,olea,olea,Correct
285,origanum/Lam.O.micX400wF(884)(0)A-11.png,10,10,0.87072474,origanum,origanum,Correct
286,origanum/Lam.O.micX400wF(884)(0)A-15.png,10,10,0.8642335,origanum,origanum,Correct
288,origanum/Lam.O.micX400wF(886)(0)C-24.png,10,10,0.87339085,origanum,origanum,Correct
289,origanum/Lam.O.micX400wF(886)(0)C-52.png,10,10,0.8807975,origanum,origanum,Correct
290,origanum/Lam.O.micX400wF(886)(0)C-54.png,10,10,0.86250615,origanum,origanum,Correct
291,origanum/Lam.O.micX400wF(887)(0)D-1.png,10,10,0.871627,origanum,origanum,Correct
292,origanum/Lam.O.micX400wF(887)(0)D-11.png,10,10,0.84128815,origanum,origanum,Correct
293,origanum/Lam.O.micX400wF(887)(0)D-7.png,10,10,0.8471883,origanum,origanum,Correct
294,origanum/Lam.O.micX400wF(888)(0)E-7.png,10,10,0.8419708,origanum,origanum,Correct
295,origanum/Lam.O.micX400wF(889)(0)F-12.png,10,10,0.84063184,origanum,origanum,Correct
296,origanum/Lam.O.micX400wF(889)(0)F-14.png,10,10,0.8618325,origanum,origanum,Correct
297,origanum/Lam.O.micX400wF(889)(0)F-19.png,10,10,0.8733046,origanum,origanum,Correct
298,origanum/Lam.O.micX400wF(889)(0)F-21.png,10,10,0.8612682,origanum,origanum,Correct
299,origanum/Lam.O.micX400wF(889)(0)F-35.png,10,10,0.87346715,origanum,origanum,Correct
300,origanum/Lam.O.micX400wF(889)(0)F-48.png,10,10,0.8709206,origanum,origanum,Correct
301,origanum/Lam.O.micX400wF(889)(0)F-64.png,10,10,0.8580778,origanum,origanum,Correct
302,oxalis/Oxa.O.pes.cX400wF(1733)(0)A-3.png,11,11,0.49649912,oxalis,oxalis,Correct
303,oxalis/Oxa.O.pes.cX400wF(1733)(0)A-6.png,11,11,0.84956306,oxalis,oxalis,Correct
304,oxalis/Oxa.O.pes.cX400wF(1735)(0)C-11.png,11,11,0.85921824,oxalis,oxalis,Correct
305,oxalis/Oxa.O.pes.cX400wF(1735)(0)C-7.png,11,11,0.860357,oxalis,oxalis,Correct
306,oxalis/Oxa.O.pes.cX400wF(1736)(0)D-9.png,11,11,0.8542628,oxalis,oxalis,Correct
307,oxalis/Oxa.O.pes.cX400wF(1738)(0)F-13.png,11,11,0.8572695,oxalis,oxalis,Correct
308,oxalis/Oxa.O.pes.cX400wF(1739)(0)G-3.png,11,11,0.8467774,oxalis,oxalis,Correct
309,oxalis/Oxa.O.pes.cX400wF(1739)(0)G-6.png,11,11,0.85059625,oxalis,oxalis,Correct
310,oxalis/Oxa.O.pes.cX400wF(1741)(0)I-1.png,11,11,0.8594503,oxalis,oxalis,Correct
311,oxalis/Oxa.O.pes.cX400wF(1741)(0)I-11.png,11,11,0.8482353,oxalis,oxalis,Correct
312,oxalis/Oxa.O.pes.cX400wF(1741)(0)I-4.png,11,11,0.8578321,oxalis,oxalis,Correct
313,oxalis/Oxa.O.pes.cX400wF(1741)(0)I-9.png,11,11,0.8583709,oxalis,oxalis,Correct
314,oxalis/Oxa.O.pes.cX400wF(1742)(1741)J-12.png,11,11,0.8604726,oxalis,oxalis,Correct
316,pinus/Pin.P.brutX400wF(3171)(0)A-1.png,12,12,0.88667136,pinus,pinus,Correct
317,pinus/Pin.P.brutX400wF(3174)(0)D-5.png,12,12,0.8833216,pinus,pinus,Correct
318,pinus/Pin.P.brutX400wF(3177)(0)G-4.png,12,12,0.8830322,pinus,pinus,Correct
319,pistacia/Ana.P.tereX400wF(3224)(0)C-5.png,13,13,0.8959543,pistacia,pistacia,Correct
320,pistacia/Ana.P.tereX400wF(3225)(0)D-1.png,13,13,0.90006775,pistacia,pistacia,Correct
321,pistacia/Ana.P.tereX400wF(3227)(0)F-3.png,13,13,0.8965102,pistacia,pistacia,Correct
322,pistacia/Ana.P.tereX400wF(3227)(0)F-4.png,13,13,0.9029265,pistacia,pistacia,Correct
323,salvia/Lam.S.triX400wF(2188)(0)A-8.png,14,14,0.8493969,salvia,salvia,Correct
324,salvia/Lam.S.triX400wF(2189)(0)B-57.png,14,14,0.8561205,salvia,salvia,Correct
325,salvia/Lam.S.triX400wF(2189)(0)B-8.png,14,14,0.8462182,salvia,salvia,Correct
326,salvia/Lam.S.triX400wF(2190)(0)C-10.png,14,14,0.8503629,salvia,salvia,Correct
327,salvia/Lam.S.triX400wF(2190)(0)C-23.png,14,14,0.83327585,salvia,salvia,Correct
328,salvia/Lam.S.triX400wF(2190)(0)C-26.png,14,14,0.8493164,salvia,salvia,Correct
329,salvia/Lam.S.triX400wF(2190)(0)C-29.png,14,14,0.84583145,salvia,salvia,Correct
330,salvia/Lam.S.triX400wF(2190)(0)C-31.png,14,14,0.83997554,salvia,salvia,Correct
331,salvia/Lam.S.triX400wF(2190)(0)C-35.png,14,14,0.8429344,salvia,salvia,Correct
332,salvia/Lam.S.triX400wF(2191)(0)D-1.png,14,14,0.7021147,salvia,salvia,Correct
333,salvia/Lam.S.triX400wF(2191)(0)D-3.png,14,14,0.8437978,salvia,salvia,Correct
334,salvia/Lam.S.triX400wF(2191)(0)D-37.png,14,14,0.84716666,salvia,salvia,Correct
335,salvia/Lam.S.triX400wF(2191)(0)D-40.png,14,14,0.8426836,salvia,salvia,Correct
336,salvia/Lam.S.triX400wF(2191)(0)D-41.png,14,14,0.84483844,salvia,salvia,Correct
337,salvia/Lam.S.triX400wF(2192)(0)E-1.png,14,14,0.8159883,salvia,salvia,Correct
338,salvia/Lam.S.triX400wF(2192)(0)E-9.png,14,14,0.8266682,salvia,salvia,Correct
339,salvia/Lam.S.triX400wF(2193)(0)F-6.png,14,14,0.85209656,salvia,salvia,Correct
340,satureja/Lam.S.thyX400wF(941)(937)A-12.png,15,15,0.8890873,satureja,satureja,Correct
341,satureja/Lam.S.thyX400wF(941)(937)A-2.png,15,15,0.8841093,satureja,satureja,Correct
343,satureja/Lam.S.thyX400wF(942)(935)B-8.png,15,15,0.893345,satureja,satureja,Correct
344,satureja/Lam.S.thyX400wF(943)(990)C-4.png,15,15,0.88680327,satureja,satureja,Correct
345,satureja/Lam.S.thyX400wF(944)(940)E-3.png,15,15,0.8740874,satureja,satureja,Correct
347,sinapis/Bra.S.albX400wF(2150)(0)A-6.png,16,16,0.8892056,sinapis,sinapis,Correct
348,sinapis/Bra.S.albX400wF(2150)(0)A-8.png,16,16,0.90894884,sinapis,sinapis,Correct
349,sinapis/Bra.S.albX400wF(2151)(0)B-27.png,16,16,0.84271425,sinapis,sinapis,Correct
350,sinapis/Bra.S.albX400wF(2152)(0)C-21.png,16,16,0.90241724,sinapis,sinapis,Correct
351,sinapis/Bra.S.albX400wF(2152)(0)C-7.png,16,16,0.9011994,sinapis,sinapis,Correct
352,sinapis/Bra.S.albX400wF(2153)(0)D-13.png,16,16,0.8982991,sinapis,sinapis,Correct
353,sinapis/Bra.S.albX400wF(2153)(0)D-20.png,16,16,0.8873382,sinapis,sinapis,Correct
354,sinapis/Bra.S.albX400wF(2153)(0)D-25.png,16,16,0.87824106,sinapis,sinapis,Correct
355,sinapis/Bra.S.albX400wF(2153)(0)D-8.png,16,16,0.89270234,sinapis,sinapis,Correct
356,sinapis/Bra.S.albX400wF(2153)(0)D-9.png,16,16,0.8855259,sinapis,sinapis,Correct
357,sinapis/Bra.S.albX400wF(2154)(0)E-17.png,16,16,0.8962478,sinapis,sinapis,Correct
358,sinapis/Bra.S.albX400wF(2154)(0)E-4.png,16,16,0.869544,sinapis,sinapis,Correct
359,sinapis/Bra.S.albX400wF(2155)(0)F-10.png,16,16,0.8894297,sinapis,sinapis,Correct
360,sinapis/Bra.S.albX400wF(2155)(0)F-8.png,16,16,0.8801955,sinapis,sinapis,Correct
361,sinapis/IMG_3701-1.png,16,16,0.8966687,sinapis,sinapis,Correct
362,sinapis/IMG_3704-2.png,16,16,0.8926276,sinapis,sinapis,Correct
363,sinapis/IMG_3706-11.png,16,16,0.8972946,sinapis,sinapis,Correct
364,sinapis/IMG_3708-1.png,16,16,0.9084371,sinapis,sinapis,Correct
365,sinapis/IMG_3708-14.png,16,16,0.8879274,sinapis,sinapis,Correct
366,sinapis/IMG_3708-7.png,16,16,0.89938945,sinapis,sinapis,Correct
367,thymbra/Lam.T.capX400wF(1029)(0)A-1.png,17,17,0.8536552,thymbra,thymbra,Correct
368,thymbra/Lam.T.capX400wF(1029)(0)A-5.png,17,17,0.8548349,thymbra,thymbra,Correct
369,thymbra/Lam.T.capX400wF(1031)(0)C-13.png,17,17,0.8535811,thymbra,thymbra,Correct
370,thymbra/Lam.T.capX400wF(1031)(0)C-15.png,17,17,0.84069973,thymbra,thymbra,Correct
371,thymbra/Lam.T.capX400wF(1031)(0)C-2.png,17,17,0.82702917,thymbra,thymbra,Correct
372,thymbra/Lam.T.capX400wF(1031)(0)C-3.png,17,17,0.85442877,thymbra,thymbra,Correct
373,thymbra/Lam.T.capX400wF(1031)(0)C-5.png,17,17,0.8289538,thymbra,thymbra,Correct
374,thymbra/Lam.T.capX400wF(1033)(0)E-4.png,17,17,0.8553802,thymbra,thymbra,Correct
375,thymbra/Lam.T.capX400wF(1033)(0)E-6.png,17,17,0.84830165,thymbra,thymbra,Correct
376,thymbra/Lam.T.capX400wF(1033)(0)E-8.png,17,17,0.8549845,thymbra,thymbra,Correct
377,thymbra/x40 f (2)-2.png,17,17,0.84240824,thymbra,thymbra,Correct
378,thymbra/x40 f (2)-4.png,17,17,0.85697114,thymbra,thymbra,Correct
379,thymbra/x40 f (5)-10.png,17,17,0.8721174,thymbra,thymbra,Correct
380,thymbra/x40 f (6)-5.png,17,17,0.8485911,thymbra,thymbra,Correct
381,thymbra/x40 f (7)-6.png,17,17,0.8575067,thymbra,thymbra,Correct
382,urginea/Asp.U.marX400wF(5317)(0)A-3.png,18,18,0.7964515,urginea,urginea,Correct
383,urginea/Asp.U.marX400wF(5317)(0)A-8.png,18,18,0.825395,urginea,urginea,Correct
384,urginea/Asp.U.marX400wF(5319)(0)C-16.png,18,18,0.8271617,urginea,urginea,Correct
385,urginea/Asp.U.marX400wF(5319)(0)C-9.png,18,18,0.81724083,urginea,urginea,Correct
386,urginea/Asp.U.marX400wF(5320)(0)D-2.png,18,18,0.822454,urginea,urginea,Correct
387,urginea/Asp.U.marX400wF(5321)(0)E-6.png,18,18,0.8130461,urginea,urginea,Correct
388,urginea/Asp.U.marX400wF(5321)(0)E-9.png,18,18,0.8055298,urginea,urginea,Correct
389,urginea/Asp.U.marX400wF(5323)(0)G-14.png,18,18,0.8241545,urginea,urginea,Correct
390,urginea/Asp.U.marX400wF(5323)(0)G-5.png,18,18,0.8213676,urginea,urginea,Correct
391,urginea/Asp.U.marX400wF(5323)(0)G-6.png,18,18,0.8024712,urginea,urginea,Correct
392,urginea/Asp.U.marX400wF(5324)(0)H-14.png,18,18,0.8277748,urginea,urginea,Correct
394,vitis/Vit.V.viniX400wF(4979)(0)B-12.png,19,19,0.8578379,vitis,vitis,Correct
395,vitis/Vit.V.viniX400wF(4979)(0)B-13.png,19,19,0.8595358,vitis,vitis,Correct
396,vitis/Vit.V.viniX400wF(4979)(0)B-5.png,19,19,0.86740106,vitis,vitis,Correct
397,vitis/Vit.V.viniX400wF(4980)(0)C-18.png,19,19,0.866798,vitis,vitis,Correct
398,vitis/Vit.V.viniX400wF(4980)(0)C-27.png,19,19,0.85269517,vitis,vitis,Correct
399,vitis/Vit.V.viniX400wF(4980)(0)C-30.png,19,19,0.85695577,vitis,vitis,Correct
400,vitis/Vit.V.viniX400wF(4980)(0)C-4.png,19,19,0.85959834,vitis,vitis,Correct
401,vitis/Vit.V.viniX400wF(4981)(0)D-13.png,19,19,0.8544192,vitis,vitis,Correct
402,vitis/Vit.V.viniX400wF(4981)(0)D-16.png,19,19,0.86413336,vitis,vitis,Correct
403,vitis/Vit.V.viniX400wF(4981)(0)D-30.png,19,19,0.8548743,vitis,vitis,Correct
404,vitis/Vit.V.viniX400wF(4981)(0)D-5.png,19,19,0.79633427,vitis,vitis,Correct
405,vitis/Vit.V.viniX400wF(4981)(0)D-6.png,19,19,0.86048806,vitis,vitis,Correct
406,vitis/Vit.V.viniX400wF(4982)(0)E-20.png,19,19,0.85651755,vitis,vitis,Correct
407,vitis/Vit.V.viniX400wF(4982)(0)E-7.png,19,19,0.85759795,vitis,vitis,Correct
408,vitis/Vit.V.viniX400wF(4983)(0)F-11.png,19,19,0.85295737,vitis,vitis,Correct
409,vitis/Vit.V.viniX400wF(4983)(0)F-20.png,19,19,0.8525218,vitis,vitis,Correct
410,vitis/Vit.V.viniX400wF(4983)(0)F-7.png,19,19,0.8585414,vitis,vitis,Correct
411,vitis/Vit.V.viniX400wF(4984)(0)G-15.png,19,19,0.85734886,vitis,vitis,Correct
412,vitis/Vit.V.viniX400wF(4984)(0)G-16.png,19,19,0.85190654,vitis,vitis,Correct
413,vitis/Vit.V.viniX400wF(4984)(0)G-20.png,19,19,0.85616595,vitis,vitis,Correct
414,vitis/Vit.V.viniX400wF(4984)(0)G-47.png,19,19,0.8490334,vitis,vitis,Correct
416,vitis/Vit.V.viniX400wF(4984)(0)G-58.png,19,19,0.8526568,vitis,vitis,Correct
417,vitis/Vit.V.viniX400wF(4985)(0)H-30.png,19,19,0.8466816,vitis,vitis,Correct
418,vitis/Vit.V.viniX400wF(4985)(0)H-34.png,19,19,0.8728984,vitis,vitis,Correct
419,vitis/Vit.V.viniX400wF(4985)(0)H-7.png,19,19,0.8540771,vitis,vitis,Correct
0,asphodelus/Asp.A.ramX400wF(1984)(0)A-10.png,0,0,0.91919553,asphodelus,asphodelus,Correct
1,asphodelus/Asp.A.ramX400wF(1984)(0)A-5.png,0,0,0.9013303,asphodelus,asphodelus,Correct
2,asphodelus/Asp.A.ramX400wF(1988)(0)E-3.png,0,0,0.9108326,asphodelus,asphodelus,Correct
3,calicotome/Fab.C.vilX400wF(2016)(0)A-13.png,1,1,0.8590425,calicotome,calicotome,Correct
6,calicotome/Fab.C.vilX400wF(2016)(0)A-3.png,1,1,0.856093,calicotome,calicotome,Correct
7,calicotome/Fab.C.vilX400wF(2016)(0)A-4.png,1,1,0.85445416,calicotome,calicotome,Correct
8,calicotome/Fab.C.vilX400wF(2017)(0)B-2.png,1,1,0.8174613,calicotome,calicotome,Correct
9,calicotome/Fab.C.vilX400wF(2018)(0)C-13.png,1,1,0.8581418,calicotome,calicotome,Correct
11,calicotome/Fab.C.vilX400wF(2018)(0)C-17.png,1,1,0.8546133,calicotome,calicotome,Correct
14,calicotome/Fab.C.vilX400wF(2019)(0)D-100.png,1,1,0.8572743,calicotome,calicotome,Correct
15,calicotome/Fab.C.vilX400wF(2019)(0)D-114.png,1,1,0.8576019,calicotome,calicotome,Correct
16,calicotome/Fab.C.vilX400wF(2019)(0)D-117.png,1,1,0.85257244,calicotome,calicotome,Correct
17,calicotome/Fab.C.vilX400wF(2019)(0)D-17.png,1,1,0.8196262,calicotome,calicotome,Correct
18,calicotome/Fab.C.vilX400wF(2019)(0)D-27.png,1,1,0.85058403,calicotome,calicotome,Correct
19,calicotome/Fab.C.vilX400wF(2019)(0)D-31.png,1,1,0.8465286,calicotome,calicotome,Correct
20,calicotome/Fab.C.vilX400wF(2019)(0)D-45.png,1,1,0.8507703,calicotome,calicotome,Correct
21,calicotome/Fab.C.vilX400wF(2019)(0)D-69.png,1,1,0.8491408,calicotome,calicotome,Correct
22,calicotome/Fab.C.vilX400wF(2019)(0)D-97.png,1,1,0.85600436,calicotome,calicotome,Correct
23,calicotome/Fab.C.vilX400wF(2019)(0)D-98.png,1,1,0.8510138,calicotome,calicotome,Correct
24,calicotome/Fab.C.vilX400wF(2020)(0)E-11.png,1,1,0.8605255,calicotome,calicotome,Correct
25,calicotome/Fab.C.vilX400wF(2020)(0)E-15.png,1,1,0.852846,calicotome,calicotome,Correct
26,calicotome/Fab.C.vilX400wF(2020)(0)E-28.png,1,1,0.85328376,calicotome,calicotome,Correct
27,calicotome/Fab.C.vilX400wF(2020)(0)E-3.png,1,1,0.85265046,calicotome,calicotome,Correct
28,calicotome/Fab.C.vilX400wF(2020)(0)E-6.png,1,1,0.85601383,calicotome,calicotome,Correct
29,calicotome/Fab.C.vilX400wF(2020)(0)E-69.png,1,1,0.85680646,calicotome,calicotome,Correct
30,calicotome/Fab.C.vilX400wF(2020)(0)E-70.png,1,1,0.8582015,calicotome,calicotome,Correct
31,calicotome/Fab.C.vilX400wF(2020)(0)E-78.png,1,1,0.8524019,calicotome,calicotome,Correct
32,calicotome/Fab.C.vilX400wF(2020)(0)E-86.png,1,1,0.85529894,calicotome,calicotome,Correct
33,castanea/Fag.C.satX400wF(781)(0)A-19.png,2,2,0.7766809,castanea,castanea,Correct
34,castanea/Fag.C.satX400wF(781)(0)A-22.png,2,2,0.8034815,castanea,castanea,Correct
35,castanea/Fag.C.satX400wF(782)(0)B-1.png,2,2,0.8170353,castanea,castanea,Correct
36,castanea/Fag.C.satX400wF(782)(0)B-13.png,2,2,0.8001027,castanea,castanea,Correct
37,castanea/Fag.C.satX400wF(783)(0)C-9.png,2,2,0.8134223,castanea,castanea,Correct
38,castanea/Fag.C.satX400wF(784)(0)D-6.png,2,2,0.80493915,castanea,castanea,Correct
39,castanea/Fag.C.satX400wF(785)(0)E-2.png,2,2,0.8091625,castanea,castanea,Correct
40,castanea/Fag.C.satX400wF(786)(0)F-1.png,2,2,0.80287796,castanea,castanea,Correct
41,castanea/Fag.C.satX400wF(786)(0)F-10.png,2,2,0.81929463,castanea,castanea,Correct
42,castanea/Fag.C.satX400wF(792)(781)G-12.png,2,2,0.8075813,castanea,castanea,Correct
43,castanea/Fag.C.satX400wF(792)(781)G-25.png,2,2,0.79843044,castanea,castanea,Correct
44,castanea/Fag.C.satX400wF(792)(781)G-26.png,2,2,0.8111989,castanea,castanea,Correct
45,castanea/Fag.C.satX400wF(792)(781)G-42.png,2,2,0.8083434,castanea,castanea,Correct
46,castanea/Fag.C.satX400wF(792)(781)G-48.png,2,2,0.8204279,castanea,castanea,Correct
47,castanea/Fag.C.satX400wF(792)(781)G-50.png,2,2,0.811914,castanea,castanea,Correct
48,castanea/Fag.C.satX400wF(792)(781)G-55.png,2,2,0.79897195,castanea,castanea,Correct
49,castanea/Fag.C.satX400wF(792)(781)G-8.png,2,2,0.81731457,castanea,castanea,Correct
50,castanea/Fag.C.satX400wF(793)(781)H-14.png,2,2,0.8202176,castanea,castanea,Correct
51,castanea/Fag.C.satX400wF(793)(781)H-16.png,2,2,0.8204366,castanea,castanea,Correct
52,castanea/Fag.C.satX400wF(793)(781)H-29.png,2,2,0.8139382,castanea,castanea,Correct
53,castanea/Fag.C.satX400wF(793)(781)H-48.png,2,2,0.8091782,castanea,castanea,Correct
54,castanea/Fag.C.satX400wF(793)(781)H-51.png,2,2,0.81636447,castanea,castanea,Correct
55,ceratonia/Fab.C.silX400wF(475)(0)A-13.png,3,3,0.81005436,ceratonia,ceratonia,Correct
56,ceratonia/Fab.C.silX400wF(475)(0)A-18.png,3,3,0.9078344,ceratonia,ceratonia,Correct
57,ceratonia/Fab.C.silX400wF(475)(0)A-4.png,3,3,0.9059827,ceratonia,ceratonia,Correct
58,ceratonia/Fab.C.silX400wF(475)(0)A-9.png,3,3,0.8904732,ceratonia,ceratonia,Correct
59,ceratonia/Fab.C.silX400wF(476)(0)B-12.png,3,3,0.90384984,ceratonia,ceratonia,Correct
60,ceratonia/Fab.C.silX400wF(476)(0)B-15.png,3,3,0.86653596,ceratonia,ceratonia,Correct
61,ceratonia/Fab.C.silX400wF(478)(0)D-4.png,3,3,0.90536875,ceratonia,ceratonia,Correct
62,ceratonia/Fab.C.silX400wF(480)(0)F-3.png,3,3,0.89479667,ceratonia,ceratonia,Correct
63,ceratonia/Fab.C.silX400wF(481)(0)G-18.png,3,3,0.62526363,ceratonia,ceratonia,Correct
64,ceratonia/Fab.C.silX400wF(481)(0)G-19.png,3,3,0.91184217,ceratonia,ceratonia,Correct
65,ebenus/Fab.E.creX400wF(694)(0)B-6.png,4,4,0.7113913,ebenus,ebenus,Correct
66,ebenus/Fab.E.creX400wF(698)(0)F-4.png,4,4,0.7816525,ebenus,ebenus,Correct
67,erica/Eri.E.maniX400wF(5355)(0)A-12.png,5,5,0.82514995,erica,erica,Correct
68,erica/Eri.E.maniX400wF(5355)(0)A-14.png,5,5,0.84352106,erica,erica,Correct
69,erica/Eri.E.maniX400wF(5355)(0)A-18.png,5,5,0.8525436,erica,erica,Correct
70,erica/Eri.E.maniX400wF(5355)(0)A-21.png,5,5,0.7921442,erica,erica,Correct
71,erica/Eri.E.maniX400wF(5355)(0)A-7.png,5,5,0.84160626,erica,erica,Correct
72,erica/Eri.E.maniX400wF(5355)(0)A-8.png,5,5,0.82828814,erica,erica,Correct
74,erica/Eri.E.maniX400wF(5357)(0)C-13.png,5,5,0.8371431,erica,erica,Correct
75,erica/Eri.E.maniX400wF(5357)(0)C-6.png,5,5,0.84871113,erica,erica,Correct
76,erica/Eri.E.maniX400wF(5358)(0)D-6.png,5,5,0.8259661,erica,erica,Correct
77,erica/Eri.E.maniX400wF(5358)(0)D-9.png,5,5,0.8417491,erica,erica,Correct
78,erica/Eri.E.maniX400wF(5359)(0)E-11.png,5,5,0.8568547,erica,erica,Correct
79,erica/Eri.E.maniX400wF(5359)(0)E-14.png,5,5,0.8695518,erica,erica,Correct
81,erica/Eri.E.maniX400wF(5360)(0)F-43.png,5,5,0.8333587,erica,erica,Correct
83,erica/Eri.E.maniX400wF(5361)(0)G-17.png,5,5,0.8463355,erica,erica,Correct
84,erica/Eri.E.maniX400wF(5362)(0)H-1.png,5,5,0.8551306,erica,erica,Correct
85,eucalyptus/Myr.E.camaX400wF(1866)(0)A-4.png,6,6,0.8774192,eucalyptus,eucalyptus,Correct
86,eucalyptus/Myr.E.camaX400wF(1866)(0)A-7.png,6,6,0.87395054,eucalyptus,eucalyptus,Correct
87,eucalyptus/Myr.E.camaX400wF(1867)(0)B-5.png,6,6,0.8734686,eucalyptus,eucalyptus,Correct
88,eucalyptus/Myr.E.camaX400wF(1867)(0)B-6_2.png,6,6,0.88172644,eucalyptus,eucalyptus,Correct
89,eucalyptus/Myr.E.camaX400wF(1868)(0)C-2.png,6,6,0.8809217,eucalyptus,eucalyptus,Correct
90,eucalyptus/Myr.E.camaX400wF(1869)(0)D-10_2.png,6,6,0.88369733,eucalyptus,eucalyptus,Correct
91,eucalyptus/Myr.E.camaX400wF(1871)(0)F-11_2.png,6,6,0.8886123,eucalyptus,eucalyptus,Correct
92,eucalyptus/Myr.E.camaX400wF(1871)(0)F-12.png,6,6,0.86868644,eucalyptus,eucalyptus,Correct
93,eucalyptus/Myr.E.camaX400wF(1871)(0)F-1_2.png,6,6,0.87168527,eucalyptus,eucalyptus,Correct
94,eucalyptus/Myr.E.camaX400wF(1871)(0)F-4.png,6,6,0.8932805,eucalyptus,eucalyptus,Correct
95,eucalyptus/Myr.E.camaX400wF(1871)(0)F-5_2.png,6,6,0.88138646,eucalyptus,eucalyptus,Correct
96,eucalyptus/Myr.E.camaX400wF(1872)(0)G-1_2.png,6,6,0.87960213,eucalyptus,eucalyptus,Correct
97,eucalyptus/Myr.E.camaX400wF(1872)(0)G-7_2.png,6,6,0.8843989,eucalyptus,eucalyptus,Correct
98,eucalyptus/Myr.E.camaX400wF(2962)(0)H-12_2.png,6,6,0.881361,eucalyptus,eucalyptus,Correct
99,eucalyptus/Myr.E.camaX400wF(2962)(0)H-14_2.png,6,6,0.88826597,eucalyptus,eucalyptus,Correct
100,eucalyptus/Myr.E.camaX400wF(2962)(0)H-16_2.png,6,6,0.8792489,eucalyptus,eucalyptus,Correct
101,eucalyptus/Myr.E.camaX400wF(2962)(0)H-17.png,6,6,0.8815934,eucalyptus,eucalyptus,Correct
102,eucalyptus/Myr.E.camaX400wF(2962)(0)H-18.png,6,6,0.8696047,eucalyptus,eucalyptus,Correct
103,eucalyptus/Myr.E.camaX400wF(2962)(0)H-2.png,6,6,0.8673367,eucalyptus,eucalyptus,Correct
104,eucalyptus/Myr.E.camaX400wF(2962)(0)H-21_2.png,6,6,0.8833895,eucalyptus,eucalyptus,Correct
105,eucalyptus/Myr.E.camaX400wF(2962)(0)H-23_2.png,6,6,0.883012,eucalyptus,eucalyptus,Correct
106,eucalyptus/Myr.E.camaX400wF(2962)(0)H-25_2.png,6,6,0.8817839,eucalyptus,eucalyptus,Correct
108,eucalyptus/Myr.E.camaX400wF(2963)(0)I-13_2.png,6,6,0.8767902,eucalyptus,eucalyptus,Correct
109,eucalyptus/Myr.E.camaX400wF(2963)(0)I-2_2.png,6,6,0.87793773,eucalyptus,eucalyptus,Correct
110,eucalyptus/Myr.E.camaX400wF(2964)(0)J-12_2.png,6,6,0.8800765,eucalyptus,eucalyptus,Correct
111,eucalyptus/Myr.E.camaX400wF(2964)(0)J-14_2.png,6,6,0.8876762,eucalyptus,eucalyptus,Correct
112,eucalyptus/Myr.E.camaX400wF(2964)(0)J-24_2.png,6,6,0.8833716,eucalyptus,eucalyptus,Correct
113,eucalyptus/Myr.E.camaX400wF(2964)(0)J-3_2.png,6,6,0.88440883,eucalyptus,eucalyptus,Correct
114,eucalyptus/Myr.E.camaX400wF(2964)(0)J-5_2.png,6,6,0.88661385,eucalyptus,eucalyptus,Correct
115,eucalyptus/Myr.E.camaX400wF(2964)(0)J-8_2.png,6,6,0.8901046,eucalyptus,eucalyptus,Correct
116,eucalyptus/Myr.E.camaX400wF(2965)(0)K-12.png,6,6,0.88433814,eucalyptus,eucalyptus,Correct
117,eucalyptus/Myr.E.camaX400wF(2965)(0)K-5.png,6,6,0.89321434,eucalyptus,eucalyptus,Correct
118,eucalyptus/Myr.E.camaX400wF(2966)(0)L-10.png,6,6,0.88943315,eucalyptus,eucalyptus,Correct
119,ferula/Api.F.comX400wF(2135)(0)A-3.png,7,7,0.8173901,ferula,ferula,Correct
120,ferula/Api.F.comX400wF(2135)(0)A-6.png,7,7,0.8277999,ferula,ferula,Correct
121,ferula/Api.F.comX400wF(2136)(0)B-11.png,7,7,0.8466075,ferula,ferula,Correct
122,ferula/Api.F.comX400wF(2136)(0)B-12.png,7,7,0.83842844,ferula,ferula,Correct
123,ferula/Api.F.comX400wF(2136)(0)B-7.png,7,7,0.8301782,ferula,ferula,Correct
124,ferula/Api.F.comX400wF(2137)(0)C-12.png,7,7,0.82922953,ferula,ferula,Correct
125,ferula/Api.F.comX400wF(2137)(0)C-6.png,7,7,0.8281902,ferula,ferula,Correct
126,ferula/Api.F.comX400wF(2138)(0)D-8.png,7,7,0.8330871,ferula,ferula,Correct
127,ferula/Api.F.comX400wF(2139)(0)E-6.png,7,7,0.80419314,ferula,ferula,Correct
128,myrtus/IMG_3734-100.png,8,8,0.816398,myrtus,myrtus,Correct
129,myrtus/IMG_3734-104.png,8,8,0.82129127,myrtus,myrtus,Correct
130,myrtus/IMG_3734-106.png,8,8,0.81662947,myrtus,myrtus,Correct
131,myrtus/IMG_3734-125.png,8,8,0.8143345,myrtus,myrtus,Correct
132,myrtus/IMG_3734-129.png,8,8,0.81576294,myrtus,myrtus,Correct
133,myrtus/IMG_3734-131.png,8,8,0.81711406,myrtus,myrtus,Correct
134,myrtus/IMG_3734-133.png,8,8,0.8128507,myrtus,myrtus,Correct
135,myrtus/IMG_3734-43.png,8,8,0.8199744,myrtus,myrtus,Correct
136,myrtus/IMG_3734-54.png,8,8,0.8168408,myrtus,myrtus,Correct
137,myrtus/IMG_3734-70.png,8,8,0.820273,myrtus,myrtus,Correct
138,myrtus/IMG_3734-72.png,8,8,0.8160097,myrtus,myrtus,Correct
139,myrtus/IMG_3734-74.png,8,8,0.8160949,myrtus,myrtus,Correct
140,myrtus/IMG_3734-76.png,8,8,0.8139658,myrtus,myrtus,Correct
141,myrtus/IMG_3734-79.png,8,8,0.81803995,myrtus,myrtus,Correct
142,myrtus/IMG_3734-99.png,8,8,0.8291321,myrtus,myrtus,Correct
143,myrtus/IMG_3735-15.png,8,8,0.81799066,myrtus,myrtus,Correct
144,myrtus/IMG_3735-27.png,8,8,0.8194707,myrtus,myrtus,Correct
145,myrtus/IMG_3735-28.png,8,8,0.8120224,myrtus,myrtus,Correct
146,myrtus/IMG_3735-7.png,8,8,0.8150563,myrtus,myrtus,Correct
147,myrtus/IMG_3736-22.png,8,8,0.81659395,myrtus,myrtus,Correct
148,myrtus/IMG_3736-3.png,8,8,0.8157715,myrtus,myrtus,Correct
149,myrtus/IMG_3736-6.png,8,8,0.81796855,myrtus,myrtus,Correct
150,myrtus/IMG_3736-67.png,8,8,0.81444573,myrtus,myrtus,Correct
151,myrtus/IMG_3736-79.png,8,8,0.81650865,myrtus,myrtus,Correct
152,myrtus/IMG_3737-13.png,8,8,0.8134495,myrtus,myrtus,Correct
153,myrtus/IMG_3737-35.png,8,8,0.8244161,myrtus,myrtus,Correct
154,myrtus/IMG_3737-40.png,8,8,0.81726086,myrtus,myrtus,Correct
155,myrtus/IMG_3737-48.png,8,8,0.8174467,myrtus,myrtus,Correct
156,myrtus/IMG_3737-49.png,8,8,0.81734663,myrtus,myrtus,Correct
157,myrtus/IMG_3737-52.png,8,8,0.8127242,myrtus,myrtus,Correct
158,myrtus/IMG_3737-60.png,8,8,0.8189208,myrtus,myrtus,Correct
159,myrtus/IMG_3737-63.png,8,8,0.8090161,myrtus,myrtus,Correct
160,myrtus/IMG_3737-8.png,8,8,0.8133714,myrtus,myrtus,Correct
161,myrtus/IMG_3737-9.png,8,8,0.8142552,myrtus,myrtus,Correct
162,myrtus/IMG_3738-122.png,8,8,0.8191898,myrtus,myrtus,Correct
163,myrtus/IMG_3738-124.png,8,8,0.8177792,myrtus,myrtus,Correct
164,myrtus/IMG_3738-14.png,8,8,0.81234515,myrtus,myrtus,Correct
165,myrtus/IMG_3738-149.png,8,8,0.81801,myrtus,myrtus,Correct
166,myrtus/IMG_3738-17.png,8,8,0.8179352,myrtus,myrtus,Correct
167,myrtus/IMG_3738-19.png,8,8,0.81882316,myrtus,myrtus,Correct
168,myrtus/IMG_3738-24.png,8,8,0.81003785,myrtus,myrtus,Correct
169,myrtus/IMG_3738-26.png,8,8,0.808868,myrtus,myrtus,Correct
170,myrtus/IMG_3738-5.png,8,8,0.812251,myrtus,myrtus,Correct
171,myrtus/IMG_3738-52.png,8,8,0.8234053,myrtus,myrtus,Correct
172,myrtus/IMG_3738-58.png,8,8,0.81859094,myrtus,myrtus,Correct
173,myrtus/IMG_3738-62.png,8,8,0.8024659,myrtus,myrtus,Correct
174,myrtus/IMG_3738-83.png,8,8,0.81558394,myrtus,myrtus,Correct
175,myrtus/IMG_3738-84.png,8,8,0.8198005,myrtus,myrtus,Correct
176,myrtus/IMG_3738-89.png,8,8,0.8182191,myrtus,myrtus,Correct
177,myrtus/IMG_3738-90.png,8,8,0.826019,myrtus,myrtus,Correct
178,myrtus/IMG_3738-92.png,8,8,0.8014301,myrtus,myrtus,Correct
179,myrtus/IMG_3738-96.png,8,8,0.81931114,myrtus,myrtus,Correct
180,myrtus/IMG_3741-14.png,8,8,0.81814504,myrtus,myrtus,Correct
181,myrtus/IMG_3741-43.png,8,8,0.8228332,myrtus,myrtus,Correct
182,myrtus/IMG_3741-8.png,8,8,0.8181104,myrtus,myrtus,Correct
183,myrtus/IMG_3742-11.png,8,8,0.8215287,myrtus,myrtus,Correct
184,myrtus/IMG_3742-15.png,8,8,0.81752765,myrtus,myrtus,Correct
185,myrtus/IMG_3742-20.png,8,8,0.811916,myrtus,myrtus,Correct
186,myrtus/IMG_3742-37.png,8,8,0.8181245,myrtus,myrtus,Correct
187,myrtus/IMG_3743-28.png,8,8,0.8147101,myrtus,myrtus,Correct
188,myrtus/IMG_3743-4.png,8,8,0.8146093,myrtus,myrtus,Correct
189,myrtus/IMG_3743-40.png,8,8,0.81999636,myrtus,myrtus,Correct
190,myrtus/IMG_3744-12.png,8,8,0.8175955,myrtus,myrtus,Correct
191,myrtus/IMG_3744-5.png,8,8,0.8159514,myrtus,myrtus,Correct
192,myrtus/IMG_3744-57.png,8,8,0.811753,myrtus,myrtus,Correct
193,myrtus/IMG_3744-60.png,8,8,0.8203873,myrtus,myrtus,Correct
194,myrtus/Myr.M.comX400wF(1095)(1091)A-22.png,8,8,0.8212394,myrtus,myrtus,Correct
195,myrtus/Myr.M.comX400wF(1095)(1091)A-38.png,8,8,0.81397855,myrtus,myrtus,Correct
196,myrtus/Myr.M.comX400wF(1095)(1091)A-48.png,8,8,0.81925535,myrtus,myrtus,Correct
197,myrtus/Myr.M.comX400wF(1095)(1091)A-61.png,8,8,0.821028,myrtus,myrtus,Correct
198,myrtus/Myr.M.comX400wF(1095)(1091)A-72.png,8,8,0.8235504,myrtus,myrtus,Correct
199,myrtus/Myr.M.comX400wF(1095)(1091)A-88.png,8,8,0.82870215,myrtus,myrtus,Correct
200,myrtus/Myr.M.comX400wF(1097)(1090)C-24.png,8,8,0.8026217,myrtus,myrtus,Correct
201,myrtus/Myr.M.comX400wF(1097)(1090)C-27.png,8,8,0.81895757,myrtus,myrtus,Correct
202,myrtus/Myr.M.comX400wF(1097)(1090)C-33.png,8,8,0.8170408,myrtus,myrtus,Correct
203,myrtus/Myr.M.comX400wF(1097)(1090)C-49.png,8,8,0.8182201,myrtus,myrtus,Correct
204,myrtus/Myr.M.comX400wF(1097)(1090)C-76.png,8,8,0.8123861,myrtus,myrtus,Correct
205,myrtus/Myr.M.comX400wF(1097)(1090)C-86.png,8,8,0.8142169,myrtus,myrtus,Correct
206,olea/Ole.O.euroX400wF(4261)(0)A-3.png,9,9,0.8238588,olea,olea,Correct
207,olea/Ole.O.euroX400wF(4261)(0)A-56.png,9,9,0.8244235,olea,olea,Correct
208,olea/Ole.O.euroX400wF(4261)(0)A-57.png,9,9,0.83180726,olea,olea,Correct
209,olea/Ole.O.euroX400wF(4261)(0)A-7.png,9,9,0.8431361,olea,olea,Correct
210,olea/Ole.O.euroX400wF(4262)(0)B-15.png,9,9,0.827309,olea,olea,Correct
211,olea/Ole.O.euroX400wF(4262)(0)B-18.png,9,9,0.82676417,olea,olea,Correct
212,olea/Ole.O.euroX400wF(4263)(0)C-107.png,9,9,0.8256751,olea,olea,Correct
213,olea/Ole.O.euroX400wF(4263)(0)C-108.png,9,9,0.83137965,olea,olea,Correct
214,olea/Ole.O.euroX400wF(4263)(0)C-12.png,9,9,0.8299355,olea,olea,Correct
215,olea/Ole.O.euroX400wF(4263)(0)C-135.png,9,9,0.8311309,olea,olea,Correct
216,olea/Ole.O.euroX400wF(4263)(0)C-148.png,9,9,0.8322974,olea,olea,Correct
217,olea/Ole.O.euroX400wF(4263)(0)C-18.png,9,9,0.83563775,olea,olea,Correct
218,olea/Ole.O.euroX400wF(4263)(0)C-181.png,9,9,0.8228392,olea,olea,Correct
219,olea/Ole.O.euroX400wF(4263)(0)C-186.png,9,9,0.8391283,olea,olea,Correct
220,olea/Ole.O.euroX400wF(4263)(0)C-189.png,9,9,0.8303988,olea,olea,Correct
221,olea/Ole.O.euroX400wF(4263)(0)C-24.png,9,9,0.8290608,olea,olea,Correct
222,olea/Ole.O.euroX400wF(4263)(0)C-25.png,9,9,0.8404526,olea,olea,Correct
223,olea/Ole.O.euroX400wF(4263)(0)C-29.png,9,9,0.82206213,olea,olea,Correct
224,olea/Ole.O.euroX400wF(4263)(0)C-39.png,9,9,0.83329326,olea,olea,Correct
225,olea/Ole.O.euroX400wF(4263)(0)C-40.png,9,9,0.8261053,olea,olea,Correct
226,olea/Ole.O.euroX400wF(4263)(0)C-47.png,9,9,0.8327003,olea,olea,Correct
227,olea/Ole.O.euroX400wF(4263)(0)C-65.png,9,9,0.8415675,olea,olea,Correct
228,olea/Ole.O.euroX400wF(4263)(0)C-75.png,9,9,0.83475786,olea,olea,Correct
229,olea/Ole.O.euroX400wF(4263)(0)C-8.png,9,9,0.83144563,olea,olea,Correct
230,olea/Ole.O.euroX400wF(4263)(0)C-82.png,9,9,0.8521838,olea,olea,Correct
231,olea/Ole.O.euroX400wF(4263)(0)C-87.png,9,9,0.83141553,olea,olea,Correct
232,olea/Ole.O.euroX400wF(4264)(0)D-107.png,9,9,0.824974,olea,olea,Correct
233,olea/Ole.O.euroX400wF(4264)(0)D-108.png,9,9,0.8362908,olea,olea,Correct
234,olea/Ole.O.euroX400wF(4264)(0)D-121.png,9,9,0.8305025,olea,olea,Correct
236,olea/Ole.O.euroX400wF(4264)(0)D-138.png,9,9,0.83450437,olea,olea,Correct
237,olea/Ole.O.euroX400wF(4264)(0)D-17.png,9,9,0.8419097,olea,olea,Correct
238,olea/Ole.O.euroX400wF(4264)(0)D-36.png,9,9,0.821521,olea,olea,Correct
239,olea/Ole.O.euroX400wF(4264)(0)D-44.png,9,9,0.83439213,olea,olea,Correct
240,olea/Ole.O.euroX400wF(4264)(0)D-47.png,9,9,0.833892,olea,olea,Correct
241,olea/Ole.O.euroX400wF(4264)(0)D-52.png,9,9,0.837901,olea,olea,Correct
242,olea/Ole.O.euroX400wF(4264)(0)D-73.png,9,9,0.828847,olea,olea,Correct
243,olea/Ole.O.euroX400wF(4264)(0)D-94.png,9,9,0.8282368,olea,olea,Correct
244,olea/Ole.O.euroX400wF(4265)(0)E-110.png,9,9,0.82955724,olea,olea,Correct
245,olea/Ole.O.euroX400wF(4265)(0)E-111.png,9,9,0.83514655,olea,olea,Correct
246,olea/Ole.O.euroX400wF(4265)(0)E-112.png,9,9,0.841624,olea,olea,Correct
247,olea/Ole.O.euroX400wF(4265)(0)E-120.png,9,9,0.63801205,olea,olea,Correct
248,olea/Ole.O.euroX400wF(4265)(0)E-143.png,9,9,0.8315208,olea,olea,Correct
249,olea/Ole.O.euroX400wF(4265)(0)E-15.png,9,9,0.827663,olea,olea,Correct
250,olea/Ole.O.euroX400wF(4265)(0)E-156.png,9,9,0.8270145,olea,olea,Correct
251,olea/Ole.O.euroX400wF(4265)(0)E-158.png,9,9,0.838768,olea,olea,Correct
252,olea/Ole.O.euroX400wF(4265)(0)E-167.png,9,9,0.8242786,olea,olea,Correct
253,olea/Ole.O.euroX400wF(4265)(0)E-170.png,9,9,0.83353055,olea,olea,Correct
254,olea/Ole.O.euroX400wF(4265)(0)E-179.png,9,9,0.8353092,olea,olea,Correct
255,olea/Ole.O.euroX400wF(4265)(0)E-18.png,9,9,0.8307497,olea,olea,Correct
256,olea/Ole.O.euroX400wF(4265)(0)E-27.png,9,9,0.60742605,olea,olea,Correct
257,olea/Ole.O.euroX400wF(4265)(0)E-5.png,9,9,0.82936203,olea,olea,Correct
258,olea/Ole.O.euroX400wF(4265)(0)E-86.png,9,9,0.82190853,olea,olea,Correct
259,olea/Ole.O.euroX400wF(4266)(0)F-1.png,9,9,0.82265276,olea,olea,Correct
260,olea/Ole.O.euroX400wF(4266)(0)F-11.png,9,9,0.82802117,olea,olea,Correct
261,olea/Ole.O.euroX400wF(4266)(0)F-121.png,9,9,0.8174571,olea,olea,Correct
262,olea/Ole.O.euroX400wF(4266)(0)F-126.png,9,9,0.824147,olea,olea,Correct
263,olea/Ole.O.euroX400wF(4266)(0)F-132.png,9,9,0.8301009,olea,olea,Correct
264,olea/Ole.O.euroX400wF(4266)(0)F-134.png,9,9,0.8280882,olea,olea,Correct
265,olea/Ole.O.euroX400wF(4266)(0)F-142.png,9,9,0.8314368,olea,olea,Correct
266,olea/Ole.O.euroX400wF(4266)(0)F-149.png,9,9,0.8385268,olea,olea,Correct
267,olea/Ole.O.euroX400wF(4266)(0)F-15.png,9,9,0.8273693,olea,olea,Correct
268,olea/Ole.O.euroX400wF(4266)(0)F-21.png,9,9,0.831656,olea,olea,Correct
269,olea/Ole.O.euroX400wF(4266)(0)F-42.png,9,9,0.83667517,olea,olea,Correct
270,olea/Ole.O.euroX400wF(4266)(0)F-55.png,9,9,0.83313954,olea,olea,Correct
271,olea/Ole.O.euroX400wF(4266)(0)F-58.png,9,9,0.82205784,olea,olea,Correct
272,olea/Ole.O.euroX400wF(4266)(0)F-59.png,9,9,0.83619267,olea,olea,Correct
273,olea/Ole.O.euroX400wF(4266)(0)F-7.png,9,9,0.8274682,olea,olea,Correct
274,olea/Ole.O.euroX400wF(4266)(0)F-73.png,9,9,0.82332,olea,olea,Correct
275,olea/Ole.O.euroX400wF(4266)(0)F-78.png,9,9,0.8291557,olea,olea,Correct
276,olea/Ole.O.euroX400wF(4266)(0)F-91.png,9,9,0.8355888,olea,olea,Correct
277,olea/Ole.O.euroX400wF(4266)(0)F-96.png,9,9,0.8386964,olea,olea,Correct
278,olea/Ole.O.euroX400wF(4267)(0)G-1.png,9,9,0.82882655,olea,olea,Correct
279,olea/Ole.O.euroX400wF(4267)(0)G-11.png,9,9,0.81787604,olea,olea,Correct
280,olea/Ole.O.euroX400wF(4267)(0)G-21.png,9,9,0.8348609,olea,olea,Correct
281,olea/Ole.O.euroX400wF(4267)(0)G-31.png,9,9,0.82669586,olea,olea,Correct
282,olea/Ole.O.euroX400wF(4267)(0)G-33.png,9,9,0.8268603,olea,olea,Correct
283,olea/Ole.O.euroX400wF(4267)(0)G-43.png,9,9,0.821829,olea,olea,Correct
284,olea/Ole.O.euroX400wF(4267)(0)G-44.png,9,9,0.8316811,olea,olea,Correct
285,origanum/Lam.O.micX400wF(884)(0)A-3.png,10,10,0.82942605,origanum,origanum,Correct
286,origanum/Lam.O.micX400wF(884)(0)A-5.png,10,10,0.826772,origanum,origanum,Correct
288,origanum/Lam.O.micX400wF(886)(0)C-12.png,10,10,0.8526864,origanum,origanum,Correct
289,origanum/Lam.O.micX400wF(886)(0)C-21.png,10,10,0.84745824,origanum,origanum,Correct
290,origanum/Lam.O.micX400wF(886)(0)C-25.png,10,10,0.8584951,origanum,origanum,Correct
291,origanum/Lam.O.micX400wF(886)(0)C-27.png,10,10,0.80994785,origanum,origanum,Correct
292,origanum/Lam.O.micX400wF(886)(0)C-32.png,10,10,0.82726187,origanum,origanum,Correct
293,origanum/Lam.O.micX400wF(886)(0)C-51.png,10,10,0.86319417,origanum,origanum,Correct
294,origanum/Lam.O.micX400wF(887)(0)D-6.png,10,10,0.82353944,origanum,origanum,Correct
295,origanum/Lam.O.micX400wF(888)(0)E-2.png,10,10,0.7577982,origanum,origanum,Correct
296,origanum/Lam.O.micX400wF(889)(0)F-1.png,10,10,0.5869987,origanum,origanum,Correct
297,origanum/Lam.O.micX400wF(889)(0)F-23.png,10,10,0.83607066,origanum,origanum,Correct
299,origanum/Lam.O.micX400wF(889)(0)F-50.png,10,10,0.855354,origanum,origanum,Correct
300,origanum/Lam.O.micX400wF(889)(0)F-8.png,10,10,0.868405,origanum,origanum,Correct
301,origanum/Lam.O.micX400wF(889)(0)F-9.png,10,10,0.8645371,origanum,origanum,Correct
302,oxalis/Oxa.O.pes.cX400wF(1733)(0)A-1.png,11,11,0.85112494,oxalis,oxalis,Correct
303,oxalis/Oxa.O.pes.cX400wF(1733)(0)A-19.png,11,11,0.8417723,oxalis,oxalis,Correct
304,oxalis/Oxa.O.pes.cX400wF(1734)(0)B-5.png,11,11,0.8432812,oxalis,oxalis,Correct
305,oxalis/Oxa.O.pes.cX400wF(1735)(0)C-6.png,11,11,0.8139732,oxalis,oxalis,Correct
306,oxalis/Oxa.O.pes.cX400wF(1736)(0)D-1.png,11,11,0.84954286,oxalis,oxalis,Correct
307,oxalis/Oxa.O.pes.cX400wF(1739)(0)G-4.png,11,11,0.83119076,oxalis,oxalis,Correct
308,oxalis/Oxa.O.pes.cX400wF(1740)(0)H-11.png,11,11,0.8420636,oxalis,oxalis,Correct
309,oxalis/Oxa.O.pes.cX400wF(1740)(0)H-4.png,11,11,0.8432744,oxalis,oxalis,Correct
310,oxalis/Oxa.O.pes.cX400wF(1740)(0)H-5.png,11,11,0.83300304,oxalis,oxalis,Correct
311,oxalis/Oxa.O.pes.cX400wF(1741)(0)I-3.png,11,11,0.84548366,oxalis,oxalis,Correct
312,oxalis/Oxa.O.pes.cX400wF(1742)(1741)J-1.png,11,11,0.8364634,oxalis,oxalis,Correct
313,oxalis/Oxa.O.pes.cX400wF(1742)(1741)J-8.png,11,11,0.8385107,oxalis,oxalis,Correct
314,oxalis/Oxa.O.pes.cX400wF(1742)(1741)J-9.png,11,11,0.85075635,oxalis,oxalis,Correct
315,oxalis/Oxa.O.pes.cX400wF(1743)(0)K-16.png,11,11,0.84407055,oxalis,oxalis,Correct
316,pinus/Pin.P.brutX400wF(3171)(0)A-3.png,12,12,0.7888276,pinus,pinus,Correct
317,pinus/Pin.P.brutX400wF(3175)(0)E-1.png,12,12,0.8005358,pinus,pinus,Correct
318,pinus/Pin.P.brutX400wF(3176)(0)F-2.png,12,12,0.80439854,pinus,pinus,Correct
319,pistacia/Ana.P.tereX400wF(3223)(0)B-1.png,13,13,0.750368,pistacia,pistacia,Correct
320,pistacia/Ana.P.tereX400wF(3223)(0)B-2.png,13,13,0.78868395,pistacia,pistacia,Correct
322,salvia/Lam.S.triX400wF(2188)(0)A-6.png,14,14,0.8999093,salvia,salvia,Correct
323,salvia/Lam.S.triX400wF(2188)(0)A-7.png,14,14,0.9099139,salvia,salvia,Correct
324,salvia/Lam.S.triX400wF(2189)(0)B-17.png,14,14,0.89829123,salvia,salvia,Correct
325,salvia/Lam.S.triX400wF(2189)(0)B-20.png,14,14,0.8985762,salvia,salvia,Correct
326,salvia/Lam.S.triX400wF(2189)(0)B-21.png,14,14,0.91066045,salvia,salvia,Correct
327,salvia/Lam.S.triX400wF(2189)(0)B-51.png,14,14,0.89065486,salvia,salvia,Correct
328,salvia/Lam.S.triX400wF(2190)(0)C-15.png,14,14,0.90940624,salvia,salvia,Correct
329,salvia/Lam.S.triX400wF(2190)(0)C-21.png,14,14,0.8786205,salvia,salvia,Correct
330,salvia/Lam.S.triX400wF(2190)(0)C-32.png,14,14,0.89913934,salvia,salvia,Correct
331,salvia/Lam.S.triX400wF(2190)(0)C-33.png,14,14,0.9018539,salvia,salvia,Correct
332,salvia/Lam.S.triX400wF(2191)(0)D-12.png,14,14,0.900853,salvia,salvia,Correct
333,salvia/Lam.S.triX400wF(2191)(0)D-14.png,14,14,0.89732444,salvia,salvia,Correct
334,salvia/Lam.S.triX400wF(2191)(0)D-38.png,14,14,0.9027558,salvia,salvia,Correct
335,salvia/Lam.S.triX400wF(2191)(0)D-4.png,14,14,0.8974048,salvia,salvia,Correct
336,salvia/Lam.S.triX400wF(2191)(0)D-7.png,14,14,0.89932996,salvia,salvia,Correct
337,salvia/Lam.S.triX400wF(2191)(0)D-9.png,14,14,0.89842254,salvia,salvia,Correct
338,salvia/Lam.S.triX400wF(2193)(0)F-18.png,14,14,0.9038492,salvia,salvia,Correct
339,salvia/Lam.S.triX400wF(2193)(0)F-5.png,14,14,0.9020577,salvia,salvia,Correct
340,satureja/Lam.S.thyX400wF(941)(937)A-3.png,15,15,0.8178549,satureja,satureja,Correct
341,satureja/Lam.S.thyX400wF(943)(990)C-8.png,15,15,0.8064156,satureja,satureja,Correct
342,satureja/Lam.S.thyX400wF(944)(940)E-12.png,15,15,0.91748804,satureja,satureja,Correct
343,satureja/Lam.S.thyX400wF(944)(940)E-14.png,15,15,0.85879815,satureja,satureja,Correct
344,satureja/Lam.S.thyX400wF(944)(940)E-15.png,15,15,0.7827834,satureja,satureja,Correct
345,satureja/Lam.S.thyX400wF(944)(940)E-8.png,15,15,0.85825086,satureja,satureja,Correct
347,sinapis/Bra.S.albX400wF(2150)(0)A-11.png,16,16,0.8614161,sinapis,sinapis,Correct
348,sinapis/Bra.S.albX400wF(2150)(0)A-5.png,16,16,0.8950966,sinapis,sinapis,Correct
349,sinapis/Bra.S.albX400wF(2151)(0)B-13.png,16,16,0.90740776,sinapis,sinapis,Correct
350,sinapis/Bra.S.albX400wF(2151)(0)B-4.png,16,16,0.89494735,sinapis,sinapis,Correct
351,sinapis/Bra.S.albX400wF(2151)(0)B-7.png,16,16,0.90535533,sinapis,sinapis,Correct
352,sinapis/Bra.S.albX400wF(2151)(0)B-9.png,16,16,0.9067651,sinapis,sinapis,Correct
353,sinapis/Bra.S.albX400wF(2152)(0)C-1.png,16,16,0.89879227,sinapis,sinapis,Correct
354,sinapis/Bra.S.albX400wF(2152)(0)C-27.png,16,16,0.90077734,sinapis,sinapis,Correct
355,sinapis/Bra.S.albX400wF(2153)(0)D-1.png,16,16,0.86395043,sinapis,sinapis,Correct
357,sinapis/Bra.S.albX400wF(2153)(0)D-12.png,16,16,0.91168463,sinapis,sinapis,Correct
358,sinapis/Bra.S.albX400wF(2153)(0)D-15.png,16,16,0.7597134,sinapis,sinapis,Correct
359,sinapis/Bra.S.albX400wF(2153)(0)D-16.png,16,16,0.898935,sinapis,sinapis,Correct
360,sinapis/Bra.S.albX400wF(2154)(0)E-11.png,16,16,0.3786987,sinapis,sinapis,Correct
361,sinapis/Bra.S.albX400wF(2154)(0)E-5.png,16,16,0.75233895,sinapis,sinapis,Correct
362,sinapis/Bra.S.albX400wF(2155)(0)F-12.png,16,16,0.9035039,sinapis,sinapis,Correct
363,sinapis/IMG_3704-14.png,16,16,0.89951074,sinapis,sinapis,Correct
364,sinapis/IMG_3704-8.png,16,16,0.91085726,sinapis,sinapis,Correct
365,sinapis/IMG_3706-6.png,16,16,0.9105376,sinapis,sinapis,Correct
366,sinapis/IMG_3708-8.png,16,16,0.90460056,sinapis,sinapis,Correct
367,thymbra/Lam.T.capX400wF(1029)(0)A-20.png,17,17,0.9068567,thymbra,thymbra,Correct
368,thymbra/Lam.T.capX400wF(1029)(0)A-3.png,17,17,0.90513974,thymbra,thymbra,Correct
369,thymbra/Lam.T.capX400wF(1030)(0)B-6.png,17,17,0.9049831,thymbra,thymbra,Correct
370,thymbra/Lam.T.capX400wF(1031)(0)C-4.png,17,17,0.8064239,thymbra,thymbra,Correct
371,thymbra/Lam.T.capX400wF(1032)(0)D-4.png,17,17,0.849055,thymbra,thymbra,Correct
372,thymbra/Lam.T.capX400wF(1033)(0)E-2.png,17,17,0.90304404,thymbra,thymbra,Correct
373,thymbra/x40 f (1)-1.png,17,17,0.6580682,thymbra,thymbra,Correct
374,thymbra/x40 f (1)-3.png,17,17,0.75407714,thymbra,thymbra,Correct
375,thymbra/x40 f (1)-5.png,17,17,0.896747,thymbra,thymbra,Correct
376,thymbra/x40 f (3)-6.png,17,17,0.894273,thymbra,thymbra,Correct
377,thymbra/x40 f (3)-7.png,17,17,0.8962451,thymbra,thymbra,Correct
378,thymbra/x40 f (4)-2.png,17,17,0.9038876,thymbra,thymbra,Correct
379,thymbra/x40 f (4)-6.png,17,17,0.9094108,thymbra,thymbra,Correct
381,thymbra/x40 f (6)-12.png,17,17,0.8993915,thymbra,thymbra,Correct
382,urginea/Asp.U.marX400wF(5317)(0)A-12.png,18,18,0.8666328,urginea,urginea,Correct
383,urginea/Asp.U.marX400wF(5317)(0)A-13.png,18,18,0.8626178,urginea,urginea,Correct
384,urginea/Asp.U.marX400wF(5317)(0)A-7.png,18,18,0.8581201,urginea,urginea,Correct
385,urginea/Asp.U.marX400wF(5318)(0)B-10.png,18,18,0.8684268,urginea,urginea,Correct
386,urginea/Asp.U.marX400wF(5319)(0)C-8.png,18,18,0.43354386,urginea,urginea,Correct
387,urginea/Asp.U.marX400wF(5321)(0)E-7.png,18,18,0.8558381,urginea,urginea,Correct
388,urginea/Asp.U.marX400wF(5322)(0)F-1.png,18,18,0.83793473,urginea,urginea,Correct
389,urginea/Asp.U.marX400wF(5322)(0)F-6.png,18,18,0.86955476,urginea,urginea,Correct
391,urginea/Asp.U.marX400wF(5323)(0)G-15.png,18,18,0.8372129,urginea,urginea,Correct
392,urginea/Asp.U.marX400wF(5324)(0)H-6.png,18,18,0.849434,urginea,urginea,Correct
393,vitis/Vit.V.viniX400wF(4979)(0)B-17.png,19,19,0.8699937,vitis,vitis,Correct
394,vitis/Vit.V.viniX400wF(4979)(0)B-6.png,19,19,0.83880895,vitis,vitis,Correct
395,vitis/Vit.V.viniX400wF(4980)(0)C-16.png,19,19,0.8603306,vitis,vitis,Correct
396,vitis/Vit.V.viniX400wF(4980)(0)C-19.png,19,19,0.879173,vitis,vitis,Correct
397,vitis/Vit.V.viniX400wF(4980)(0)C-20.png,19,19,0.8713968,vitis,vitis,Correct
398,vitis/Vit.V.viniX400wF(4981)(0)D-29.png,19,19,0.8699429,vitis,vitis,Correct
399,vitis/Vit.V.viniX400wF(4981)(0)D-31.png,19,19,0.8753319,vitis,vitis,Correct
400,vitis/Vit.V.viniX400wF(4981)(0)D-32.png,19,19,0.8777894,vitis,vitis,Correct
401,vitis/Vit.V.viniX400wF(4981)(0)D-35.png,19,19,0.87055635,vitis,vitis,Correct
402,vitis/Vit.V.viniX400wF(4981)(0)D-37.png,19,19,0.8636447,vitis,vitis,Correct
403,vitis/Vit.V.viniX400wF(4982)(0)E-15.png,19,19,0.86794144,vitis,vitis,Correct
404,vitis/Vit.V.viniX400wF(4982)(0)E-25.png,19,19,0.8661194,vitis,vitis,Correct
405,vitis/Vit.V.viniX400wF(4982)(0)E-26.png,19,19,0.87504065,vitis,vitis,Correct
406,vitis/Vit.V.viniX400wF(4982)(0)E-32.png,19,19,0.8693514,vitis,vitis,Correct
407,vitis/Vit.V.viniX400wF(4983)(0)F-14.png,19,19,0.8852703,vitis,vitis,Correct
408,vitis/Vit.V.viniX400wF(4983)(0)F-22.png,19,19,0.86220074,vitis,vitis,Correct
409,vitis/Vit.V.viniX400wF(4983)(0)F-9.png,19,19,0.87091565,vitis,vitis,Correct
410,vitis/Vit.V.viniX400wF(4984)(0)G-18.png,19,19,0.847015,vitis,vitis,Correct
411,vitis/Vit.V.viniX400wF(4984)(0)G-27.png,19,19,0.68736655,vitis,vitis,Correct
412,vitis/Vit.V.viniX400wF(4984)(0)G-32.png,19,19,0.8652235,vitis,vitis,Correct
414,vitis/Vit.V.viniX400wF(4985)(0)H-10.png,19,19,0.8676923,vitis,vitis,Correct
415,vitis/Vit.V.viniX400wF(4985)(0)H-12.png,19,19,0.8720987,vitis,vitis,Correct
416,vitis/Vit.V.viniX400wF(4985)(0)H-2.png,19,19,0.8390564,vitis,vitis,Correct
417,vitis/Vit.V.viniX400wF(4985)(0)H-21.png,19,19,0.8523056,vitis,vitis,Correct
418,vitis/Vit.V.viniX400wF(4985)(0)H-27.png,19,19,0.87260795,vitis,vitis,Correct
1,asphodelus/Asp.A.ramX400wF(1988)(0)E-5.png,0,0,0.7987661,asphodelus,asphodelus,Correct
3,calicotome/Fab.C.vilX400wF(2016)(0)A-1.png,1,1,0.77549267,calicotome,calicotome,Correct
5,calicotome/Fab.C.vilX400wF(2016)(0)A-8.png,1,1,0.78663975,calicotome,calicotome,Correct
6,calicotome/Fab.C.vilX400wF(2017)(0)B-6.png,1,1,0.80150414,calicotome,calicotome,Correct
8,calicotome/Fab.C.vilX400wF(2018)(0)C-8.png,1,1,0.8214403,calicotome,calicotome,Correct
9,calicotome/Fab.C.vilX400wF(2019)(0)D-11.png,1,1,0.8289252,calicotome,calicotome,Correct
10,calicotome/Fab.C.vilX400wF(2019)(0)D-111.png,1,1,0.8184916,calicotome,calicotome,Correct
11,calicotome/Fab.C.vilX400wF(2019)(0)D-113.png,1,1,0.8161853,calicotome,calicotome,Correct
12,calicotome/Fab.C.vilX400wF(2019)(0)D-124.png,1,1,0.7719255,calicotome,calicotome,Correct
13,calicotome/Fab.C.vilX400wF(2019)(0)D-19.png,1,1,0.8215624,calicotome,calicotome,Correct
14,calicotome/Fab.C.vilX400wF(2019)(0)D-20.png,1,1,0.8052049,calicotome,calicotome,Correct
15,calicotome/Fab.C.vilX400wF(2019)(0)D-22.png,1,1,0.7900547,calicotome,calicotome,Correct
16,calicotome/Fab.C.vilX400wF(2019)(0)D-24.png,1,1,0.8206666,calicotome,calicotome,Correct
17,calicotome/Fab.C.vilX400wF(2019)(0)D-55.png,1,1,0.79796827,calicotome,calicotome,Correct
18,calicotome/Fab.C.vilX400wF(2019)(0)D-71.png,1,1,0.82990885,calicotome,calicotome,Correct
19,calicotome/Fab.C.vilX400wF(2019)(0)D-73.png,1,1,0.8121734,calicotome,calicotome,Correct
20,calicotome/Fab.C.vilX400wF(2019)(0)D-77.png,1,1,0.8147924,calicotome,calicotome,Correct
21,calicotome/Fab.C.vilX400wF(2019)(0)D-81.png,1,1,0.80908906,calicotome,calicotome,Correct
22,calicotome/Fab.C.vilX400wF(2020)(0)E-101.png,1,1,0.80107194,calicotome,calicotome,Correct
23,calicotome/Fab.C.vilX400wF(2020)(0)E-108.png,1,1,0.80717397,calicotome,calicotome,Correct
24,calicotome/Fab.C.vilX400wF(2020)(0)E-12.png,1,1,0.8181736,calicotome,calicotome,Correct
25,calicotome/Fab.C.vilX400wF(2020)(0)E-14.png,1,1,0.78059006,calicotome,calicotome,Correct
26,calicotome/Fab.C.vilX400wF(2020)(0)E-18.png,1,1,0.79286563,calicotome,calicotome,Correct
27,calicotome/Fab.C.vilX400wF(2020)(0)E-50.png,1,1,0.81252414,calicotome,calicotome,Correct
28,calicotome/Fab.C.vilX400wF(2020)(0)E-53.png,1,1,0.8024941,calicotome,calicotome,Correct
29,calicotome/Fab.C.vilX400wF(2020)(0)E-64.png,1,1,0.7994504,calicotome,calicotome,Correct
30,calicotome/Fab.C.vilX400wF(2020)(0)E-65.png,1,1,0.8191731,calicotome,calicotome,Correct
31,calicotome/Fab.C.vilX400wF(2020)(0)E-8.png,1,1,0.8124028,calicotome,calicotome,Correct
32,calicotome/Fab.C.vilX400wF(2020)(0)E-84.png,1,1,0.81971264,calicotome,calicotome,Correct
33,castanea/Fag.C.satX400wF(781)(0)A-15.png,2,2,0.85354865,castanea,castanea,Correct
34,castanea/Fag.C.satX400wF(781)(0)A-39.png,2,2,0.8504536,castanea,castanea,Correct
35,castanea/Fag.C.satX400wF(781)(0)A-43.png,2,2,0.8474181,castanea,castanea,Correct
36,castanea/Fag.C.satX400wF(781)(0)A-6.png,2,2,0.85365283,castanea,castanea,Correct
37,castanea/Fag.C.satX400wF(782)(0)B-11.png,2,2,0.85339636,castanea,castanea,Correct
38,castanea/Fag.C.satX400wF(783)(0)C-10.png,2,2,0.8509483,castanea,castanea,Correct
39,castanea/Fag.C.satX400wF(783)(0)C-3.png,2,2,0.859371,castanea,castanea,Correct
40,castanea/Fag.C.satX400wF(784)(0)D-18.png,2,2,0.8531726,castanea,castanea,Correct
41,castanea/Fag.C.satX400wF(784)(0)D-20.png,2,2,0.8443382,castanea,castanea,Correct
42,castanea/Fag.C.satX400wF(792)(781)G-13.png,2,2,0.8377228,castanea,castanea,Correct
43,castanea/Fag.C.satX400wF(792)(781)G-17.png,2,2,0.8520705,castanea,castanea,Correct
44,castanea/Fag.C.satX400wF(792)(781)G-19.png,2,2,0.8409387,castanea,castanea,Correct
45,castanea/Fag.C.satX400wF(792)(781)G-30.png,2,2,0.84889114,castanea,castanea,Correct
46,castanea/Fag.C.satX400wF(792)(781)G-40.png,2,2,0.85859764,castanea,castanea,Correct
47,castanea/Fag.C.satX400wF(792)(781)G-46.png,2,2,0.84322095,castanea,castanea,Correct
48,castanea/Fag.C.satX400wF(792)(781)G-9.png,2,2,0.83899355,castanea,castanea,Correct
49,castanea/Fag.C.satX400wF(793)(781)H-11.png,2,2,0.8548032,castanea,castanea,Correct
50,castanea/Fag.C.satX400wF(793)(781)H-23.png,2,2,0.842751,castanea,castanea,Correct
51,castanea/Fag.C.satX400wF(793)(781)H-35.png,2,2,0.86197954,castanea,castanea,Correct
52,castanea/Fag.C.satX400wF(793)(781)H-36.png,2,2,0.85480464,castanea,castanea,Correct
53,castanea/Fag.C.satX400wF(793)(781)H-49.png,2,2,0.85470265,castanea,castanea,Correct
54,castanea/Fag.C.satX400wF(793)(781)H-52.png,2,2,0.8504463,castanea,castanea,Correct
55,ceratonia/Fab.C.silX400wF(475)(0)A-14.png,3,3,0.77821213,ceratonia,ceratonia,Correct
56,ceratonia/Fab.C.silX400wF(477)(0)C-3.png,3,3,0.833756,ceratonia,ceratonia,Correct
58,ceratonia/Fab.C.silX400wF(478)(0)D-3.png,3,3,0.82500356,ceratonia,ceratonia,Correct
59,ceratonia/Fab.C.silX400wF(480)(0)F-2.png,3,3,0.85162055,ceratonia,ceratonia,Correct
60,ceratonia/Fab.C.silX400wF(480)(0)F-6.png,3,3,0.823219,ceratonia,ceratonia,Correct
61,ceratonia/Fab.C.silX400wF(481)(0)G-17.png,3,3,0.8132373,ceratonia,ceratonia,Correct
62,ceratonia/Fab.C.silX400wF(481)(0)G-5.png,3,3,0.8305051,ceratonia,ceratonia,Correct
63,ceratonia/Fab.C.silX400wF(481)(0)G-7.png,3,3,0.83944213,ceratonia,ceratonia,Correct
64,ceratonia/Fab.C.silX400wF(481)(0)G-8.png,3,3,0.8293595,ceratonia,ceratonia,Correct
66,ebenus/Fab.E.creX400wF(697)(0)E-4.png,4,4,0.8377552,ebenus,ebenus,Correct
67,erica/Eri.E.maniX400wF(5355)(0)A-2.png,5,5,0.8162208,erica,erica,Correct
68,erica/Eri.E.maniX400wF(5355)(0)A-20.png,5,5,0.817764,erica,erica,Correct
69,erica/Eri.E.maniX400wF(5355)(0)A-9.png,5,5,0.8294488,erica,erica,Correct
70,erica/Eri.E.maniX400wF(5357)(0)C-14.png,5,5,0.8276407,erica,erica,Correct
71,erica/Eri.E.maniX400wF(5357)(0)C-16.png,5,5,0.80584717,erica,erica,Correct
72,erica/Eri.E.maniX400wF(5357)(0)C-3.png,5,5,0.82867783,erica,erica,Correct
73,erica/Eri.E.maniX400wF(5357)(0)C-4.png,5,5,0.8323876,erica,erica,Correct
74,erica/Eri.E.maniX400wF(5358)(0)D-14.png,5,5,0.83377534,erica,erica,Correct
75,erica/Eri.E.maniX400wF(5358)(0)D-8.png,5,5,0.83519024,erica,erica,Correct
76,erica/Eri.E.maniX400wF(5359)(0)E-23.png,5,5,0.7740085,erica,erica,Correct
77,erica/Eri.E.maniX400wF(5359)(0)E-8.png,5,5,0.84041077,erica,erica,Correct
78,erica/Eri.E.maniX400wF(5360)(0)F-11.png,5,5,0.8291526,erica,erica,Correct
79,erica/Eri.E.maniX400wF(5360)(0)F-17.png,5,5,0.8281586,erica,erica,Correct
80,erica/Eri.E.maniX400wF(5360)(0)F-29.png,5,5,0.8146341,erica,erica,Correct
81,erica/Eri.E.maniX400wF(5360)(0)F-5.png,5,5,0.82790905,erica,erica,Correct
82,erica/Eri.E.maniX400wF(5361)(0)G-21.png,5,5,0.8010542,erica,erica,Correct
83,erica/Eri.E.maniX400wF(5361)(0)G-8.png,5,5,0.8097999,erica,erica,Correct
84,erica/Eri.E.maniX400wF(5362)(0)H-4.png,5,5,0.80985755,erica,erica,Correct
85,eucalyptus/Myr.E.camaX400wF(1867)(0)B-10.png,6,6,0.8499374,eucalyptus,eucalyptus,Correct
86,eucalyptus/Myr.E.camaX400wF(1867)(0)B-2_2.png,6,6,0.85094285,eucalyptus,eucalyptus,Correct
87,eucalyptus/Myr.E.camaX400wF(1867)(0)B-7.png,6,6,0.8121014,eucalyptus,eucalyptus,Correct
88,eucalyptus/Myr.E.camaX400wF(1868)(0)C-1.png,6,6,0.65246886,eucalyptus,eucalyptus,Correct
90,eucalyptus/Myr.E.camaX400wF(1868)(0)C-14.png,6,6,0.80114985,eucalyptus,eucalyptus,Correct
91,eucalyptus/Myr.E.camaX400wF(1869)(0)D-1_2.png,6,6,0.71197873,eucalyptus,eucalyptus,Correct
92,eucalyptus/Myr.E.camaX400wF(1870)(0)E-10_2.png,6,6,0.86342674,eucalyptus,eucalyptus,Correct
93,eucalyptus/Myr.E.camaX400wF(1871)(0)F-10.png,6,6,0.79766995,eucalyptus,eucalyptus,Correct
94,eucalyptus/Myr.E.camaX400wF(1871)(0)F-2_2.png,6,6,0.86372954,eucalyptus,eucalyptus,Correct
95,eucalyptus/Myr.E.camaX400wF(1871)(0)F-9_2.png,6,6,0.8382719,eucalyptus,eucalyptus,Correct
96,eucalyptus/Myr.E.camaX400wF(1872)(0)G-10.png,6,6,0.82079095,eucalyptus,eucalyptus,Correct
97,eucalyptus/Myr.E.camaX400wF(1872)(0)G-12.png,6,6,0.77358544,eucalyptus,eucalyptus,Correct
98,eucalyptus/Myr.E.camaX400wF(1872)(0)G-5.png,6,6,0.7990866,eucalyptus,eucalyptus,Correct
99,eucalyptus/Myr.E.camaX400wF(2962)(0)H-14.png,6,6,0.8354842,eucalyptus,eucalyptus,Correct
100,eucalyptus/Myr.E.camaX400wF(2962)(0)H-20_2.png,6,6,0.85680187,eucalyptus,eucalyptus,Correct
101,eucalyptus/Myr.E.camaX400wF(2962)(0)H-21.png,6,6,0.8322292,eucalyptus,eucalyptus,Correct
102,eucalyptus/Myr.E.camaX400wF(2962)(0)H-3_2.png,6,6,0.86555237,eucalyptus,eucalyptus,Correct
103,eucalyptus/Myr.E.camaX400wF(2962)(0)H-7_2.png,6,6,0.8455823,eucalyptus,eucalyptus,Correct
104,eucalyptus/Myr.E.camaX400wF(2963)(0)I-11_2.png,6,6,0.8723595,eucalyptus,eucalyptus,Correct
105,eucalyptus/Myr.E.camaX400wF(2963)(0)I-4_2.png,6,6,0.84905595,eucalyptus,eucalyptus,Correct
106,eucalyptus/Myr.E.camaX400wF(2963)(0)I-5.png,6,6,0.80661654,eucalyptus,eucalyptus,Correct
107,eucalyptus/Myr.E.camaX400wF(2963)(0)I-8_2.png,6,6,0.8703857,eucalyptus,eucalyptus,Correct
108,eucalyptus/Myr.E.camaX400wF(2964)(0)J-22_2.png,6,6,0.8684312,eucalyptus,eucalyptus,Correct
109,eucalyptus/Myr.E.camaX400wF(2964)(0)J-23.png,6,6,0.83135843,eucalyptus,eucalyptus,Correct
110,eucalyptus/Myr.E.camaX400wF(2964)(0)J-24.png,6,6,0.8442216,eucalyptus,eucalyptus,Correct
111,eucalyptus/Myr.E.camaX400wF(2964)(0)J-26.png,6,6,0.84468853,eucalyptus,eucalyptus,Correct
112,eucalyptus/Myr.E.camaX400wF(2964)(0)J-29.png,6,6,0.83304375,eucalyptus,eucalyptus,Correct
113,eucalyptus/Myr.E.camaX400wF(2964)(0)J-30_2.png,6,6,0.8598001,eucalyptus,eucalyptus,Correct
114,eucalyptus/Myr.E.camaX400wF(2964)(0)J-5.png,6,6,0.82601357,eucalyptus,eucalyptus,Correct
115,eucalyptus/Myr.E.camaX400wF(2965)(0)K-12_2.png,6,6,0.87230444,eucalyptus,eucalyptus,Correct
116,eucalyptus/Myr.E.camaX400wF(2965)(0)K-15_2.png,6,6,0.8613735,eucalyptus,eucalyptus,Correct
117,eucalyptus/Myr.E.camaX400wF(2966)(0)L-8.png,6,6,0.8522178,eucalyptus,eucalyptus,Correct
118,eucalyptus/Myr.E.camaX400wF(2966)(0)L-9.png,6,6,0.84268135,eucalyptus,eucalyptus,Correct
119,ferula/Api.F.comX400wF(2135)(0)A-10.png,7,7,0.8546183,ferula,ferula,Correct
120,ferula/Api.F.comX400wF(2135)(0)A-20.png,7,7,0.84460336,ferula,ferula,Correct
121,ferula/Api.F.comX400wF(2136)(0)B-1.png,7,7,0.8571885,ferula,ferula,Correct
122,ferula/Api.F.comX400wF(2138)(0)D-1.png,7,7,0.86447716,ferula,ferula,Correct
123,ferula/Api.F.comX400wF(2138)(0)D-20.png,7,7,0.8572548,ferula,ferula,Correct
124,ferula/Api.F.comX400wF(2138)(0)D-6.png,7,7,0.85589045,ferula,ferula,Correct
125,ferula/Api.F.comX400wF(2139)(0)E-19.png,7,7,0.85375005,ferula,ferula,Correct
126,ferula/Api.F.comX400wF(2139)(0)E-3.png,7,7,0.8547088,ferula,ferula,Correct
127,myrtus/IMG_3734-102.png,8,8,0.8403775,myrtus,myrtus,Correct
128,myrtus/IMG_3734-42.png,8,8,0.84975654,myrtus,myrtus,Correct
129,myrtus/IMG_3734-83.png,8,8,0.8339824,myrtus,myrtus,Correct
130,myrtus/IMG_3735-18.png,8,8,0.8438199,myrtus,myrtus,Correct
131,myrtus/IMG_3735-21.png,8,8,0.83717024,myrtus,myrtus,Correct
132,myrtus/IMG_3735-25.png,8,8,0.85126066,myrtus,myrtus,Correct
133,myrtus/IMG_3735-37.png,8,8,0.8414827,myrtus,myrtus,Correct
134,myrtus/IMG_3735-39.png,8,8,0.8474342,myrtus,myrtus,Correct
135,myrtus/IMG_3735-4.png,8,8,0.85796547,myrtus,myrtus,Correct
136,myrtus/IMG_3736-15.png,8,8,0.83436424,myrtus,myrtus,Correct
137,myrtus/IMG_3736-31.png,8,8,0.8329069,myrtus,myrtus,Correct
138,myrtus/IMG_3736-36.png,8,8,0.8446185,myrtus,myrtus,Correct
139,myrtus/IMG_3736-37.png,8,8,0.8521313,myrtus,myrtus,Correct
140,myrtus/IMG_3736-4.png,8,8,0.8374752,myrtus,myrtus,Correct
141,myrtus/IMG_3736-54.png,8,8,0.85549784,myrtus,myrtus,Correct
142,myrtus/IMG_3736-70.png,8,8,0.8426884,myrtus,myrtus,Correct
143,myrtus/IMG_3736-78.png,8,8,0.84473306,myrtus,myrtus,Correct
144,myrtus/IMG_3736-80.png,8,8,0.8418081,myrtus,myrtus,Correct
145,myrtus/IMG_3737-18.png,8,8,0.8552569,myrtus,myrtus,Correct
146,myrtus/IMG_3737-26.png,8,8,0.8313927,myrtus,myrtus,Correct
147,myrtus/IMG_3737-39.png,8,8,0.84306383,myrtus,myrtus,Correct
148,myrtus/IMG_3737-45.png,8,8,0.8281143,myrtus,myrtus,Correct
149,myrtus/IMG_3737-5.png,8,8,0.8362567,myrtus,myrtus,Correct
150,myrtus/IMG_3737-58.png,8,8,0.85827583,myrtus,myrtus,Correct
151,myrtus/IMG_3737-59.png,8,8,0.841712,myrtus,myrtus,Correct
152,myrtus/IMG_3737-64.png,8,8,0.8357609,myrtus,myrtus,Correct
153,myrtus/IMG_3737-71.png,8,8,0.8403062,myrtus,myrtus,Correct
154,myrtus/IMG_3737-73.png,8,8,0.8357609,myrtus,myrtus,Correct
155,myrtus/IMG_3738-102.png,8,8,0.83471775,myrtus,myrtus,Correct
156,myrtus/IMG_3738-105.png,8,8,0.85105455,myrtus,myrtus,Correct
157,myrtus/IMG_3738-118.png,8,8,0.8468122,myrtus,myrtus,Correct
158,myrtus/IMG_3738-119.png,8,8,0.84502023,myrtus,myrtus,Correct
159,myrtus/IMG_3738-127.png,8,8,0.8399707,myrtus,myrtus,Correct
160,myrtus/IMG_3738-133.png,8,8,0.84758806,myrtus,myrtus,Correct
161,myrtus/IMG_3738-147.png,8,8,0.83775276,myrtus,myrtus,Correct
162,myrtus/IMG_3738-48.png,8,8,0.8449864,myrtus,myrtus,Correct
163,myrtus/IMG_3738-55.png,8,8,0.8452366,myrtus,myrtus,Correct
164,myrtus/IMG_3738-6.png,8,8,0.84545916,myrtus,myrtus,Correct
165,myrtus/IMG_3738-60.png,8,8,0.8508826,myrtus,myrtus,Correct
166,myrtus/IMG_3738-63.png,8,8,0.83460355,myrtus,myrtus,Correct
167,myrtus/IMG_3738-66.png,8,8,0.843369,myrtus,myrtus,Correct
168,myrtus/IMG_3738-75.png,8,8,0.83898807,myrtus,myrtus,Correct
169,myrtus/IMG_3738-93.png,8,8,0.8422118,myrtus,myrtus,Correct
170,myrtus/IMG_3741-12.png,8,8,0.84420073,myrtus,myrtus,Correct
171,myrtus/IMG_3741-3.png,8,8,0.84613,myrtus,myrtus,Correct
172,myrtus/IMG_3741-32.png,8,8,0.83477914,myrtus,myrtus,Correct
173,myrtus/IMG_3741-46.png,8,8,0.83185965,myrtus,myrtus,Correct
174,myrtus/IMG_3741-5.png,8,8,0.83482176,myrtus,myrtus,Correct
175,myrtus/IMG_3741-53.png,8,8,0.8516258,myrtus,myrtus,Correct
176,myrtus/IMG_3741-61.png,8,8,0.8447595,myrtus,myrtus,Correct
177,myrtus/IMG_3741-64.png,8,8,0.84060854,myrtus,myrtus,Correct
178,myrtus/IMG_3741-66.png,8,8,0.84560984,myrtus,myrtus,Correct
179,myrtus/IMG_3741-69.png,8,8,0.7959727,myrtus,myrtus,Correct
180,myrtus/IMG_3742-33.png,8,8,0.8447544,myrtus,myrtus,Correct
181,myrtus/IMG_3742-40.png,8,8,0.81522053,myrtus,myrtus,Correct
182,myrtus/IMG_3742-42.png,8,8,0.83821756,myrtus,myrtus,Correct
183,myrtus/IMG_3742-45.png,8,8,0.8482708,myrtus,myrtus,Correct
184,myrtus/IMG_3742-47.png,8,8,0.844014,myrtus,myrtus,Correct
185,myrtus/IMG_3742-6.png,8,8,0.8287204,myrtus,myrtus,Correct
186,myrtus/IMG_3743-22.png,8,8,0.82682383,myrtus,myrtus,Correct
187,myrtus/IMG_3743-23.png,8,8,0.83804834,myrtus,myrtus,Correct
188,myrtus/IMG_3743-27.png,8,8,0.8533808,myrtus,myrtus,Correct
189,myrtus/IMG_3743-33.png,8,8,0.8497282,myrtus,myrtus,Correct
190,myrtus/IMG_3743-35.png,8,8,0.8434908,myrtus,myrtus,Correct
191,myrtus/IMG_3743-36.png,8,8,0.8601964,myrtus,myrtus,Correct
192,myrtus/IMG_3744-15.png,8,8,0.83974236,myrtus,myrtus,Correct
193,myrtus/IMG_3744-61.png,8,8,0.8520029,myrtus,myrtus,Correct
194,myrtus/IMG_3744-9.png,8,8,0.84315103,myrtus,myrtus,Correct
195,myrtus/Myr.M.comX400wF(1095)(1091)A-15.png,8,8,0.83742994,myrtus,myrtus,Correct
196,myrtus/Myr.M.comX400wF(1095)(1091)A-19.png,8,8,0.83045346,myrtus,myrtus,Correct
197,myrtus/Myr.M.comX400wF(1095)(1091)A-28.png,8,8,0.8367628,myrtus,myrtus,Correct
198,myrtus/Myr.M.comX400wF(1095)(1091)A-3.png,8,8,0.83919823,myrtus,myrtus,Correct
199,myrtus/Myr.M.comX400wF(1095)(1091)A-8.png,8,8,0.8409799,myrtus,myrtus,Correct
200,myrtus/Myr.M.comX400wF(1095)(1091)A-93.png,8,8,0.84846944,myrtus,myrtus,Correct
201,myrtus/Myr.M.comX400wF(1097)(1090)C-13.png,8,8,0.83956254,myrtus,myrtus,Correct
202,myrtus/Myr.M.comX400wF(1097)(1090)C-22.png,8,8,0.8525741,myrtus,myrtus,Correct
203,myrtus/Myr.M.comX400wF(1097)(1090)C-50.png,8,8,0.8361334,myrtus,myrtus,Correct
204,myrtus/Myr.M.comX400wF(1097)(1090)C-52.png,8,8,0.8399221,myrtus,myrtus,Correct
205,myrtus/Myr.M.comX400wF(1097)(1090)C-71.png,8,8,0.8379166,myrtus,myrtus,Correct
206,olea/Ole.O.euroX400wF(4261)(0)A-11.png,9,9,0.8258018,olea,olea,Correct
207,olea/Ole.O.euroX400wF(4261)(0)A-14.png,9,9,0.8402859,olea,olea,Correct
208,olea/Ole.O.euroX400wF(4261)(0)A-17.png,9,9,0.8055047,olea,olea,Correct
209,olea/Ole.O.euroX400wF(4261)(0)A-4.png,9,9,0.8435105,olea,olea,Correct
210,olea/Ole.O.euroX400wF(4261)(0)A-46.png,9,9,0.8892046,olea,olea,Correct
211,olea/Ole.O.euroX400wF(4262)(0)B-16.png,9,9,0.83001995,olea,olea,Correct
212,olea/Ole.O.euroX400wF(4262)(0)B-2.png,9,9,0.8115784,olea,olea,Correct
213,olea/Ole.O.euroX400wF(4262)(0)B-28.png,9,9,0.8290361,olea,olea,Correct
214,olea/Ole.O.euroX400wF(4262)(0)B-31.png,9,9,0.83292973,olea,olea,Correct
215,olea/Ole.O.euroX400wF(4262)(0)B-32.png,9,9,0.8353865,olea,olea,Correct
216,olea/Ole.O.euroX400wF(4263)(0)C-100.png,9,9,0.7993749,olea,olea,Correct
217,olea/Ole.O.euroX400wF(4263)(0)C-126.png,9,9,0.8057938,olea,olea,Correct
218,olea/Ole.O.euroX400wF(4263)(0)C-133.png,9,9,0.8299165,olea,olea,Correct
219,olea/Ole.O.euroX400wF(4263)(0)C-136.png,9,9,0.8246988,olea,olea,Correct
220,olea/Ole.O.euroX400wF(4263)(0)C-14.png,9,9,0.81382275,olea,olea,Correct
221,olea/Ole.O.euroX400wF(4263)(0)C-143.png,9,9,0.8368653,olea,olea,Correct
222,olea/Ole.O.euroX400wF(4263)(0)C-157.png,9,9,0.78536737,olea,olea,Correct
223,olea/Ole.O.euroX400wF(4263)(0)C-168.png,9,9,0.827196,olea,olea,Correct
224,olea/Ole.O.euroX400wF(4263)(0)C-170.png,9,9,0.7967944,olea,olea,Correct
225,olea/Ole.O.euroX400wF(4263)(0)C-195.png,9,9,0.8311589,olea,olea,Correct
226,olea/Ole.O.euroX400wF(4263)(0)C-198.png,9,9,0.8404165,olea,olea,Correct
227,olea/Ole.O.euroX400wF(4263)(0)C-20.png,9,9,0.83361053,olea,olea,Correct
228,olea/Ole.O.euroX400wF(4263)(0)C-26.png,9,9,0.82081926,olea,olea,Correct
229,olea/Ole.O.euroX400wF(4263)(0)C-27.png,9,9,0.8262848,olea,olea,Correct
230,olea/Ole.O.euroX400wF(4263)(0)C-30.png,9,9,0.82230556,olea,olea,Correct
231,olea/Ole.O.euroX400wF(4263)(0)C-42.png,9,9,0.81740624,olea,olea,Correct
232,olea/Ole.O.euroX400wF(4263)(0)C-58.png,9,9,0.81901765,olea,olea,Correct
233,olea/Ole.O.euroX400wF(4263)(0)C-60.png,9,9,0.80953455,olea,olea,Correct
234,olea/Ole.O.euroX400wF(4263)(0)C-73.png,9,9,0.847811,olea,olea,Correct
235,olea/Ole.O.euroX400wF(4264)(0)D-11.png,9,9,0.84146816,olea,olea,Correct
236,olea/Ole.O.euroX400wF(4264)(0)D-125.png,9,9,0.83119154,olea,olea,Correct
237,olea/Ole.O.euroX400wF(4264)(0)D-127.png,9,9,0.82846177,olea,olea,Correct
238,olea/Ole.O.euroX400wF(4264)(0)D-134.png,9,9,0.82579345,olea,olea,Correct
239,olea/Ole.O.euroX400wF(4264)(0)D-136.png,9,9,0.8509697,olea,olea,Correct
240,olea/Ole.O.euroX400wF(4264)(0)D-139.png,9,9,0.85911626,olea,olea,Correct
241,olea/Ole.O.euroX400wF(4264)(0)D-145.png,9,9,0.82875735,olea,olea,Correct
242,olea/Ole.O.euroX400wF(4264)(0)D-152.png,9,9,0.84439063,olea,olea,Correct
243,olea/Ole.O.euroX400wF(4264)(0)D-155.png,9,9,0.83825356,olea,olea,Correct
244,olea/Ole.O.euroX400wF(4264)(0)D-29.png,9,9,0.8231701,olea,olea,Correct
245,olea/Ole.O.euroX400wF(4264)(0)D-39.png,9,9,0.82153803,olea,olea,Correct
246,olea/Ole.O.euroX400wF(4264)(0)D-51.png,9,9,0.82610214,olea,olea,Correct
247,olea/Ole.O.euroX400wF(4264)(0)D-74.png,9,9,0.8304652,olea,olea,Correct
248,olea/Ole.O.euroX400wF(4264)(0)D-9.png,9,9,0.82676554,olea,olea,Correct
249,olea/Ole.O.euroX400wF(4265)(0)E-13.png,9,9,0.83586276,olea,olea,Correct
250,olea/Ole.O.euroX400wF(4265)(0)E-154.png,9,9,0.8132837,olea,olea,Correct
252,olea/Ole.O.euroX400wF(4265)(0)E-176.png,9,9,0.8291172,olea,olea,Correct
253,olea/Ole.O.euroX400wF(4265)(0)E-180.png,9,9,0.817881,olea,olea,Correct
254,olea/Ole.O.euroX400wF(4265)(0)E-181.png,9,9,0.8147144,olea,olea,Correct
255,olea/Ole.O.euroX400wF(4265)(0)E-188.png,9,9,0.8421366,olea,olea,Correct
256,olea/Ole.O.euroX400wF(4265)(0)E-190.png,9,9,0.818568,olea,olea,Correct
257,olea/Ole.O.euroX400wF(4265)(0)E-191.png,9,9,0.8218615,olea,olea,Correct
258,olea/Ole.O.euroX400wF(4265)(0)E-194.png,9,9,0.8280693,olea,olea,Correct
259,olea/Ole.O.euroX400wF(4265)(0)E-204.png,9,9,0.8060106,olea,olea,Correct
260,olea/Ole.O.euroX400wF(4265)(0)E-216.png,9,9,0.82505035,olea,olea,Correct
261,olea/Ole.O.euroX400wF(4265)(0)E-222.png,9,9,0.8306319,olea,olea,Correct
262,olea/Ole.O.euroX400wF(4265)(0)E-32.png,9,9,0.8087137,olea,olea,Correct
263,olea/Ole.O.euroX400wF(4265)(0)E-38.png,9,9,0.82830644,olea,olea,Correct
264,olea/Ole.O.euroX400wF(4265)(0)E-49.png,9,9,0.7785758,olea,olea,Correct
265,olea/Ole.O.euroX400wF(4265)(0)E-57.png,9,9,0.83628315,olea,olea,Correct
266,olea/Ole.O.euroX400wF(4265)(0)E-67.png,9,9,0.83326507,olea,olea,Correct
267,olea/Ole.O.euroX400wF(4265)(0)E-72.png,9,9,0.8331246,olea,olea,Correct
268,olea/Ole.O.euroX400wF(4265)(0)E-73.png,9,9,0.82212156,olea,olea,Correct
269,olea/Ole.O.euroX400wF(4265)(0)E-81.png,9,9,0.82542026,olea,olea,Correct
270,olea/Ole.O.euroX400wF(4265)(0)E-95.png,9,9,0.8073884,olea,olea,Correct
271,olea/Ole.O.euroX400wF(4265)(0)E-97.png,9,9,0.72079605,olea,olea,Correct
272,olea/Ole.O.euroX400wF(4266)(0)F-108.png,9,9,0.81665564,olea,olea,Correct
273,olea/Ole.O.euroX400wF(4266)(0)F-135.png,9,9,0.83559513,olea,olea,Correct
274,olea/Ole.O.euroX400wF(4266)(0)F-137.png,9,9,0.8238358,olea,olea,Correct
275,olea/Ole.O.euroX400wF(4266)(0)F-19.png,9,9,0.8200751,olea,olea,Correct
276,olea/Ole.O.euroX400wF(4266)(0)F-32.png,9,9,0.83992535,olea,olea,Correct
277,olea/Ole.O.euroX400wF(4266)(0)F-44.png,9,9,0.82815796,olea,olea,Correct
278,olea/Ole.O.euroX400wF(4266)(0)F-51.png,9,9,0.819937,olea,olea,Correct
279,olea/Ole.O.euroX400wF(4266)(0)F-9.png,9,9,0.81350493,olea,olea,Correct
280,olea/Ole.O.euroX400wF(4267)(0)G-18.png,9,9,0.81221646,olea,olea,Correct
281,olea/Ole.O.euroX400wF(4267)(0)G-23.png,9,9,0.8185157,olea,olea,Correct
282,olea/Ole.O.euroX400wF(4267)(0)G-26.png,9,9,0.8204649,olea,olea,Correct
283,olea/Ole.O.euroX400wF(4267)(0)G-29.png,9,9,0.84294504,olea,olea,Correct
284,olea/Ole.O.euroX400wF(4267)(0)G-55.png,9,9,0.82160383,olea,olea,Correct
286,origanum/Lam.O.micX400wF(886)(0)C-1.png,10,10,0.83722806,origanum,origanum,Correct
287,origanum/Lam.O.micX400wF(886)(0)C-28.png,10,10,0.8536008,origanum,origanum,Correct
288,origanum/Lam.O.micX400wF(886)(0)C-31.png,10,10,0.85128546,origanum,origanum,Correct
289,origanum/Lam.O.micX400wF(886)(0)C-35.png,10,10,0.8464977,origanum,origanum,Correct
290,origanum/Lam.O.micX400wF(886)(0)C-39.png,10,10,0.82676536,origanum,origanum,Correct
291,origanum/Lam.O.micX400wF(886)(0)C-40.png,10,10,0.84924966,origanum,origanum,Correct
292,origanum/Lam.O.micX400wF(886)(0)C-48.png,10,10,0.86216885,origanum,origanum,Correct
293,origanum/Lam.O.micX400wF(886)(0)C-55.png,10,10,0.85185593,origanum,origanum,Correct
294,origanum/Lam.O.micX400wF(886)(0)C-61.png,10,10,0.8462415,origanum,origanum,Correct
295,origanum/Lam.O.micX400wF(887)(0)D-9.png,10,10,0.86305714,origanum,origanum,Correct
296,origanum/Lam.O.micX400wF(889)(0)F-2.png,10,10,0.83158,origanum,origanum,Correct
297,origanum/Lam.O.micX400wF(889)(0)F-27.png,10,10,0.82763606,origanum,origanum,Correct
298,origanum/Lam.O.micX400wF(889)(0)F-28.png,10,10,0.8283676,origanum,origanum,Correct
299,origanum/Lam.O.micX400wF(889)(0)F-30.png,10,10,0.851145,origanum,origanum,Correct
300,origanum/Lam.O.micX400wF(889)(0)F-34.png,10,10,0.48977378,origanum,origanum,Correct
301,origanum/Lam.O.micX400wF(889)(0)F-63.png,10,10,0.8531861,origanum,origanum,Correct
302,oxalis/Oxa.O.pes.cX400wF(1733)(0)A-5.png,11,11,0.8380469,oxalis,oxalis,Correct
303,oxalis/Oxa.O.pes.cX400wF(1734)(0)B-7.png,11,11,0.834406,oxalis,oxalis,Correct
304,oxalis/Oxa.O.pes.cX400wF(1735)(0)C-2.png,11,11,0.82896006,oxalis,oxalis,Correct
305,oxalis/Oxa.O.pes.cX400wF(1736)(0)D-3.png,11,11,0.83058673,oxalis,oxalis,Correct
306,oxalis/Oxa.O.pes.cX400wF(1737)(1736)E-3.png,11,11,0.82808894,oxalis,oxalis,Correct
307,oxalis/Oxa.O.pes.cX400wF(1738)(0)F-14.png,11,11,0.8377742,oxalis,oxalis,Correct
308,oxalis/Oxa.O.pes.cX400wF(1738)(0)F-2.png,11,11,0.8246366,oxalis,oxalis,Correct
309,oxalis/Oxa.O.pes.cX400wF(1738)(0)F-4.png,11,11,0.83570874,oxalis,oxalis,Correct
310,oxalis/Oxa.O.pes.cX400wF(1739)(0)G-5.png,11,11,0.82661355,oxalis,oxalis,Correct
311,oxalis/Oxa.O.pes.cX400wF(1742)(1741)J-2.png,11,11,0.8321782,oxalis,oxalis,Correct
312,oxalis/Oxa.O.pes.cX400wF(1742)(1741)J-5.png,11,11,0.83167744,oxalis,oxalis,Correct
313,oxalis/Oxa.O.pes.cX400wF(1743)(0)K-10.png,11,11,0.8338954,oxalis,oxalis,Correct
314,oxalis/Oxa.O.pes.cX400wF(1743)(0)K-19.png,11,11,0.833923,oxalis,oxalis,Correct
315,oxalis/Oxa.O.pes.cX400wF(1743)(0)K-8.png,11,11,0.82929975,oxalis,oxalis,Correct
316,pinus/Pin.P.brutX400wF(3171)(0)A-4.png,12,12,0.90241003,pinus,pinus,Correct
317,pinus/Pin.P.brutX400wF(3173)(0)C-2.png,12,12,0.89389706,pinus,pinus,Correct
318,pinus/Pin.P.brutX400wF(3173)(0)C-3.png,12,12,0.894817,pinus,pinus,Correct
319,pistacia/Ana.P.tereX400wF(3222)(0)A-4.png,13,13,0.83606476,pistacia,pistacia,Correct
320,pistacia/Ana.P.tereX400wF(3222)(0)A-9.png,13,13,0.83701473,pistacia,pistacia,Correct
321,pistacia/Ana.P.tereX400wF(3224)(0)C-9.png,13,13,0.8275004,pistacia,pistacia,Correct
322,salvia/Lam.S.triX400wF(2189)(0)B-13.png,14,14,0.87085974,salvia,salvia,Correct
323,salvia/Lam.S.triX400wF(2189)(0)B-15.png,14,14,0.8791583,salvia,salvia,Correct
324,salvia/Lam.S.triX400wF(2189)(0)B-27.png,14,14,0.8602552,salvia,salvia,Correct
325,salvia/Lam.S.triX400wF(2189)(0)B-63.png,14,14,0.8722589,salvia,salvia,Correct
326,salvia/Lam.S.triX400wF(2189)(0)B-65.png,14,14,0.8458478,salvia,salvia,Correct
327,salvia/Lam.S.triX400wF(2189)(0)B-7.png,14,14,0.872452,salvia,salvia,Correct
328,salvia/Lam.S.triX400wF(2190)(0)C-12.png,14,14,0.88987863,salvia,salvia,Correct
329,salvia/Lam.S.triX400wF(2190)(0)C-13.png,14,14,0.87849814,salvia,salvia,Correct
330,salvia/Lam.S.triX400wF(2190)(0)C-3.png,14,14,0.8848713,salvia,salvia,Correct
331,salvia/Lam.S.triX400wF(2190)(0)C-6.png,14,14,0.88603604,salvia,salvia,Correct
332,salvia/Lam.S.triX400wF(2191)(0)D-10.png,14,14,0.8917964,salvia,salvia,Correct
333,salvia/Lam.S.triX400wF(2191)(0)D-16.png,14,14,0.88525444,salvia,salvia,Correct
334,salvia/Lam.S.triX400wF(2191)(0)D-20.png,14,14,0.8888233,salvia,salvia,Correct
335,salvia/Lam.S.triX400wF(2191)(0)D-25.png,14,14,0.87881243,salvia,salvia,Correct
336,salvia/Lam.S.triX400wF(2191)(0)D-48.png,14,14,0.88813394,salvia,salvia,Correct
337,salvia/Lam.S.triX400wF(2192)(0)E-7.png,14,14,0.88952804,salvia,salvia,Correct
338,salvia/Lam.S.triX400wF(2193)(0)F-1.png,14,14,0.8766058,salvia,salvia,Correct
339,salvia/Lam.S.triX400wF(2193)(0)F-11.png,14,14,0.8956818,salvia,salvia,Correct
340,satureja/Lam.S.thyX400wF(943)(990)C-7.png,15,15,0.8427488,satureja,satureja,Correct
341,satureja/Lam.S.thyX400wF(944)(940)E-11.png,15,15,0.7896007,satureja,satureja,Correct
342,satureja/Lam.S.thyX400wF(944)(940)E-20.png,15,15,0.7975397,satureja,satureja,Correct
343,satureja/Lam.S.thyX400wF(944)(940)E-23.png,15,15,0.7847862,satureja,satureja,Correct
344,satureja/Lam.S.thyX400wF(944)(940)E-9.png,15,15,0.83401996,satureja,satureja,Correct
345,satureja/Lam.S.thyX400wF(946)(0)G-1.png,15,15,0.64882934,satureja,satureja,Correct
346,satureja/Lam.S.thyX400wF(946)(0)G-3.png,15,15,0.810751,satureja,satureja,Correct
347,sinapis/Bra.S.albX400wF(2151)(0)B-14.png,16,16,0.8391441,sinapis,sinapis,Correct
348,sinapis/Bra.S.albX400wF(2151)(0)B-18.png,16,16,0.8627872,sinapis,sinapis,Correct
349,sinapis/Bra.S.albX400wF(2151)(0)B-20.png,16,16,0.76883924,sinapis,sinapis,Correct
351,sinapis/Bra.S.albX400wF(2152)(0)C-4.png,16,16,0.85508525,sinapis,sinapis,Correct
352,sinapis/Bra.S.albX400wF(2153)(0)D-22.png,16,16,0.86249125,sinapis,sinapis,Correct
353,sinapis/Bra.S.albX400wF(2153)(0)D-23.png,16,16,0.871333,sinapis,sinapis,Correct
354,sinapis/Bra.S.albX400wF(2153)(0)D-7.png,16,16,0.86642444,sinapis,sinapis,Correct
355,sinapis/Bra.S.albX400wF(2154)(0)E-21.png,16,16,0.87480086,sinapis,sinapis,Correct
356,sinapis/Bra.S.albX400wF(2154)(0)E-24.png,16,16,0.8689692,sinapis,sinapis,Correct
357,sinapis/Bra.S.albX400wF(2154)(0)E-9.png,16,16,0.847088,sinapis,sinapis,Correct
358,sinapis/Bra.S.albX400wF(2155)(0)F-25.png,16,16,0.8745602,sinapis,sinapis,Correct
359,sinapis/Bra.S.albX400wF(2155)(0)F-7.png,16,16,0.8721391,sinapis,sinapis,Correct
360,sinapis/IMG_3701-8.png,16,16,0.8631322,sinapis,sinapis,Correct
361,sinapis/IMG_3704-10.png,16,16,0.8798963,sinapis,sinapis,Correct
362,sinapis/IMG_3704-12.png,16,16,0.87693787,sinapis,sinapis,Correct
363,sinapis/IMG_3704-5.png,16,16,0.86290777,sinapis,sinapis,Correct
364,sinapis/IMG_3706-1.png,16,16,0.8637031,sinapis,sinapis,Correct
365,sinapis/IMG_3708-10.png,16,16,0.8546026,sinapis,sinapis,Correct
366,sinapis/IMG_3708-4.png,16,16,0.87185466,sinapis,sinapis,Correct
367,thymbra/Lam.T.capX400wF(1029)(0)A-21.png,17,17,0.72059476,thymbra,thymbra,Correct
368,thymbra/Lam.T.capX400wF(1031)(0)C-10.png,17,17,0.74080676,thymbra,thymbra,Correct
369,thymbra/Lam.T.capX400wF(1031)(0)C-11.png,17,17,0.7423966,thymbra,thymbra,Correct
370,thymbra/Lam.T.capX400wF(1032)(0)D-11.png,17,17,0.7488775,thymbra,thymbra,Correct
371,thymbra/Lam.T.capX400wF(1032)(0)D-13.png,17,17,0.73047507,thymbra,thymbra,Correct
372,thymbra/Lam.T.capX400wF(1032)(0)D-5.png,17,17,0.73806995,thymbra,thymbra,Correct
373,thymbra/Lam.T.capX400wF(1033)(0)E-7.png,17,17,0.7222328,thymbra,thymbra,Correct
375,thymbra/x40 f (3)-1.png,17,17,0.72914666,thymbra,thymbra,Correct
376,thymbra/x40 f (3)-8.png,17,17,0.74916595,thymbra,thymbra,Correct
377,thymbra/x40 f (5)-17.png,17,17,0.73866695,thymbra,thymbra,Correct
378,thymbra/x40 f (5)-7.png,17,17,0.74133486,thymbra,thymbra,Correct
379,thymbra/x40 f (5)-8.png,17,17,0.74373573,thymbra,thymbra,Correct
380,thymbra/x40 f (6)-11.png,17,17,0.7396109,thymbra,thymbra,Correct
381,thymbra/x40 f (6)-15.png,17,17,0.7448492,thymbra,thymbra,Correct
382,urginea/Asp.U.marX400wF(5317)(0)A-18.png,18,18,0.8848539,urginea,urginea,Correct
383,urginea/Asp.U.marX400wF(5319)(0)C-14.png,18,18,0.8798771,urginea,urginea,Correct
384,urginea/Asp.U.marX400wF(5319)(0)C-4.png,18,18,0.8979834,urginea,urginea,Correct
385,urginea/Asp.U.marX400wF(5320)(0)D-1.png,18,18,0.8863721,urginea,urginea,Correct
386,urginea/Asp.U.marX400wF(5321)(0)E-13.png,18,18,0.89399767,urginea,urginea,Correct
387,urginea/Asp.U.marX400wF(5321)(0)E-5.png,18,18,0.8899412,urginea,urginea,Correct
388,urginea/Asp.U.marX400wF(5323)(0)G-13.png,18,18,0.89901227,urginea,urginea,Correct
389,urginea/Asp.U.marX400wF(5323)(0)G-3.png,18,18,0.89413595,urginea,urginea,Correct
390,urginea/Asp.U.marX400wF(5324)(0)H-1.png,18,18,0.8746206,urginea,urginea,Correct
391,urginea/Asp.U.marX400wF(5324)(0)H-5.png,18,18,0.88443476,urginea,urginea,Correct
392,vitis/Vit.V.viniX400wF(4978)(0)A-13.png,19,19,0.8860093,vitis,vitis,Correct
393,vitis/Vit.V.viniX400wF(4978)(0)A-2.png,19,19,0.88311267,vitis,vitis,Correct
394,vitis/Vit.V.viniX400wF(4978)(0)A-20.png,19,19,0.8809569,vitis,vitis,Correct
395,vitis/Vit.V.viniX400wF(4978)(0)A-3.png,19,19,0.8807203,vitis,vitis,Correct
396,vitis/Vit.V.viniX400wF(4979)(0)B-18.png,19,19,0.8890763,vitis,vitis,Correct
397,vitis/Vit.V.viniX400wF(4979)(0)B-23.png,19,19,0.8830678,vitis,vitis,Correct
398,vitis/Vit.V.viniX400wF(4979)(0)B-25.png,19,19,0.87295383,vitis,vitis,Correct
399,vitis/Vit.V.viniX400wF(4980)(0)C-24.png,19,19,0.8829635,vitis,vitis,Correct
400,vitis/Vit.V.viniX400wF(4980)(0)C-28.png,19,19,0.8527089,vitis,vitis,Correct
401,vitis/Vit.V.viniX400wF(4980)(0)C-3.png,19,19,0.88907456,vitis,vitis,Correct
402,vitis/Vit.V.viniX400wF(4981)(0)D-26.png,19,19,0.8714268,vitis,vitis,Correct
403,vitis/Vit.V.viniX400wF(4981)(0)D-27.png,19,19,0.89020854,vitis,vitis,Correct
404,vitis/Vit.V.viniX400wF(4981)(0)D-36.png,19,19,0.89096904,vitis,vitis,Correct
405,vitis/Vit.V.viniX400wF(4981)(0)D-7.png,19,19,0.8902983,vitis,vitis,Correct
406,vitis/Vit.V.viniX400wF(4982)(0)E-27.png,19,19,0.8873506,vitis,vitis,Correct
407,vitis/Vit.V.viniX400wF(4982)(0)E-4.png,19,19,0.8903813,vitis,vitis,Correct
408,vitis/Vit.V.viniX400wF(4983)(0)F-23.png,19,19,0.8939018,vitis,vitis,Correct
409,vitis/Vit.V.viniX400wF(4983)(0)F-3.png,19,19,0.87540907,vitis,vitis,Correct
410,vitis/Vit.V.viniX400wF(4983)(0)F-6.png,19,19,0.8876168,vitis,vitis,Correct
411,vitis/Vit.V.viniX400wF(4984)(0)G-10.png,19,19,0.9071744,vitis,vitis,Correct
412,vitis/Vit.V.viniX400wF(4984)(0)G-3.png,19,19,0.8840539,vitis,vitis,Correct
413,vitis/Vit.V.viniX400wF(4985)(0)H-1.png,19,19,0.8934407,vitis,vitis,Correct
414,vitis/Vit.V.viniX400wF(4985)(0)H-19.png,19,19,0.89320946,vitis,vitis,Correct
415,vitis/Vit.V.viniX400wF(4985)(0)H-26.png,19,19,0.8917415,vitis,vitis,Correct
416,vitis/Vit.V.viniX400wF(4985)(0)H-32.png,19,19,0.8898632,vitis,vitis,Correct
417,vitis/Vit.V.viniX400wF(4985)(0)H-39.png,19,19,0.8812837,vitis,vitis,Correct
418,vitis/Vit.V.viniX400wF(4985)(0)H-40.png,19,19,0.8842158,vitis,vitis,Correct
0,asphodelus/Asp.A.ramX400wF(1987)(0)D-1.png,0,0,0.8457277,asphodelus,asphodelus,Correct
1,asphodelus/Asp.A.ramX400wF(1990)(0)G-2.png,0,0,0.845177,asphodelus,asphodelus,Correct
2,asphodelus/Asp.A.ramX400wF(1990)(0)G-5.png,0,0,0.8227018,asphodelus,asphodelus,Correct
4,calicotome/Fab.C.vilX400wF(2017)(0)B-13.png,1,1,0.7738369,calicotome,calicotome,Correct
5,calicotome/Fab.C.vilX400wF(2017)(0)B-22.png,1,1,0.65376884,calicotome,calicotome,Correct
6,calicotome/Fab.C.vilX400wF(2017)(0)B-5.png,1,1,0.7905846,calicotome,calicotome,Correct
8,calicotome/Fab.C.vilX400wF(2018)(0)C-21.png,1,1,0.7148258,calicotome,calicotome,Correct
9,calicotome/Fab.C.vilX400wF(2019)(0)D-1.png,1,1,0.7653253,calicotome,calicotome,Correct
10,calicotome/Fab.C.vilX400wF(2019)(0)D-16.png,1,1,0.7314957,calicotome,calicotome,Correct
11,calicotome/Fab.C.vilX400wF(2019)(0)D-25.png,1,1,0.7763809,calicotome,calicotome,Correct
12,calicotome/Fab.C.vilX400wF(2019)(0)D-28.png,1,1,0.7830257,calicotome,calicotome,Correct
13,calicotome/Fab.C.vilX400wF(2019)(0)D-33.png,1,1,0.7801838,calicotome,calicotome,Correct
14,calicotome/Fab.C.vilX400wF(2019)(0)D-5.png,1,1,0.7808205,calicotome,calicotome,Correct
15,calicotome/Fab.C.vilX400wF(2019)(0)D-6.png,1,1,0.7754364,calicotome,calicotome,Correct
16,calicotome/Fab.C.vilX400wF(2019)(0)D-66.png,1,1,0.7696784,calicotome,calicotome,Correct
17,calicotome/Fab.C.vilX400wF(2019)(0)D-67.png,1,1,0.7703341,calicotome,calicotome,Correct
18,calicotome/Fab.C.vilX400wF(2019)(0)D-68.png,1,1,0.7756018,calicotome,calicotome,Correct
19,calicotome/Fab.C.vilX400wF(2019)(0)D-88.png,1,1,0.76408213,calicotome,calicotome,Correct
20,calicotome/Fab.C.vilX400wF(2020)(0)E-10.png,1,1,0.7731939,calicotome,calicotome,Correct
21,calicotome/Fab.C.vilX400wF(2020)(0)E-20.png,1,1,0.7785262,calicotome,calicotome,Correct
22,calicotome/Fab.C.vilX400wF(2020)(0)E-22.png,1,1,0.7648575,calicotome,calicotome,Correct
23,calicotome/Fab.C.vilX400wF(2020)(0)E-27.png,1,1,0.76773596,calicotome,calicotome,Correct
24,calicotome/Fab.C.vilX400wF(2020)(0)E-30.png,1,1,0.7674497,calicotome,calicotome,Correct
25,calicotome/Fab.C.vilX400wF(2020)(0)E-48.png,1,1,0.77975476,calicotome,calicotome,Correct
26,calicotome/Fab.C.vilX400wF(2020)(0)E-49.png,1,1,0.76789457,calicotome,calicotome,Correct
27,calicotome/Fab.C.vilX400wF(2020)(0)E-57.png,1,1,0.7708398,calicotome,calicotome,Correct
28,calicotome/Fab.C.vilX400wF(2020)(0)E-68.png,1,1,0.7727467,calicotome,calicotome,Correct
29,calicotome/Fab.C.vilX400wF(2020)(0)E-77.png,1,1,0.77767605,calicotome,calicotome,Correct
30,calicotome/Fab.C.vilX400wF(2020)(0)E-80.png,1,1,0.7746371,calicotome,calicotome,Correct
31,calicotome/Fab.C.vilX400wF(2020)(0)E-87.png,1,1,0.7827284,calicotome,calicotome,Correct
32,calicotome/Fab.C.vilX400wF(2020)(0)E-94.png,1,1,0.7802664,calicotome,calicotome,Correct
33,castanea/Fag.C.satX400wF(781)(0)A-10.png,2,2,0.9033008,castanea,castanea,Correct
34,castanea/Fag.C.satX400wF(781)(0)A-14.png,2,2,0.90417683,castanea,castanea,Correct
35,castanea/Fag.C.satX400wF(781)(0)A-16.png,2,2,0.908376,castanea,castanea,Correct
36,castanea/Fag.C.satX400wF(781)(0)A-25.png,2,2,0.90230435,castanea,castanea,Correct
37,castanea/Fag.C.satX400wF(781)(0)A-30.png,2,2,0.9032623,castanea,castanea,Correct
38,castanea/Fag.C.satX400wF(781)(0)A-33.png,2,2,0.9074398,castanea,castanea,Correct
39,castanea/Fag.C.satX400wF(784)(0)D-1.png,2,2,0.90343285,castanea,castanea,Correct
40,castanea/Fag.C.satX400wF(785)(0)E-8.png,2,2,0.8994528,castanea,castanea,Correct
41,castanea/Fag.C.satX400wF(786)(0)F-3.png,2,2,0.89996725,castanea,castanea,Correct
42,castanea/Fag.C.satX400wF(786)(0)F-6.png,2,2,0.8935949,castanea,castanea,Correct
43,castanea/Fag.C.satX400wF(786)(0)F-7.png,2,2,0.90633285,castanea,castanea,Correct
44,castanea/Fag.C.satX400wF(792)(781)G-16.png,2,2,0.8888011,castanea,castanea,Correct
45,castanea/Fag.C.satX400wF(792)(781)G-21.png,2,2,0.913825,castanea,castanea,Correct
46,castanea/Fag.C.satX400wF(792)(781)G-22.png,2,2,0.8943541,castanea,castanea,Correct
47,castanea/Fag.C.satX400wF(792)(781)G-24.png,2,2,0.90234995,castanea,castanea,Correct
48,castanea/Fag.C.satX400wF(792)(781)G-33.png,2,2,0.9090729,castanea,castanea,Correct
49,castanea/Fag.C.satX400wF(792)(781)G-43.png,2,2,0.9157312,castanea,castanea,Correct
50,castanea/Fag.C.satX400wF(793)(781)H-20.png,2,2,0.9134541,castanea,castanea,Correct
51,castanea/Fag.C.satX400wF(793)(781)H-28.png,2,2,0.90880096,castanea,castanea,Correct
52,castanea/Fag.C.satX400wF(793)(781)H-38.png,2,2,0.91133803,castanea,castanea,Correct
53,castanea/Fag.C.satX400wF(793)(781)H-50.png,2,2,0.9236016,castanea,castanea,Correct
54,castanea/Fag.C.satX400wF(793)(781)H-9.png,2,2,0.8881763,castanea,castanea,Correct
55,ceratonia/Fab.C.silX400wF(475)(0)A-5.png,3,3,0.90274966,ceratonia,ceratonia,Correct
56,ceratonia/Fab.C.silX400wF(476)(0)B-1.png,3,3,0.91869897,ceratonia,ceratonia,Correct
57,ceratonia/Fab.C.silX400wF(476)(0)B-7.png,3,3,0.7904483,ceratonia,ceratonia,Correct
58,ceratonia/Fab.C.silX400wF(478)(0)D-9.png,3,3,0.9051183,ceratonia,ceratonia,Correct
59,ceratonia/Fab.C.silX400wF(479)(0)E-12.png,3,3,0.62353253,ceratonia,ceratonia,Correct
60,ceratonia/Fab.C.silX400wF(479)(0)E-4.png,3,3,0.89764506,ceratonia,ceratonia,Correct
61,ceratonia/Fab.C.silX400wF(479)(0)E-8.png,3,3,0.9145997,ceratonia,ceratonia,Correct
62,ceratonia/Fab.C.silX400wF(480)(0)F-4.png,3,3,0.90457547,ceratonia,ceratonia,Correct
64,ceratonia/Fab.C.silX400wF(481)(0)G-9.png,3,3,0.9160483,ceratonia,ceratonia,Correct
65,ebenus/Fab.E.creX400wF(694)(0)B-4.png,4,4,0.8248902,ebenus,ebenus,Correct
66,ebenus/Fab.E.creX400wF(695)(0)C-3.png,4,4,0.86628056,ebenus,ebenus,Correct
67,erica/Eri.E.maniX400wF(5355)(0)A-13.png,5,5,0.8174966,erica,erica,Correct
68,erica/Eri.E.maniX400wF(5356)(0)B-4.png,5,5,0.8281961,erica,erica,Correct
69,erica/Eri.E.maniX400wF(5356)(0)B-6.png,5,5,0.8196773,erica,erica,Correct
70,erica/Eri.E.maniX400wF(5357)(0)C-1.png,5,5,0.83849746,erica,erica,Correct
71,erica/Eri.E.maniX400wF(5357)(0)C-22.png,5,5,0.82477635,erica,erica,Correct
72,erica/Eri.E.maniX400wF(5357)(0)C-24.png,5,5,0.83851045,erica,erica,Correct
73,erica/Eri.E.maniX400wF(5357)(0)C-8.png,5,5,0.84568566,erica,erica,Correct
74,erica/Eri.E.maniX400wF(5358)(0)D-1.png,5,5,0.81896853,erica,erica,Correct
75,erica/Eri.E.maniX400wF(5358)(0)D-17.png,5,5,0.82069844,erica,erica,Correct
76,erica/Eri.E.maniX400wF(5358)(0)D-5.png,5,5,0.8229242,erica,erica,Correct
77,erica/Eri.E.maniX400wF(5359)(0)E-13.png,5,5,0.81132823,erica,erica,Correct
78,erica/Eri.E.maniX400wF(5359)(0)E-4.png,5,5,0.82644975,erica,erica,Correct
79,erica/Eri.E.maniX400wF(5360)(0)F-26.png,5,5,0.8198885,erica,erica,Correct
80,erica/Eri.E.maniX400wF(5360)(0)F-6.png,5,5,0.81934756,erica,erica,Correct
81,erica/Eri.E.maniX400wF(5360)(0)F-9.png,5,5,0.84409493,erica,erica,Correct
82,erica/Eri.E.maniX400wF(5362)(0)H-12.png,5,5,0.8245137,erica,erica,Correct
83,erica/Eri.E.maniX400wF(5363)(0)I-2.png,5,5,0.8231522,erica,erica,Correct
84,erica/Eri.E.maniX400wF(5363)(0)I-4.png,5,5,0.8205831,erica,erica,Correct
85,eucalyptus/Myr.E.camaX400wF(1867)(0)B-3_2.png,6,6,0.85567045,eucalyptus,eucalyptus,Correct
86,eucalyptus/Myr.E.camaX400wF(1868)(0)C-10_2.png,6,6,0.8620073,eucalyptus,eucalyptus,Correct
87,eucalyptus/Myr.E.camaX400wF(1868)(0)C-4.png,6,6,0.8415944,eucalyptus,eucalyptus,Correct
88,eucalyptus/Myr.E.camaX400wF(1868)(0)C-9.png,6,6,0.8506825,eucalyptus,eucalyptus,Correct
89,eucalyptus/Myr.E.camaX400wF(1869)(0)D-11.png,6,6,0.86706233,eucalyptus,eucalyptus,Correct
90,eucalyptus/Myr.E.camaX400wF(1870)(0)E-1.png,6,6,0.79688007,eucalyptus,eucalyptus,Correct
91,eucalyptus/Myr.E.camaX400wF(1871)(0)F-10_2.png,6,6,0.87053114,eucalyptus,eucalyptus,Correct
92,eucalyptus/Myr.E.camaX400wF(1871)(0)F-4_2.png,6,6,0.86173546,eucalyptus,eucalyptus,Correct
93,eucalyptus/Myr.E.camaX400wF(1872)(0)G-10_2.png,6,6,0.8681818,eucalyptus,eucalyptus,Correct
94,eucalyptus/Myr.E.camaX400wF(1872)(0)G-12_2.png,6,6,0.86176133,eucalyptus,eucalyptus,Correct
95,eucalyptus/Myr.E.camaX400wF(1872)(0)G-8.png,6,6,0.86028427,eucalyptus,eucalyptus,Correct
96,eucalyptus/Myr.E.camaX400wF(2962)(0)H-10_2.png,6,6,0.86476564,eucalyptus,eucalyptus,Correct
97,eucalyptus/Myr.E.camaX400wF(2962)(0)H-17_2.png,6,6,0.8700741,eucalyptus,eucalyptus,Correct
98,eucalyptus/Myr.E.camaX400wF(2962)(0)H-1_2.png,6,6,0.86329293,eucalyptus,eucalyptus,Correct
99,eucalyptus/Myr.E.camaX400wF(2962)(0)H-26.png,6,6,0.8380046,eucalyptus,eucalyptus,Correct
100,eucalyptus/Myr.E.camaX400wF(2962)(0)H-26_2.png,6,6,0.8619358,eucalyptus,eucalyptus,Correct
101,eucalyptus/Myr.E.camaX400wF(2962)(0)H-30.png,6,6,0.84572417,eucalyptus,eucalyptus,Correct
102,eucalyptus/Myr.E.camaX400wF(2962)(0)H-9_2.png,6,6,0.86442703,eucalyptus,eucalyptus,Correct
103,eucalyptus/Myr.E.camaX400wF(2963)(0)I-10.png,6,6,0.857095,eucalyptus,eucalyptus,Correct
104,eucalyptus/Myr.E.camaX400wF(2963)(0)I-12_2.png,6,6,0.86319894,eucalyptus,eucalyptus,Correct
105,eucalyptus/Myr.E.camaX400wF(2963)(0)I-7.png,6,6,0.8510713,eucalyptus,eucalyptus,Correct
106,eucalyptus/Myr.E.camaX400wF(2964)(0)J-14.png,6,6,0.86048937,eucalyptus,eucalyptus,Correct
107,eucalyptus/Myr.E.camaX400wF(2964)(0)J-15_2.png,6,6,0.87089276,eucalyptus,eucalyptus,Correct
108,eucalyptus/Myr.E.camaX400wF(2964)(0)J-16.png,6,6,0.85835534,eucalyptus,eucalyptus,Correct
109,eucalyptus/Myr.E.camaX400wF(2964)(0)J-1_2.png,6,6,0.8646528,eucalyptus,eucalyptus,Correct
110,eucalyptus/Myr.E.camaX400wF(2964)(0)J-20.png,6,6,0.85175693,eucalyptus,eucalyptus,Correct
111,eucalyptus/Myr.E.camaX400wF(2964)(0)J-23_2.png,6,6,0.8670238,eucalyptus,eucalyptus,Correct
112,eucalyptus/Myr.E.camaX400wF(2964)(0)J-26_2.png,6,6,0.85863686,eucalyptus,eucalyptus,Correct
113,eucalyptus/Myr.E.camaX400wF(2964)(0)J-9_2.png,6,6,0.8671886,eucalyptus,eucalyptus,Correct
114,eucalyptus/Myr.E.camaX400wF(2965)(0)K-9.png,6,6,0.86177427,eucalyptus,eucalyptus,Correct
115,eucalyptus/Myr.E.camaX400wF(2966)(0)L-5_2.png,6,6,0.8681388,eucalyptus,eucalyptus,Correct
116,eucalyptus/Myr.E.camaX400wF(2966)(0)L-6_2.png,6,6,0.8695936,eucalyptus,eucalyptus,Correct
117,eucalyptus/Myr.E.camaX400wF(2966)(0)L-8_2.png,6,6,0.8664418,eucalyptus,eucalyptus,Correct
118,eucalyptus/Myr.E.camaX400wF(2966)(0)L-9_2.png,6,6,0.86463416,eucalyptus,eucalyptus,Correct
119,ferula/Api.F.comX400wF(2135)(0)A-8.png,7,7,0.7799869,ferula,ferula,Correct
120,ferula/Api.F.comX400wF(2136)(0)B-10.png,7,7,0.77007604,ferula,ferula,Correct
121,ferula/Api.F.comX400wF(2136)(0)B-14.png,7,7,0.767264,ferula,ferula,Correct
122,ferula/Api.F.comX400wF(2136)(0)B-5.png,7,7,0.7577184,ferula,ferula,Correct
123,ferula/Api.F.comX400wF(2138)(0)D-19.png,7,7,0.76498586,ferula,ferula,Correct
124,ferula/Api.F.comX400wF(2139)(0)E-12.png,7,7,0.76986605,ferula,ferula,Correct
125,ferula/Api.F.comX400wF(2139)(0)E-16.png,7,7,0.77103955,ferula,ferula,Correct
126,ferula/Api.F.comX400wF(2139)(0)E-21.png,7,7,0.772798,ferula,ferula,Correct
127,myrtus/IMG_3734-1.png,8,8,0.8407321,myrtus,myrtus,Correct
128,myrtus/IMG_3734-109.png,8,8,0.8538217,myrtus,myrtus,Correct
129,myrtus/IMG_3734-118.png,8,8,0.84775066,myrtus,myrtus,Correct
130,myrtus/IMG_3734-130.png,8,8,0.8477762,myrtus,myrtus,Correct
131,myrtus/IMG_3734-34.png,8,8,0.8532234,myrtus,myrtus,Correct
132,myrtus/IMG_3734-58.png,8,8,0.85883427,myrtus,myrtus,Correct
133,myrtus/IMG_3734-69.png,8,8,0.85151523,myrtus,myrtus,Correct
134,myrtus/IMG_3734-86.png,8,8,0.84756035,myrtus,myrtus,Correct
135,myrtus/IMG_3734-96.png,8,8,0.85462934,myrtus,myrtus,Correct
136,myrtus/IMG_3735-11.png,8,8,0.84267265,myrtus,myrtus,Correct
137,myrtus/IMG_3735-14.png,8,8,0.8507547,myrtus,myrtus,Correct
138,myrtus/IMG_3735-19.png,8,8,0.8547565,myrtus,myrtus,Correct
139,myrtus/IMG_3735-35.png,8,8,0.85027635,myrtus,myrtus,Correct
140,myrtus/IMG_3736-12.png,8,8,0.8565798,myrtus,myrtus,Correct
141,myrtus/IMG_3736-16.png,8,8,0.8453405,myrtus,myrtus,Correct
142,myrtus/IMG_3736-18.png,8,8,0.8505318,myrtus,myrtus,Correct
143,myrtus/IMG_3736-24.png,8,8,0.85400206,myrtus,myrtus,Correct
144,myrtus/IMG_3736-46.png,8,8,0.8566014,myrtus,myrtus,Correct
145,myrtus/IMG_3736-49.png,8,8,0.85585886,myrtus,myrtus,Correct
146,myrtus/IMG_3736-68.png,8,8,0.86228204,myrtus,myrtus,Correct
147,myrtus/IMG_3736-7.png,8,8,0.84831786,myrtus,myrtus,Correct
148,myrtus/IMG_3736-71.png,8,8,0.85861784,myrtus,myrtus,Correct
149,myrtus/IMG_3737-4.png,8,8,0.8501802,myrtus,myrtus,Correct
150,myrtus/IMG_3737-43.png,8,8,0.8544074,myrtus,myrtus,Correct
151,myrtus/IMG_3737-67.png,8,8,0.84718883,myrtus,myrtus,Correct
152,myrtus/IMG_3737-70.png,8,8,0.84718883,myrtus,myrtus,Correct
153,myrtus/IMG_3738-112.png,8,8,0.8554634,myrtus,myrtus,Correct
154,myrtus/IMG_3738-113.png,8,8,0.8496887,myrtus,myrtus,Correct
155,myrtus/IMG_3738-115.png,8,8,0.8507822,myrtus,myrtus,Correct
156,myrtus/IMG_3738-121.png,8,8,0.8506886,myrtus,myrtus,Correct
157,myrtus/IMG_3738-130.png,8,8,0.84654796,myrtus,myrtus,Correct
158,myrtus/IMG_3738-145.png,8,8,0.85238326,myrtus,myrtus,Correct
159,myrtus/IMG_3738-35.png,8,8,0.8519881,myrtus,myrtus,Correct
160,myrtus/IMG_3738-4.png,8,8,0.8432991,myrtus,myrtus,Correct
161,myrtus/IMG_3738-69.png,8,8,0.8512427,myrtus,myrtus,Correct
162,myrtus/IMG_3738-70.png,8,8,0.8501372,myrtus,myrtus,Correct
163,myrtus/IMG_3738-72.png,8,8,0.85017425,myrtus,myrtus,Correct
164,myrtus/IMG_3738-79.png,8,8,0.8584597,myrtus,myrtus,Correct
165,myrtus/IMG_3738-95.png,8,8,0.8554179,myrtus,myrtus,Correct
166,myrtus/IMG_3738-99.png,8,8,0.85999376,myrtus,myrtus,Correct
167,myrtus/IMG_3741-17.png,8,8,0.85140604,myrtus,myrtus,Correct
168,myrtus/IMG_3741-19.png,8,8,0.85182697,myrtus,myrtus,Correct
169,myrtus/IMG_3741-2.png,8,8,0.8480713,myrtus,myrtus,Correct
170,myrtus/IMG_3741-25.png,8,8,0.8516758,myrtus,myrtus,Correct
171,myrtus/IMG_3741-59.png,8,8,0.8573271,myrtus,myrtus,Correct
172,myrtus/IMG_3742-16.png,8,8,0.8485576,myrtus,myrtus,Correct
173,myrtus/IMG_3742-28.png,8,8,0.84420395,myrtus,myrtus,Correct
174,myrtus/IMG_3742-3.png,8,8,0.8463404,myrtus,myrtus,Correct
175,myrtus/IMG_3742-38.png,8,8,0.85703456,myrtus,myrtus,Correct
176,myrtus/IMG_3742-39.png,8,8,0.8457086,myrtus,myrtus,Correct
177,myrtus/IMG_3743-1.png,8,8,0.85377187,myrtus,myrtus,Correct
178,myrtus/IMG_3743-11.png,8,8,0.8569724,myrtus,myrtus,Correct
179,myrtus/IMG_3743-20.png,8,8,0.8564777,myrtus,myrtus,Correct
180,myrtus/IMG_3743-24.png,8,8,0.84756446,myrtus,myrtus,Correct
181,myrtus/IMG_3743-42.png,8,8,0.84867984,myrtus,myrtus,Correct
182,myrtus/IMG_3743-5.png,8,8,0.85290986,myrtus,myrtus,Correct
183,myrtus/IMG_3743-6.png,8,8,0.85393703,myrtus,myrtus,Correct
184,myrtus/IMG_3743-8.png,8,8,0.8494031,myrtus,myrtus,Correct
185,myrtus/IMG_3744-1.png,8,8,0.8450629,myrtus,myrtus,Correct
186,myrtus/IMG_3744-48.png,8,8,0.8451272,myrtus,myrtus,Correct
187,myrtus/Myr.M.comX400wF(1095)(1091)A-14.png,8,8,0.84785426,myrtus,myrtus,Correct
188,myrtus/Myr.M.comX400wF(1095)(1091)A-39.png,8,8,0.8541718,myrtus,myrtus,Correct
189,myrtus/Myr.M.comX400wF(1095)(1091)A-58.png,8,8,0.8649842,myrtus,myrtus,Correct
190,myrtus/Myr.M.comX400wF(1095)(1091)A-6.png,8,8,0.8572904,myrtus,myrtus,Correct
191,myrtus/Myr.M.comX400wF(1095)(1091)A-66.png,8,8,0.85010946,myrtus,myrtus,Correct
192,myrtus/Myr.M.comX400wF(1095)(1091)A-67.png,8,8,0.8589835,myrtus,myrtus,Correct
193,myrtus/Myr.M.comX400wF(1095)(1091)A-69.png,8,8,0.84832174,myrtus,myrtus,Correct
194,myrtus/Myr.M.comX400wF(1095)(1091)A-78.png,8,8,0.8574426,myrtus,myrtus,Correct
195,myrtus/Myr.M.comX400wF(1095)(1091)A-89.png,8,8,0.8578064,myrtus,myrtus,Correct
196,myrtus/Myr.M.comX400wF(1095)(1091)A-92.png,8,8,0.84436864,myrtus,myrtus,Correct
197,myrtus/Myr.M.comX400wF(1097)(1090)C-10.png,8,8,0.84991133,myrtus,myrtus,Correct
198,myrtus/Myr.M.comX400wF(1097)(1090)C-23.png,8,8,0.8413655,myrtus,myrtus,Correct
199,myrtus/Myr.M.comX400wF(1097)(1090)C-3.png,8,8,0.85763747,myrtus,myrtus,Correct
200,myrtus/Myr.M.comX400wF(1097)(1090)C-40.png,8,8,0.8557421,myrtus,myrtus,Correct
201,myrtus/Myr.M.comX400wF(1097)(1090)C-53.png,8,8,0.8449902,myrtus,myrtus,Correct
202,myrtus/Myr.M.comX400wF(1097)(1090)C-66.png,8,8,0.85201985,myrtus,myrtus,Correct
203,myrtus/Myr.M.comX400wF(1097)(1090)C-70.png,8,8,0.85855913,myrtus,myrtus,Correct
204,myrtus/Myr.M.comX400wF(1097)(1090)C-77.png,8,8,0.8648268,myrtus,myrtus,Correct
205,myrtus/Myr.M.comX400wF(1097)(1090)C-78.png,8,8,0.84937185,myrtus,myrtus,Correct
206,olea/Ole.O.euroX400wF(4261)(0)A-12.png,9,9,0.810973,olea,olea,Correct
207,olea/Ole.O.euroX400wF(4261)(0)A-16.png,9,9,0.79205436,olea,olea,Correct
208,olea/Ole.O.euroX400wF(4261)(0)A-18.png,9,9,0.79699755,olea,olea,Correct
209,olea/Ole.O.euroX400wF(4261)(0)A-37.png,9,9,0.79514784,olea,olea,Correct
210,olea/Ole.O.euroX400wF(4261)(0)A-43.png,9,9,0.8219514,olea,olea,Correct
211,olea/Ole.O.euroX400wF(4261)(0)A-49.png,9,9,0.79593605,olea,olea,Correct
212,olea/Ole.O.euroX400wF(4261)(0)A-8.png,9,9,0.79025036,olea,olea,Correct
213,olea/Ole.O.euroX400wF(4261)(0)A-9.png,9,9,0.81392634,olea,olea,Correct
214,olea/Ole.O.euroX400wF(4262)(0)B-11.png,9,9,0.7911627,olea,olea,Correct
215,olea/Ole.O.euroX400wF(4262)(0)B-34.png,9,9,0.8050062,olea,olea,Correct
216,olea/Ole.O.euroX400wF(4263)(0)C-10.png,9,9,0.8183239,olea,olea,Correct
217,olea/Ole.O.euroX400wF(4263)(0)C-116.png,9,9,0.803889,olea,olea,Correct
218,olea/Ole.O.euroX400wF(4263)(0)C-134.png,9,9,0.8105225,olea,olea,Correct
219,olea/Ole.O.euroX400wF(4263)(0)C-138.png,9,9,0.6127057,olea,olea,Correct
220,olea/Ole.O.euroX400wF(4263)(0)C-166.png,9,9,0.7926507,olea,olea,Correct
221,olea/Ole.O.euroX400wF(4263)(0)C-173.png,9,9,0.80567074,olea,olea,Correct
222,olea/Ole.O.euroX400wF(4263)(0)C-187.png,9,9,0.810238,olea,olea,Correct
223,olea/Ole.O.euroX400wF(4263)(0)C-199.png,9,9,0.8170586,olea,olea,Correct
224,olea/Ole.O.euroX400wF(4263)(0)C-23.png,9,9,0.8074902,olea,olea,Correct
225,olea/Ole.O.euroX400wF(4263)(0)C-28.png,9,9,0.80573905,olea,olea,Correct
226,olea/Ole.O.euroX400wF(4263)(0)C-31.png,9,9,0.8108536,olea,olea,Correct
227,olea/Ole.O.euroX400wF(4263)(0)C-56.png,9,9,0.81240577,olea,olea,Correct
228,olea/Ole.O.euroX400wF(4263)(0)C-6.png,9,9,0.81186265,olea,olea,Correct
229,olea/Ole.O.euroX400wF(4263)(0)C-63.png,9,9,0.8021009,olea,olea,Correct
230,olea/Ole.O.euroX400wF(4263)(0)C-69.png,9,9,0.8140099,olea,olea,Correct
231,olea/Ole.O.euroX400wF(4263)(0)C-72.png,9,9,0.8137135,olea,olea,Correct
232,olea/Ole.O.euroX400wF(4263)(0)C-81.png,9,9,0.79967666,olea,olea,Correct
233,olea/Ole.O.euroX400wF(4263)(0)C-84.png,9,9,0.8037836,olea,olea,Correct
234,olea/Ole.O.euroX400wF(4263)(0)C-91.png,9,9,0.8172147,olea,olea,Correct
235,olea/Ole.O.euroX400wF(4264)(0)D-111.png,9,9,0.8202028,olea,olea,Correct
236,olea/Ole.O.euroX400wF(4264)(0)D-113.png,9,9,0.8209701,olea,olea,Correct
237,olea/Ole.O.euroX400wF(4264)(0)D-115.png,9,9,0.8136441,olea,olea,Correct
238,olea/Ole.O.euroX400wF(4264)(0)D-146.png,9,9,0.8155991,olea,olea,Correct
239,olea/Ole.O.euroX400wF(4264)(0)D-159.png,9,9,0.80504805,olea,olea,Correct
240,olea/Ole.O.euroX400wF(4264)(0)D-34.png,9,9,0.8092908,olea,olea,Correct
241,olea/Ole.O.euroX400wF(4264)(0)D-6.png,9,9,0.80876505,olea,olea,Correct
242,olea/Ole.O.euroX400wF(4264)(0)D-62.png,9,9,0.8196628,olea,olea,Correct
243,olea/Ole.O.euroX400wF(4264)(0)D-64.png,9,9,0.8001123,olea,olea,Correct
244,olea/Ole.O.euroX400wF(4264)(0)D-65.png,9,9,0.7989928,olea,olea,Correct
245,olea/Ole.O.euroX400wF(4264)(0)D-70.png,9,9,0.811555,olea,olea,Correct
246,olea/Ole.O.euroX400wF(4264)(0)D-90.png,9,9,0.8047082,olea,olea,Correct
247,olea/Ole.O.euroX400wF(4264)(0)D-96.png,9,9,0.81033427,olea,olea,Correct
248,olea/Ole.O.euroX400wF(4265)(0)E-100.png,9,9,0.8084645,olea,olea,Correct
249,olea/Ole.O.euroX400wF(4265)(0)E-103.png,9,9,0.8137039,olea,olea,Correct
250,olea/Ole.O.euroX400wF(4265)(0)E-106.png,9,9,0.79385346,olea,olea,Correct
251,olea/Ole.O.euroX400wF(4265)(0)E-129.png,9,9,0.7992291,olea,olea,Correct
252,olea/Ole.O.euroX400wF(4265)(0)E-130.png,9,9,0.80381364,olea,olea,Correct
253,olea/Ole.O.euroX400wF(4265)(0)E-134.png,9,9,0.80391395,olea,olea,Correct
255,olea/Ole.O.euroX400wF(4265)(0)E-148.png,9,9,0.80775815,olea,olea,Correct
256,olea/Ole.O.euroX400wF(4265)(0)E-161.png,9,9,0.80125606,olea,olea,Correct
257,olea/Ole.O.euroX400wF(4265)(0)E-166.png,9,9,0.80015904,olea,olea,Correct
258,olea/Ole.O.euroX400wF(4265)(0)E-174.png,9,9,0.8028011,olea,olea,Correct
259,olea/Ole.O.euroX400wF(4265)(0)E-186.png,9,9,0.81277305,olea,olea,Correct
260,olea/Ole.O.euroX400wF(4265)(0)E-19.png,9,9,0.79815894,olea,olea,Correct
261,olea/Ole.O.euroX400wF(4265)(0)E-195.png,9,9,0.8123007,olea,olea,Correct
262,olea/Ole.O.euroX400wF(4265)(0)E-197.png,9,9,0.81986964,olea,olea,Correct
263,olea/Ole.O.euroX400wF(4265)(0)E-199.png,9,9,0.8169662,olea,olea,Correct
264,olea/Ole.O.euroX400wF(4265)(0)E-210.png,9,9,0.80979204,olea,olea,Correct
265,olea/Ole.O.euroX400wF(4265)(0)E-26.png,9,9,0.80080354,olea,olea,Correct
266,olea/Ole.O.euroX400wF(4265)(0)E-48.png,9,9,0.7859187,olea,olea,Correct
267,olea/Ole.O.euroX400wF(4265)(0)E-50.png,9,9,0.8056072,olea,olea,Correct
268,olea/Ole.O.euroX400wF(4265)(0)E-53.png,9,9,0.811152,olea,olea,Correct
269,olea/Ole.O.euroX400wF(4265)(0)E-55.png,9,9,0.7958849,olea,olea,Correct
270,olea/Ole.O.euroX400wF(4265)(0)E-62.png,9,9,0.7968375,olea,olea,Correct
271,olea/Ole.O.euroX400wF(4265)(0)E-64.png,9,9,0.80409145,olea,olea,Correct
272,olea/Ole.O.euroX400wF(4265)(0)E-79.png,9,9,0.80839515,olea,olea,Correct
273,olea/Ole.O.euroX400wF(4265)(0)E-90.png,9,9,0.80540067,olea,olea,Correct
274,olea/Ole.O.euroX400wF(4266)(0)F-110.png,9,9,0.80781674,olea,olea,Correct
275,olea/Ole.O.euroX400wF(4266)(0)F-17.png,9,9,0.79902554,olea,olea,Correct
276,olea/Ole.O.euroX400wF(4266)(0)F-27.png,9,9,0.7944038,olea,olea,Correct
277,olea/Ole.O.euroX400wF(4266)(0)F-34.png,9,9,0.7993417,olea,olea,Correct
278,olea/Ole.O.euroX400wF(4266)(0)F-39.png,9,9,0.80429375,olea,olea,Correct
279,olea/Ole.O.euroX400wF(4267)(0)G-37.png,9,9,0.80570817,olea,olea,Correct
280,olea/Ole.O.euroX400wF(4267)(0)G-38.png,9,9,0.8034612,olea,olea,Correct
281,olea/Ole.O.euroX400wF(4267)(0)G-41.png,9,9,0.80458415,olea,olea,Correct
282,olea/Ole.O.euroX400wF(4267)(0)G-42.png,9,9,0.8191498,olea,olea,Correct
283,olea/Ole.O.euroX400wF(4267)(0)G-50.png,9,9,0.8224502,olea,olea,Correct
284,olea/Ole.O.euroX400wF(4267)(0)G-53.png,9,9,0.8044836,olea,olea,Correct
285,origanum/Lam.O.micX400wF(884)(0)A-8.png,10,10,0.79311293,origanum,origanum,Correct
286,origanum/Lam.O.micX400wF(885)(0)B-11.png,10,10,0.74908864,origanum,origanum,Correct
287,origanum/Lam.O.micX400wF(886)(0)C-18.png,10,10,0.806399,origanum,origanum,Correct
288,origanum/Lam.O.micX400wF(886)(0)C-22.png,10,10,0.7963266,origanum,origanum,Correct
289,origanum/Lam.O.micX400wF(886)(0)C-36.png,10,10,0.7655098,origanum,origanum,Correct
290,origanum/Lam.O.micX400wF(886)(0)C-37.png,10,10,0.8009099,origanum,origanum,Correct
292,origanum/Lam.O.micX400wF(886)(0)C-49.png,10,10,0.7925818,origanum,origanum,Correct
293,origanum/Lam.O.micX400wF(886)(0)C-7.png,10,10,0.79884285,origanum,origanum,Correct
294,origanum/Lam.O.micX400wF(887)(0)D-10.png,10,10,0.8026849,origanum,origanum,Correct
295,origanum/Lam.O.micX400wF(887)(0)D-2.png,10,10,0.7662354,origanum,origanum,Correct
296,origanum/Lam.O.micX400wF(888)(0)E-3.png,10,10,0.7702524,origanum,origanum,Correct
297,origanum/Lam.O.micX400wF(888)(0)E-5.png,10,10,0.68974376,origanum,origanum,Correct
298,origanum/Lam.O.micX400wF(889)(0)F-38.png,10,10,0.81117547,origanum,origanum,Correct
299,origanum/Lam.O.micX400wF(889)(0)F-4.png,10,10,0.793165,origanum,origanum,Correct
300,origanum/Lam.O.micX400wF(889)(0)F-56.png,10,10,0.7897597,origanum,origanum,Correct
301,origanum/Lam.O.micX400wF(889)(0)F-60.png,10,10,0.7983565,origanum,origanum,Correct
302,oxalis/Oxa.O.pes.cX400wF(1733)(0)A-17.png,11,11,0.8407513,oxalis,oxalis,Correct
303,oxalis/Oxa.O.pes.cX400wF(1733)(0)A-18.png,11,11,0.80966866,oxalis,oxalis,Correct
304,oxalis/Oxa.O.pes.cX400wF(1734)(0)B-10.png,11,11,0.88400036,oxalis,oxalis,Correct
305,oxalis/Oxa.O.pes.cX400wF(1734)(0)B-2.png,11,11,0.84411466,oxalis,oxalis,Correct
306,oxalis/Oxa.O.pes.cX400wF(1734)(0)B-3.png,11,11,0.77521515,oxalis,oxalis,Correct
307,oxalis/Oxa.O.pes.cX400wF(1735)(0)C-8.png,11,11,0.8620457,oxalis,oxalis,Correct
308,oxalis/Oxa.O.pes.cX400wF(1738)(0)F-12.png,11,11,0.8744373,oxalis,oxalis,Correct
309,oxalis/Oxa.O.pes.cX400wF(1740)(0)H-12.png,11,11,0.86356986,oxalis,oxalis,Correct
310,oxalis/Oxa.O.pes.cX400wF(1740)(0)H-6.png,11,11,0.8082382,oxalis,oxalis,Correct
311,oxalis/Oxa.O.pes.cX400wF(1741)(0)I-12.png,11,11,0.88032067,oxalis,oxalis,Correct
312,oxalis/Oxa.O.pes.cX400wF(1742)(1741)J-6.png,11,11,0.89579165,oxalis,oxalis,Correct
313,oxalis/Oxa.O.pes.cX400wF(1743)(0)K-17.png,11,11,0.88689935,oxalis,oxalis,Correct
314,oxalis/Oxa.O.pes.cX400wF(1743)(0)K-24.png,11,11,0.8849208,oxalis,oxalis,Correct
315,oxalis/Oxa.O.pes.cX400wF(1743)(0)K-3.png,11,11,0.8302898,oxalis,oxalis,Correct
316,pinus/Pin.P.brutX400wF(3171)(0)A-2.png,12,12,0.8962324,pinus,pinus,Correct
317,pinus/Pin.P.brutX400wF(3171)(0)A-5.png,12,12,0.905995,pinus,pinus,Correct
318,pinus/Pin.P.brutX400wF(3177)(0)G-2.png,12,12,0.9194049,pinus,pinus,Correct
319,pistacia/Ana.P.tereX400wF(3222)(0)A-8.png,13,13,0.8582379,pistacia,pistacia,Correct
320,pistacia/Ana.P.tereX400wF(3224)(0)C-8.png,13,13,0.8238986,pistacia,pistacia,Correct
321,pistacia/Ana.P.tereX400wF(3227)(0)F-5.png,13,13,0.85324967,pistacia,pistacia,Correct
322,salvia/Lam.S.triX400wF(2189)(0)B-19.png,14,14,0.82349074,salvia,salvia,Correct
323,salvia/Lam.S.triX400wF(2189)(0)B-28.png,14,14,0.8007079,salvia,salvia,Correct
324,salvia/Lam.S.triX400wF(2189)(0)B-34.png,14,14,0.83565205,salvia,salvia,Correct
325,salvia/Lam.S.triX400wF(2189)(0)B-5.png,14,14,0.82677174,salvia,salvia,Correct
326,salvia/Lam.S.triX400wF(2190)(0)C-19.png,14,14,0.82601225,salvia,salvia,Correct
327,salvia/Lam.S.triX400wF(2190)(0)C-30.png,14,14,0.8359167,salvia,salvia,Correct
328,salvia/Lam.S.triX400wF(2191)(0)D-13.png,14,14,0.83013,salvia,salvia,Correct
329,salvia/Lam.S.triX400wF(2191)(0)D-17.png,14,14,0.82417303,salvia,salvia,Correct
330,salvia/Lam.S.triX400wF(2191)(0)D-18.png,14,14,0.8286736,salvia,salvia,Correct
331,salvia/Lam.S.triX400wF(2191)(0)D-23.png,14,14,0.83223265,salvia,salvia,Correct
332,salvia/Lam.S.triX400wF(2191)(0)D-29.png,14,14,0.8275456,salvia,salvia,Correct
333,salvia/Lam.S.triX400wF(2191)(0)D-30.png,14,14,0.82486326,salvia,salvia,Correct
334,salvia/Lam.S.triX400wF(2191)(0)D-31.png,14,14,0.8293793,salvia,salvia,Correct
335,salvia/Lam.S.triX400wF(2191)(0)D-33.png,14,14,0.835651,salvia,salvia,Correct
336,salvia/Lam.S.triX400wF(2191)(0)D-35.png,14,14,0.8299013,salvia,salvia,Correct
337,salvia/Lam.S.triX400wF(2191)(0)D-39.png,14,14,0.83111006,salvia,salvia,Correct
338,salvia/Lam.S.triX400wF(2192)(0)E-8.png,14,14,0.8360658,salvia,salvia,Correct
339,salvia/Lam.S.triX400wF(2193)(0)F-13.png,14,14,0.83698905,salvia,salvia,Correct
340,satureja/Lam.S.thyX400wF(941)(937)A-11.png,15,15,0.72026867,satureja,satureja,Correct
341,satureja/Lam.S.thyX400wF(942)(935)B-6.png,15,15,0.6577254,satureja,satureja,Correct
342,satureja/Lam.S.thyX400wF(942)(935)B-9.png,15,15,0.58266824,satureja,satureja,Correct
343,satureja/Lam.S.thyX400wF(943)(990)C-2.png,15,15,0.7477645,satureja,satureja,Correct
344,satureja/Lam.S.thyX400wF(943)(990)C-9.png,15,15,0.8490966,satureja,satureja,Correct
345,satureja/Lam.S.thyX400wF(944)(940)E-10.png,15,15,0.8458737,satureja,satureja,Correct
347,sinapis/Bra.S.albX400wF(2150)(0)A-7.png,16,16,0.86348486,sinapis,sinapis,Correct
348,sinapis/Bra.S.albX400wF(2151)(0)B-16.png,16,16,0.8553256,sinapis,sinapis,Correct
349,sinapis/Bra.S.albX400wF(2151)(0)B-24.png,16,16,0.8400436,sinapis,sinapis,Correct
350,sinapis/Bra.S.albX400wF(2152)(0)C-10.png,16,16,0.86732024,sinapis,sinapis,Correct
351,sinapis/Bra.S.albX400wF(2152)(0)C-12.png,16,16,0.82257664,sinapis,sinapis,Correct
352,sinapis/Bra.S.albX400wF(2152)(0)C-22.png,16,16,0.85765684,sinapis,sinapis,Correct
353,sinapis/Bra.S.albX400wF(2152)(0)C-25.png,16,16,0.8574749,sinapis,sinapis,Correct
354,sinapis/Bra.S.albX400wF(2152)(0)C-3.png,16,16,0.86587596,sinapis,sinapis,Correct
355,sinapis/Bra.S.albX400wF(2153)(0)D-14.png,16,16,0.8448153,sinapis,sinapis,Correct
356,sinapis/Bra.S.albX400wF(2154)(0)E-10.png,16,16,0.864678,sinapis,sinapis,Correct
357,sinapis/Bra.S.albX400wF(2154)(0)E-14.png,16,16,0.86496437,sinapis,sinapis,Correct
358,sinapis/Bra.S.albX400wF(2154)(0)E-6.png,16,16,0.8536766,sinapis,sinapis,Correct
359,sinapis/Bra.S.albX400wF(2155)(0)F-1.png,16,16,0.8702031,sinapis,sinapis,Correct
360,sinapis/Bra.S.albX400wF(2155)(0)F-15.png,16,16,0.8527064,sinapis,sinapis,Correct
361,sinapis/Bra.S.albX400wF(2155)(0)F-16.png,16,16,0.8498451,sinapis,sinapis,Correct
362,sinapis/Bra.S.albX400wF(2155)(0)F-6.png,16,16,0.84450567,sinapis,sinapis,Correct
363,sinapis/IMG_3701-3.png,16,16,0.8598673,sinapis,sinapis,Correct
364,sinapis/IMG_3701-7.png,16,16,0.8459137,sinapis,sinapis,Correct
365,sinapis/IMG_3704-11.png,16,16,0.86660004,sinapis,sinapis,Correct
366,sinapis/IMG_3706-14.png,16,16,0.85940653,sinapis,sinapis,Correct
367,thymbra/Lam.T.capX400wF(1029)(0)A-19.png,17,17,0.7873619,thymbra,thymbra,Correct
368,thymbra/Lam.T.capX400wF(1029)(0)A-23.png,17,17,0.7931198,thymbra,thymbra,Correct
369,thymbra/Lam.T.capX400wF(1031)(0)C-6.png,17,17,0.7858288,thymbra,thymbra,Correct
370,thymbra/Lam.T.capX400wF(1031)(0)C-8.png,17,17,0.7845161,thymbra,thymbra,Correct
371,thymbra/Lam.T.capX400wF(1032)(0)D-6.png,17,17,0.774408,thymbra,thymbra,Correct
372,thymbra/Lam.T.capX400wF(1032)(0)D-8.png,17,17,0.7687266,thymbra,thymbra,Correct
373,thymbra/x40 f (2)-3.png,17,17,0.78593,thymbra,thymbra,Correct
374,thymbra/x40 f (4)-14.png,17,17,0.78083295,thymbra,thymbra,Correct
375,thymbra/x40 f (4)-16.png,17,17,0.7778276,thymbra,thymbra,Correct
376,thymbra/x40 f (4)-8.png,17,17,0.7634891,thymbra,thymbra,Correct
377,thymbra/x40 f (5)-11.png,17,17,0.76179045,thymbra,thymbra,Correct
378,thymbra/x40 f (5)-16.png,17,17,0.7800288,thymbra,thymbra,Correct
379,thymbra/x40 f (6)-16.png,17,17,0.78882223,thymbra,thymbra,Correct
380,thymbra/x40 f (7)-7.png,17,17,0.78974557,thymbra,thymbra,Correct
381,urginea/Asp.U.marX400wF(5317)(0)A-1.png,18,18,0.84578115,urginea,urginea,Correct
382,urginea/Asp.U.marX400wF(5318)(0)B-7.png,18,18,0.85828286,urginea,urginea,Correct
383,urginea/Asp.U.marX400wF(5319)(0)C-12.png,18,18,0.8549287,urginea,urginea,Correct
384,urginea/Asp.U.marX400wF(5319)(0)C-15.png,18,18,0.8580395,urginea,urginea,Correct
385,urginea/Asp.U.marX400wF(5319)(0)C-2.png,18,18,0.8431928,urginea,urginea,Correct
386,urginea/Asp.U.marX400wF(5321)(0)E-2.png,18,18,0.85456634,urginea,urginea,Correct
387,urginea/Asp.U.marX400wF(5322)(0)F-8.png,18,18,0.8466064,urginea,urginea,Correct
388,urginea/Asp.U.marX400wF(5323)(0)G-11.png,18,18,0.8311075,urginea,urginea,Correct
389,urginea/Asp.U.marX400wF(5324)(0)H-10.png,18,18,0.85885537,urginea,urginea,Correct
390,urginea/Asp.U.marX400wF(5324)(0)H-2.png,18,18,0.84548056,urginea,urginea,Correct
391,urginea/Asp.U.marX400wF(5324)(0)H-7.png,18,18,0.853955,urginea,urginea,Correct
392,vitis/Vit.V.viniX400wF(4978)(0)A-10.png,19,19,0.8116718,vitis,vitis,Correct
393,vitis/Vit.V.viniX400wF(4978)(0)A-11.png,19,19,0.8204973,vitis,vitis,Correct
394,vitis/Vit.V.viniX400wF(4978)(0)A-17.png,19,19,0.84204763,vitis,vitis,Correct
395,vitis/Vit.V.viniX400wF(4978)(0)A-22.png,19,19,0.8107322,vitis,vitis,Correct
396,vitis/Vit.V.viniX400wF(4978)(0)A-6.png,19,19,0.8274044,vitis,vitis,Correct
397,vitis/Vit.V.viniX400wF(4979)(0)B-11.png,19,19,0.8171345,vitis,vitis,Correct
398,vitis/Vit.V.viniX400wF(4980)(0)C-23.png,19,19,0.8364348,vitis,vitis,Correct
399,vitis/Vit.V.viniX400wF(4981)(0)D-12.png,19,19,0.85035485,vitis,vitis,Correct
400,vitis/Vit.V.viniX400wF(4981)(0)D-25.png,19,19,0.8276707,vitis,vitis,Correct
401,vitis/Vit.V.viniX400wF(4981)(0)D-33.png,19,19,0.8189388,vitis,vitis,Correct
402,vitis/Vit.V.viniX400wF(4981)(0)D-9.png,19,19,0.8316945,vitis,vitis,Correct
403,vitis/Vit.V.viniX400wF(4982)(0)E-1.png,19,19,0.8309564,vitis,vitis,Correct
404,vitis/Vit.V.viniX400wF(4982)(0)E-12.png,19,19,0.84080964,vitis,vitis,Correct
405,vitis/Vit.V.viniX400wF(4982)(0)E-2.png,19,19,0.8260441,vitis,vitis,Correct
406,vitis/Vit.V.viniX400wF(4982)(0)E-40.png,19,19,0.83003116,vitis,vitis,Correct
407,vitis/Vit.V.viniX400wF(4982)(0)E-45.png,19,19,0.8284893,vitis,vitis,Correct
408,vitis/Vit.V.viniX400wF(4982)(0)E-6.png,19,19,0.82683873,vitis,vitis,Correct
409,vitis/Vit.V.viniX400wF(4982)(0)E-8.png,19,19,0.66480136,vitis,vitis,Correct
410,vitis/Vit.V.viniX400wF(4983)(0)F-4.png,19,19,0.8486631,vitis,vitis,Correct
411,vitis/Vit.V.viniX400wF(4984)(0)G-12.png,19,19,0.8532274,vitis,vitis,Correct
412,vitis/Vit.V.viniX400wF(4984)(0)G-17.png,19,19,0.7994946,vitis,vitis,Correct
413,vitis/Vit.V.viniX400wF(4984)(0)G-36.png,19,19,0.84089476,vitis,vitis,Correct
414,vitis/Vit.V.viniX400wF(4984)(0)G-8.png,19,19,0.8293977,vitis,vitis,Correct
415,vitis/Vit.V.viniX400wF(4985)(0)H-20.png,19,19,0.8132048,vitis,vitis,Correct
416,vitis/Vit.V.viniX400wF(4985)(0)H-24.png,19,19,0.826611,vitis,vitis,Correct
417,vitis/Vit.V.viniX400wF(4985)(0)H-3.png,19,19,0.82432824,vitis,vitis,Correct
418,vitis/Vit.V.viniX400wF(4985)(0)H-5.png,19,19,0.8414405,vitis,vitis,Correct
0,asphodelus/Asp.A.ramX400wF(1984)(0)A-7.png,0,0,0.840456,asphodelus,asphodelus,Correct
1,asphodelus/Asp.A.ramX400wF(1987)(0)D-3.png,0,0,0.838755,asphodelus,asphodelus,Correct
2,asphodelus/Asp.A.ramX400wF(1989)(0)F-3.png,0,0,0.8571904,asphodelus,asphodelus,Correct
3,calicotome/Fab.C.vilX400wF(2016)(0)A-11.png,1,1,0.8683726,calicotome,calicotome,Correct
4,calicotome/Fab.C.vilX400wF(2016)(0)A-20.png,1,1,0.8622335,calicotome,calicotome,Correct
5,calicotome/Fab.C.vilX400wF(2016)(0)A-23.png,1,1,0.8756758,calicotome,calicotome,Correct
6,calicotome/Fab.C.vilX400wF(2016)(0)A-5.png,1,1,0.8596309,calicotome,calicotome,Correct
7,calicotome/Fab.C.vilX400wF(2018)(0)C-14.png,1,1,0.85481435,calicotome,calicotome,Correct
8,calicotome/Fab.C.vilX400wF(2018)(0)C-24.png,1,1,0.44024262,calicotome,calicotome,Correct
9,calicotome/Fab.C.vilX400wF(2019)(0)D-112.png,1,1,0.8720701,calicotome,calicotome,Correct
10,calicotome/Fab.C.vilX400wF(2019)(0)D-115.png,1,1,0.86825687,calicotome,calicotome,Correct
11,calicotome/Fab.C.vilX400wF(2019)(0)D-120.png,1,1,0.8667922,calicotome,calicotome,Correct
12,calicotome/Fab.C.vilX400wF(2019)(0)D-18.png,1,1,0.8745175,calicotome,calicotome,Correct
13,calicotome/Fab.C.vilX400wF(2019)(0)D-42.png,1,1,0.8648714,calicotome,calicotome,Correct
14,calicotome/Fab.C.vilX400wF(2019)(0)D-44.png,1,1,0.8751114,calicotome,calicotome,Correct
15,calicotome/Fab.C.vilX400wF(2019)(0)D-56.png,1,1,0.87516946,calicotome,calicotome,Correct
16,calicotome/Fab.C.vilX400wF(2019)(0)D-59.png,1,1,0.85253096,calicotome,calicotome,Correct
17,calicotome/Fab.C.vilX400wF(2019)(0)D-63.png,1,1,0.87262577,calicotome,calicotome,Correct
18,calicotome/Fab.C.vilX400wF(2019)(0)D-82.png,1,1,0.86981976,calicotome,calicotome,Correct
19,calicotome/Fab.C.vilX400wF(2019)(0)D-87.png,1,1,0.8728632,calicotome,calicotome,Correct
20,calicotome/Fab.C.vilX400wF(2019)(0)D-9.png,1,1,0.8633659,calicotome,calicotome,Correct
21,calicotome/Fab.C.vilX400wF(2020)(0)E-103.png,1,1,0.87197685,calicotome,calicotome,Correct
22,calicotome/Fab.C.vilX400wF(2020)(0)E-112.png,1,1,0.87424654,calicotome,calicotome,Correct
23,calicotome/Fab.C.vilX400wF(2020)(0)E-29.png,1,1,0.8737515,calicotome,calicotome,Correct
24,calicotome/Fab.C.vilX400wF(2020)(0)E-31.png,1,1,0.8716097,calicotome,calicotome,Correct
25,calicotome/Fab.C.vilX400wF(2020)(0)E-37.png,1,1,0.87091047,calicotome,calicotome,Correct
26,calicotome/Fab.C.vilX400wF(2020)(0)E-43.png,1,1,0.8725505,calicotome,calicotome,Correct
27,calicotome/Fab.C.vilX400wF(2020)(0)E-51.png,1,1,0.87524515,calicotome,calicotome,Correct
28,calicotome/Fab.C.vilX400wF(2020)(0)E-56.png,1,1,0.8726392,calicotome,calicotome,Correct
29,calicotome/Fab.C.vilX400wF(2020)(0)E-73.png,1,1,0.8752502,calicotome,calicotome,Correct
30,calicotome/Fab.C.vilX400wF(2020)(0)E-74.png,1,1,0.87663144,calicotome,calicotome,Correct
31,calicotome/Fab.C.vilX400wF(2020)(0)E-83.png,1,1,0.8653237,calicotome,calicotome,Correct
32,calicotome/Fab.C.vilX400wF(2020)(0)E-9.png,1,1,0.87283415,calicotome,calicotome,Correct
33,castanea/Fag.C.satX400wF(781)(0)A-13.png,2,2,0.8698967,castanea,castanea,Correct
34,castanea/Fag.C.satX400wF(781)(0)A-20.png,2,2,0.8682187,castanea,castanea,Correct
35,castanea/Fag.C.satX400wF(781)(0)A-42.png,2,2,0.8693921,castanea,castanea,Correct
36,castanea/Fag.C.satX400wF(781)(0)A-7.png,2,2,0.87369746,castanea,castanea,Correct
37,castanea/Fag.C.satX400wF(782)(0)B-2.png,2,2,0.87139,castanea,castanea,Correct
38,castanea/Fag.C.satX400wF(783)(0)C-1.png,2,2,0.8696861,castanea,castanea,Correct
39,castanea/Fag.C.satX400wF(783)(0)C-6.png,2,2,0.873463,castanea,castanea,Correct
40,castanea/Fag.C.satX400wF(783)(0)C-8.png,2,2,0.87317044,castanea,castanea,Correct
41,castanea/Fag.C.satX400wF(786)(0)F-2.png,2,2,0.8672003,castanea,castanea,Correct
42,castanea/Fag.C.satX400wF(792)(781)G-10.png,2,2,0.8629282,castanea,castanea,Correct
43,castanea/Fag.C.satX400wF(792)(781)G-14.png,2,2,0.86333436,castanea,castanea,Correct
44,castanea/Fag.C.satX400wF(792)(781)G-23.png,2,2,0.87039125,castanea,castanea,Correct
45,castanea/Fag.C.satX400wF(792)(781)G-28.png,2,2,0.866235,castanea,castanea,Correct
46,castanea/Fag.C.satX400wF(792)(781)G-31.png,2,2,0.8688845,castanea,castanea,Correct
47,castanea/Fag.C.satX400wF(792)(781)G-37.png,2,2,0.87001204,castanea,castanea,Correct
48,castanea/Fag.C.satX400wF(792)(781)G-44.png,2,2,0.8671206,castanea,castanea,Correct
49,castanea/Fag.C.satX400wF(792)(781)G-49.png,2,2,0.86776435,castanea,castanea,Correct
50,castanea/Fag.C.satX400wF(793)(781)H-15.png,2,2,0.8632223,castanea,castanea,Correct
51,castanea/Fag.C.satX400wF(793)(781)H-17.png,2,2,0.86323243,castanea,castanea,Correct
52,castanea/Fag.C.satX400wF(793)(781)H-18.png,2,2,0.8702861,castanea,castanea,Correct
53,castanea/Fag.C.satX400wF(793)(781)H-31.png,2,2,0.8636129,castanea,castanea,Correct
54,castanea/Fag.C.satX400wF(793)(781)H-34.png,2,2,0.86547637,castanea,castanea,Correct
56,ceratonia/Fab.C.silX400wF(475)(0)A-17.png,3,3,0.8672208,ceratonia,ceratonia,Correct
57,ceratonia/Fab.C.silX400wF(475)(0)A-2.png,3,3,0.8555713,ceratonia,ceratonia,Correct
58,ceratonia/Fab.C.silX400wF(476)(0)B-11.png,3,3,0.8658454,ceratonia,ceratonia,Correct
59,ceratonia/Fab.C.silX400wF(476)(0)B-3.png,3,3,0.8619819,ceratonia,ceratonia,Correct
60,ceratonia/Fab.C.silX400wF(477)(0)C-7.png,3,3,0.87084484,ceratonia,ceratonia,Correct
61,ceratonia/Fab.C.silX400wF(478)(0)D-8.png,3,3,0.8640511,ceratonia,ceratonia,Correct
62,ceratonia/Fab.C.silX400wF(481)(0)G-10.png,3,3,0.8640717,ceratonia,ceratonia,Correct
63,ceratonia/Fab.C.silX400wF(481)(0)G-14.png,3,3,0.85875225,ceratonia,ceratonia,Correct
64,ceratonia/Fab.C.silX400wF(481)(0)G-2.png,3,3,0.4323802,ceratonia,ceratonia,Correct
65,ebenus/Fab.E.creX400wF(694)(0)B-3.png,4,4,0.88808507,ebenus,ebenus,Correct
66,ebenus/Fab.E.creX400wF(695)(0)C-1.png,4,4,0.88463473,ebenus,ebenus,Correct
67,erica/Eri.E.maniX400wF(5356)(0)B-1.png,5,5,0.8694467,erica,erica,Correct
68,erica/Eri.E.maniX400wF(5356)(0)B-11.png,5,5,0.8738708,erica,erica,Correct
69,erica/Eri.E.maniX400wF(5356)(0)B-16.png,5,5,0.8805329,erica,erica,Correct
70,erica/Eri.E.maniX400wF(5357)(0)C-11.png,5,5,0.87288034,erica,erica,Correct
71,erica/Eri.E.maniX400wF(5357)(0)C-27.png,5,5,0.8711845,erica,erica,Correct
72,erica/Eri.E.maniX400wF(5357)(0)C-28.png,5,5,0.87174004,erica,erica,Correct
73,erica/Eri.E.maniX400wF(5358)(0)D-13.png,5,5,0.87408084,erica,erica,Correct
74,erica/Eri.E.maniX400wF(5359)(0)E-27.png,5,5,0.8727057,erica,erica,Correct
75,erica/Eri.E.maniX400wF(5359)(0)E-3.png,5,5,0.87131286,erica,erica,Correct
76,erica/Eri.E.maniX400wF(5360)(0)F-10.png,5,5,0.87199277,erica,erica,Correct
77,erica/Eri.E.maniX400wF(5360)(0)F-16.png,5,5,0.87560934,erica,erica,Correct
78,erica/Eri.E.maniX400wF(5360)(0)F-18.png,5,5,0.8723749,erica,erica,Correct
79,erica/Eri.E.maniX400wF(5360)(0)F-3.png,5,5,0.8771076,erica,erica,Correct
80,erica/Eri.E.maniX400wF(5361)(0)G-10.png,5,5,0.867327,erica,erica,Correct
81,erica/Eri.E.maniX400wF(5362)(0)H-24.png,5,5,0.87221724,erica,erica,Correct
82,erica/Eri.E.maniX400wF(5363)(0)I-10.png,5,5,0.86974347,erica,erica,Correct
83,erica/Eri.E.maniX400wF(5363)(0)I-5.png,5,5,0.8695401,erica,erica,Correct
84,erica/Eri.E.maniX400wF(5363)(0)I-6.png,5,5,0.8716518,erica,erica,Correct
85,eucalyptus/Myr.E.camaX400wF(1866)(0)A-2.png,6,6,0.83425605,eucalyptus,eucalyptus,Correct
86,eucalyptus/Myr.E.camaX400wF(1866)(0)A-3_2.png,6,6,0.839332,eucalyptus,eucalyptus,Correct
87,eucalyptus/Myr.E.camaX400wF(1866)(0)A-6.png,6,6,0.823086,eucalyptus,eucalyptus,Correct
88,eucalyptus/Myr.E.camaX400wF(1866)(0)A-8_2.png,6,6,0.8456104,eucalyptus,eucalyptus,Correct
89,eucalyptus/Myr.E.camaX400wF(1867)(0)B-3.png,6,6,0.867087,eucalyptus,eucalyptus,Correct
90,eucalyptus/Myr.E.camaX400wF(1867)(0)B-9.png,6,6,0.85662854,eucalyptus,eucalyptus,Correct
91,eucalyptus/Myr.E.camaX400wF(1868)(0)C-10.png,6,6,0.86450934,eucalyptus,eucalyptus,Correct
92,eucalyptus/Myr.E.camaX400wF(1868)(0)C-13_2.png,6,6,0.8451802,eucalyptus,eucalyptus,Correct
93,eucalyptus/Myr.E.camaX400wF(1868)(0)C-9_2.png,6,6,0.84425545,eucalyptus,eucalyptus,Correct
94,eucalyptus/Myr.E.camaX400wF(1869)(0)D-11_2.png,6,6,0.84013486,eucalyptus,eucalyptus,Correct
95,eucalyptus/Myr.E.camaX400wF(1869)(0)D-6_2.png,6,6,0.85017073,eucalyptus,eucalyptus,Correct
96,eucalyptus/Myr.E.camaX400wF(1870)(0)E-1_2.png,6,6,0.84853846,eucalyptus,eucalyptus,Correct
97,eucalyptus/Myr.E.camaX400wF(1870)(0)E-3_2.png,6,6,0.8468305,eucalyptus,eucalyptus,Correct
98,eucalyptus/Myr.E.camaX400wF(1871)(0)F-1.png,6,6,0.8174543,eucalyptus,eucalyptus,Correct
99,eucalyptus/Myr.E.camaX400wF(1872)(0)G-3_2.png,6,6,0.8404831,eucalyptus,eucalyptus,Correct
100,eucalyptus/Myr.E.camaX400wF(1872)(0)G-6.png,6,6,0.84550685,eucalyptus,eucalyptus,Correct
101,eucalyptus/Myr.E.camaX400wF(2962)(0)H-24_2.png,6,6,0.8438224,eucalyptus,eucalyptus,Correct
102,eucalyptus/Myr.E.camaX400wF(2962)(0)H-28_2.png,6,6,0.8386699,eucalyptus,eucalyptus,Correct
103,eucalyptus/Myr.E.camaX400wF(2963)(0)I-10_2.png,6,6,0.8442807,eucalyptus,eucalyptus,Correct
104,eucalyptus/Myr.E.camaX400wF(2963)(0)I-1_2.png,6,6,0.8411799,eucalyptus,eucalyptus,Correct
105,eucalyptus/Myr.E.camaX400wF(2963)(0)I-3.png,6,6,0.8533068,eucalyptus,eucalyptus,Correct
106,eucalyptus/Myr.E.camaX400wF(2963)(0)I-4.png,6,6,0.8418735,eucalyptus,eucalyptus,Correct
107,eucalyptus/Myr.E.camaX400wF(2964)(0)J-1.png,6,6,0.8461496,eucalyptus,eucalyptus,Correct
108,eucalyptus/Myr.E.camaX400wF(2964)(0)J-15.png,6,6,0.8528144,eucalyptus,eucalyptus,Correct
109,eucalyptus/Myr.E.camaX400wF(2964)(0)J-18.png,6,6,0.85251236,eucalyptus,eucalyptus,Correct
110,eucalyptus/Myr.E.camaX400wF(2964)(0)J-7.png,6,6,0.85918224,eucalyptus,eucalyptus,Correct
111,eucalyptus/Myr.E.camaX400wF(2964)(0)J-9.png,6,6,0.84616953,eucalyptus,eucalyptus,Correct
112,eucalyptus/Myr.E.camaX400wF(2965)(0)K-10_2.png,6,6,0.8450373,eucalyptus,eucalyptus,Correct
113,eucalyptus/Myr.E.camaX400wF(2965)(0)K-4.png,6,6,0.86125416,eucalyptus,eucalyptus,Correct
114,eucalyptus/Myr.E.camaX400wF(2965)(0)K-5_2.png,6,6,0.84495044,eucalyptus,eucalyptus,Correct
115,eucalyptus/Myr.E.camaX400wF(2965)(0)K-7.png,6,6,0.8531636,eucalyptus,eucalyptus,Correct
116,eucalyptus/Myr.E.camaX400wF(2966)(0)L-11_2.png,6,6,0.8414661,eucalyptus,eucalyptus,Correct
117,eucalyptus/Myr.E.camaX400wF(2966)(0)L-3_2.png,6,6,0.8441393,eucalyptus,eucalyptus,Correct
118,eucalyptus/Myr.E.camaX400wF(2966)(0)L-6.png,6,6,0.8495799,eucalyptus,eucalyptus,Correct
119,ferula/Api.F.comX400wF(2137)(0)C-9.png,7,7,0.87744915,ferula,ferula,Correct
120,ferula/Api.F.comX400wF(2138)(0)D-12.png,7,7,0.8798642,ferula,ferula,Correct
121,ferula/Api.F.comX400wF(2138)(0)D-5.png,7,7,0.8804858,ferula,ferula,Correct
122,ferula/Api.F.comX400wF(2139)(0)E-1.png,7,7,0.8796623,ferula,ferula,Correct
123,ferula/Api.F.comX400wF(2139)(0)E-17.png,7,7,0.88286453,ferula,ferula,Correct
124,ferula/Api.F.comX400wF(2139)(0)E-20.png,7,7,0.8792003,ferula,ferula,Correct
125,ferula/Api.F.comX400wF(2139)(0)E-7.png,7,7,0.88462794,ferula,ferula,Correct
126,ferula/Api.F.comX400wF(2139)(0)E-9.png,7,7,0.8763729,ferula,ferula,Correct
127,myrtus/IMG_3734-110.png,8,8,0.840798,myrtus,myrtus,Correct
128,myrtus/IMG_3734-113.png,8,8,0.8409857,myrtus,myrtus,Correct
129,myrtus/IMG_3734-122.png,8,8,0.8384159,myrtus,myrtus,Correct
130,myrtus/IMG_3734-17.png,8,8,0.8429252,myrtus,myrtus,Correct
131,myrtus/IMG_3734-29.png,8,8,0.8387211,myrtus,myrtus,Correct
132,myrtus/IMG_3734-55.png,8,8,0.83620524,myrtus,myrtus,Correct
133,myrtus/IMG_3735-17.png,8,8,0.83567315,myrtus,myrtus,Correct
134,myrtus/IMG_3735-22.png,8,8,0.83886254,myrtus,myrtus,Correct
135,myrtus/IMG_3735-23.png,8,8,0.8382814,myrtus,myrtus,Correct
136,myrtus/IMG_3735-5.png,8,8,0.8430217,myrtus,myrtus,Correct
137,myrtus/IMG_3736-25.png,8,8,0.836287,myrtus,myrtus,Correct
138,myrtus/IMG_3736-27.png,8,8,0.8358119,myrtus,myrtus,Correct
139,myrtus/IMG_3736-33.png,8,8,0.83332205,myrtus,myrtus,Correct
140,myrtus/IMG_3736-35.png,8,8,0.83712536,myrtus,myrtus,Correct
141,myrtus/IMG_3736-40.png,8,8,0.8378096,myrtus,myrtus,Correct
142,myrtus/IMG_3736-41.png,8,8,0.83957803,myrtus,myrtus,Correct
143,myrtus/IMG_3736-42.png,8,8,0.8392997,myrtus,myrtus,Correct
144,myrtus/IMG_3736-43.png,8,8,0.8375079,myrtus,myrtus,Correct
145,myrtus/IMG_3736-61.png,8,8,0.83909476,myrtus,myrtus,Correct
146,myrtus/IMG_3736-65.png,8,8,0.83968925,myrtus,myrtus,Correct
147,myrtus/IMG_3736-72.png,8,8,0.8336012,myrtus,myrtus,Correct
148,myrtus/IMG_3736-75.png,8,8,0.8355162,myrtus,myrtus,Correct
149,myrtus/IMG_3736-81.png,8,8,0.8404165,myrtus,myrtus,Correct
150,myrtus/IMG_3737-2.png,8,8,0.844063,myrtus,myrtus,Correct
151,myrtus/IMG_3737-20.png,8,8,0.8413506,myrtus,myrtus,Correct
152,myrtus/IMG_3737-38.png,8,8,0.8405175,myrtus,myrtus,Correct
153,myrtus/IMG_3738-1.png,8,8,0.8394056,myrtus,myrtus,Correct
154,myrtus/IMG_3738-10.png,8,8,0.8424511,myrtus,myrtus,Correct
155,myrtus/IMG_3738-106.png,8,8,0.8404304,myrtus,myrtus,Correct
156,myrtus/IMG_3738-116.png,8,8,0.84672034,myrtus,myrtus,Correct
157,myrtus/IMG_3738-123.png,8,8,0.84986466,myrtus,myrtus,Correct
158,myrtus/IMG_3738-136.png,8,8,0.83672863,myrtus,myrtus,Correct
159,myrtus/IMG_3738-157.png,8,8,0.84121615,myrtus,myrtus,Correct
160,myrtus/IMG_3738-21.png,8,8,0.83644605,myrtus,myrtus,Correct
161,myrtus/IMG_3738-25.png,8,8,0.83338594,myrtus,myrtus,Correct
162,myrtus/IMG_3738-46.png,8,8,0.83924955,myrtus,myrtus,Correct
163,myrtus/IMG_3738-80.png,8,8,0.8404831,myrtus,myrtus,Correct
164,myrtus/IMG_3738-85.png,8,8,0.84098077,myrtus,myrtus,Correct
165,myrtus/IMG_3738-86.png,8,8,0.83844006,myrtus,myrtus,Correct
166,myrtus/IMG_3738-94.png,8,8,0.83805645,myrtus,myrtus,Correct
167,myrtus/IMG_3741-21.png,8,8,0.8381593,myrtus,myrtus,Correct
168,myrtus/IMG_3741-67.png,8,8,0.8405073,myrtus,myrtus,Correct
169,myrtus/IMG_3741-7.png,8,8,0.8310147,myrtus,myrtus,Correct
170,myrtus/IMG_3742-1.png,8,8,0.8489353,myrtus,myrtus,Correct
171,myrtus/IMG_3742-19.png,8,8,0.8413199,myrtus,myrtus,Correct
172,myrtus/IMG_3742-32.png,8,8,0.8371134,myrtus,myrtus,Correct
173,myrtus/IMG_3743-10.png,8,8,0.8395499,myrtus,myrtus,Correct
174,myrtus/IMG_3743-31.png,8,8,0.8401212,myrtus,myrtus,Correct
175,myrtus/IMG_3743-32.png,8,8,0.83493674,myrtus,myrtus,Correct
176,myrtus/IMG_3744-16.png,8,8,0.83537364,myrtus,myrtus,Correct
177,myrtus/IMG_3744-19.png,8,8,0.835714,myrtus,myrtus,Correct
178,myrtus/IMG_3744-26.png,8,8,0.85375726,myrtus,myrtus,Correct
179,myrtus/IMG_3744-27.png,8,8,0.838031,myrtus,myrtus,Correct
180,myrtus/IMG_3744-47.png,8,8,0.8406427,myrtus,myrtus,Correct
181,myrtus/Myr.M.comX400wF(1095)(1091)A-16.png,8,8,0.8400472,myrtus,myrtus,Correct
182,myrtus/Myr.M.comX400wF(1095)(1091)A-21.png,8,8,0.8400457,myrtus,myrtus,Correct
183,myrtus/Myr.M.comX400wF(1095)(1091)A-29.png,8,8,0.8390301,myrtus,myrtus,Correct
184,myrtus/Myr.M.comX400wF(1095)(1091)A-33.png,8,8,0.849628,myrtus,myrtus,Correct
185,myrtus/Myr.M.comX400wF(1095)(1091)A-34.png,8,8,0.8391054,myrtus,myrtus,Correct
186,myrtus/Myr.M.comX400wF(1095)(1091)A-36.png,8,8,0.8353464,myrtus,myrtus,Correct
187,myrtus/Myr.M.comX400wF(1095)(1091)A-47.png,8,8,0.8355509,myrtus,myrtus,Correct
188,myrtus/Myr.M.comX400wF(1095)(1091)A-49.png,8,8,0.8351378,myrtus,myrtus,Correct
189,myrtus/Myr.M.comX400wF(1095)(1091)A-63.png,8,8,0.84210956,myrtus,myrtus,Correct
190,myrtus/Myr.M.comX400wF(1095)(1091)A-76.png,8,8,0.84010893,myrtus,myrtus,Correct
191,myrtus/Myr.M.comX400wF(1095)(1091)A-77.png,8,8,0.8352541,myrtus,myrtus,Correct
192,myrtus/Myr.M.comX400wF(1095)(1091)A-83.png,8,8,0.8386931,myrtus,myrtus,Correct
193,myrtus/Myr.M.comX400wF(1097)(1090)C-11.png,8,8,0.8345982,myrtus,myrtus,Correct
194,myrtus/Myr.M.comX400wF(1097)(1090)C-14.png,8,8,0.83850664,myrtus,myrtus,Correct
195,myrtus/Myr.M.comX400wF(1097)(1090)C-2.png,8,8,0.84252155,myrtus,myrtus,Correct
196,myrtus/Myr.M.comX400wF(1097)(1090)C-21.png,8,8,0.84075695,myrtus,myrtus,Correct
197,myrtus/Myr.M.comX400wF(1097)(1090)C-34.png,8,8,0.84158915,myrtus,myrtus,Correct
198,myrtus/Myr.M.comX400wF(1097)(1090)C-4.png,8,8,0.84554005,myrtus,myrtus,Correct
199,myrtus/Myr.M.comX400wF(1097)(1090)C-54.png,8,8,0.84071726,myrtus,myrtus,Correct
200,myrtus/Myr.M.comX400wF(1097)(1090)C-57.png,8,8,0.83944875,myrtus,myrtus,Correct
201,myrtus/Myr.M.comX400wF(1097)(1090)C-58.png,8,8,0.8444353,myrtus,myrtus,Correct
202,myrtus/Myr.M.comX400wF(1097)(1090)C-59.png,8,8,0.83638537,myrtus,myrtus,Correct
203,myrtus/Myr.M.comX400wF(1097)(1090)C-68.png,8,8,0.83848715,myrtus,myrtus,Correct
204,myrtus/Myr.M.comX400wF(1097)(1090)C-73.png,8,8,0.8340029,myrtus,myrtus,Correct
205,myrtus/Myr.M.comX400wF(1097)(1090)C-88.png,8,8,0.8491546,myrtus,myrtus,Correct
206,olea/Ole.O.euroX400wF(4261)(0)A-15.png,9,9,0.83149093,olea,olea,Correct
207,olea/Ole.O.euroX400wF(4261)(0)A-22.png,9,9,0.83644587,olea,olea,Correct
208,olea/Ole.O.euroX400wF(4261)(0)A-23.png,9,9,0.82926166,olea,olea,Correct
209,olea/Ole.O.euroX400wF(4261)(0)A-36.png,9,9,0.83351547,olea,olea,Correct
210,olea/Ole.O.euroX400wF(4262)(0)B-29.png,9,9,0.83637846,olea,olea,Correct
211,olea/Ole.O.euroX400wF(4262)(0)B-3.png,9,9,0.838861,olea,olea,Correct
212,olea/Ole.O.euroX400wF(4262)(0)B-30.png,9,9,0.8361667,olea,olea,Correct
213,olea/Ole.O.euroX400wF(4262)(0)B-35.png,9,9,0.83956426,olea,olea,Correct
214,olea/Ole.O.euroX400wF(4263)(0)C-1.png,9,9,0.82906383,olea,olea,Correct
215,olea/Ole.O.euroX400wF(4263)(0)C-112.png,9,9,0.83700925,olea,olea,Correct
216,olea/Ole.O.euroX400wF(4263)(0)C-117.png,9,9,0.83130217,olea,olea,Correct
217,olea/Ole.O.euroX400wF(4263)(0)C-120.png,9,9,0.8319478,olea,olea,Correct
218,olea/Ole.O.euroX400wF(4263)(0)C-124.png,9,9,0.8300293,olea,olea,Correct
219,olea/Ole.O.euroX400wF(4263)(0)C-154.png,9,9,0.82658243,olea,olea,Correct
220,olea/Ole.O.euroX400wF(4263)(0)C-159.png,9,9,0.832865,olea,olea,Correct
221,olea/Ole.O.euroX400wF(4263)(0)C-161.png,9,9,0.8331519,olea,olea,Correct
222,olea/Ole.O.euroX400wF(4263)(0)C-162.png,9,9,0.83332545,olea,olea,Correct
223,olea/Ole.O.euroX400wF(4263)(0)C-165.png,9,9,0.8387731,olea,olea,Correct
224,olea/Ole.O.euroX400wF(4263)(0)C-171.png,9,9,0.8386742,olea,olea,Correct
225,olea/Ole.O.euroX400wF(4263)(0)C-175.png,9,9,0.8345379,olea,olea,Correct
226,olea/Ole.O.euroX400wF(4263)(0)C-176.png,9,9,0.83139324,olea,olea,Correct
227,olea/Ole.O.euroX400wF(4263)(0)C-190.png,9,9,0.8342158,olea,olea,Correct
228,olea/Ole.O.euroX400wF(4263)(0)C-48.png,9,9,0.83592856,olea,olea,Correct
229,olea/Ole.O.euroX400wF(4263)(0)C-92.png,9,9,0.83647615,olea,olea,Correct
230,olea/Ole.O.euroX400wF(4263)(0)C-96.png,9,9,0.8365018,olea,olea,Correct
231,olea/Ole.O.euroX400wF(4263)(0)C-99.png,9,9,0.83877397,olea,olea,Correct
232,olea/Ole.O.euroX400wF(4264)(0)D-10.png,9,9,0.8320322,olea,olea,Correct
233,olea/Ole.O.euroX400wF(4264)(0)D-106.png,9,9,0.8349297,olea,olea,Correct
234,olea/Ole.O.euroX400wF(4264)(0)D-110.png,9,9,0.838866,olea,olea,Correct
235,olea/Ole.O.euroX400wF(4264)(0)D-116.png,9,9,0.8372695,olea,olea,Correct
236,olea/Ole.O.euroX400wF(4264)(0)D-117.png,9,9,0.8337757,olea,olea,Correct
237,olea/Ole.O.euroX400wF(4264)(0)D-119.png,9,9,0.8347794,olea,olea,Correct
238,olea/Ole.O.euroX400wF(4264)(0)D-12.png,9,9,0.83818114,olea,olea,Correct
239,olea/Ole.O.euroX400wF(4264)(0)D-123.png,9,9,0.8366154,olea,olea,Correct
240,olea/Ole.O.euroX400wF(4264)(0)D-161.png,9,9,0.83649004,olea,olea,Correct
241,olea/Ole.O.euroX400wF(4264)(0)D-163.png,9,9,0.83346593,olea,olea,Correct
242,olea/Ole.O.euroX400wF(4264)(0)D-22.png,9,9,0.83508456,olea,olea,Correct
243,olea/Ole.O.euroX400wF(4264)(0)D-69.png,9,9,0.8335047,olea,olea,Correct
244,olea/Ole.O.euroX400wF(4264)(0)D-77.png,9,9,0.8345355,olea,olea,Correct
245,olea/Ole.O.euroX400wF(4264)(0)D-78.png,9,9,0.8351968,olea,olea,Correct
246,olea/Ole.O.euroX400wF(4264)(0)D-79.png,9,9,0.8330896,olea,olea,Correct
247,olea/Ole.O.euroX400wF(4264)(0)D-8.png,9,9,0.8347705,olea,olea,Correct
248,olea/Ole.O.euroX400wF(4264)(0)D-85.png,9,9,0.84132916,olea,olea,Correct
249,olea/Ole.O.euroX400wF(4264)(0)D-86.png,9,9,0.832044,olea,olea,Correct
250,olea/Ole.O.euroX400wF(4264)(0)D-92.png,9,9,0.83235323,olea,olea,Correct
251,olea/Ole.O.euroX400wF(4265)(0)E-123.png,9,9,0.83087665,olea,olea,Correct
252,olea/Ole.O.euroX400wF(4265)(0)E-127.png,9,9,0.832909,olea,olea,Correct
253,olea/Ole.O.euroX400wF(4265)(0)E-138.png,9,9,0.8364387,olea,olea,Correct
254,olea/Ole.O.euroX400wF(4265)(0)E-141.png,9,9,0.8339777,olea,olea,Correct
255,olea/Ole.O.euroX400wF(4265)(0)E-189.png,9,9,0.8208067,olea,olea,Correct
256,olea/Ole.O.euroX400wF(4265)(0)E-221.png,9,9,0.82442325,olea,olea,Correct
257,olea/Ole.O.euroX400wF(4265)(0)E-30.png,9,9,0.8334915,olea,olea,Correct
258,olea/Ole.O.euroX400wF(4265)(0)E-34.png,9,9,0.83191216,olea,olea,Correct
259,olea/Ole.O.euroX400wF(4265)(0)E-59.png,9,9,0.83433753,olea,olea,Correct
260,olea/Ole.O.euroX400wF(4265)(0)E-7.png,9,9,0.83137757,olea,olea,Correct
261,olea/Ole.O.euroX400wF(4265)(0)E-71.png,9,9,0.8298001,olea,olea,Correct
262,olea/Ole.O.euroX400wF(4265)(0)E-82.png,9,9,0.8310782,olea,olea,Correct
263,olea/Ole.O.euroX400wF(4265)(0)E-98.png,9,9,0.8344254,olea,olea,Correct
264,olea/Ole.O.euroX400wF(4266)(0)F-10.png,9,9,0.831822,olea,olea,Correct
265,olea/Ole.O.euroX400wF(4266)(0)F-102.png,9,9,0.8294984,olea,olea,Correct
266,olea/Ole.O.euroX400wF(4266)(0)F-103.png,9,9,0.82907605,olea,olea,Correct
267,olea/Ole.O.euroX400wF(4266)(0)F-105.png,9,9,0.8353405,olea,olea,Correct
268,olea/Ole.O.euroX400wF(4266)(0)F-123.png,9,9,0.8313624,olea,olea,Correct
269,olea/Ole.O.euroX400wF(4266)(0)F-140.png,9,9,0.8365598,olea,olea,Correct
270,olea/Ole.O.euroX400wF(4266)(0)F-147.png,9,9,0.8350442,olea,olea,Correct
271,olea/Ole.O.euroX400wF(4266)(0)F-3.png,9,9,0.8258287,olea,olea,Correct
272,olea/Ole.O.euroX400wF(4266)(0)F-30.png,9,9,0.83050716,olea,olea,Correct
273,olea/Ole.O.euroX400wF(4266)(0)F-37.png,9,9,0.8279697,olea,olea,Correct
274,olea/Ole.O.euroX400wF(4266)(0)F-38.png,9,9,0.83538216,olea,olea,Correct
275,olea/Ole.O.euroX400wF(4266)(0)F-54.png,9,9,0.83276165,olea,olea,Correct
276,olea/Ole.O.euroX400wF(4266)(0)F-74.png,9,9,0.8365995,olea,olea,Correct
277,olea/Ole.O.euroX400wF(4266)(0)F-88.png,9,9,0.83589953,olea,olea,Correct
278,olea/Ole.O.euroX400wF(4267)(0)G-3.png,9,9,0.8149039,olea,olea,Correct
279,olea/Ole.O.euroX400wF(4267)(0)G-35.png,9,9,0.83229786,olea,olea,Correct
280,olea/Ole.O.euroX400wF(4267)(0)G-36.png,9,9,0.84242487,olea,olea,Correct
281,olea/Ole.O.euroX400wF(4267)(0)G-39.png,9,9,0.8350484,olea,olea,Correct
282,olea/Ole.O.euroX400wF(4267)(0)G-47.png,9,9,0.8406282,olea,olea,Correct
283,olea/Ole.O.euroX400wF(4267)(0)G-5.png,9,9,0.83053946,olea,olea,Correct
284,olea/Ole.O.euroX400wF(4267)(0)G-58.png,9,9,0.83685094,olea,olea,Correct
285,origanum/Lam.O.micX400wF(884)(0)A-13.png,10,10,0.87578595,origanum,origanum,Correct
286,origanum/Lam.O.micX400wF(884)(0)A-6.png,10,10,0.856884,origanum,origanum,Correct
287,origanum/Lam.O.micX400wF(885)(0)B-2.png,10,10,0.84891456,origanum,origanum,Correct
288,origanum/Lam.O.micX400wF(885)(0)B-4.png,10,10,0.8746879,origanum,origanum,Correct
289,origanum/Lam.O.micX400wF(886)(0)C-16.png,10,10,0.8728077,origanum,origanum,Correct
290,origanum/Lam.O.micX400wF(886)(0)C-46.png,10,10,0.8687825,origanum,origanum,Correct
291,origanum/Lam.O.micX400wF(886)(0)C-59.png,10,10,0.8689881,origanum,origanum,Correct
292,origanum/Lam.O.micX400wF(886)(0)C-9.png,10,10,0.8690493,origanum,origanum,Correct
293,origanum/Lam.O.micX400wF(887)(0)D-12.png,10,10,0.8289067,origanum,origanum,Correct
294,origanum/Lam.O.micX400wF(887)(0)D-8.png,10,10,0.87424976,origanum,origanum,Correct
295,origanum/Lam.O.micX400wF(888)(0)E-1.png,10,10,0.8771732,origanum,origanum,Correct
296,origanum/Lam.O.micX400wF(889)(0)F-32.png,10,10,0.87154603,origanum,origanum,Correct
297,origanum/Lam.O.micX400wF(889)(0)F-39.png,10,10,0.8690827,origanum,origanum,Correct
298,origanum/Lam.O.micX400wF(889)(0)F-51.png,10,10,0.86708915,origanum,origanum,Correct
299,origanum/Lam.O.micX400wF(889)(0)F-54.png,10,10,0.8738344,origanum,origanum,Correct
300,origanum/Lam.O.micX400wF(889)(0)F-59.png,10,10,0.8730744,origanum,origanum,Correct
301,origanum/Lam.O.micX400wF(889)(0)F-61.png,10,10,0.86720127,origanum,origanum,Correct
302,oxalis/Oxa.O.pes.cX400wF(1733)(0)A-12.png,11,11,0.87110114,oxalis,oxalis,Correct
303,oxalis/Oxa.O.pes.cX400wF(1733)(0)A-2.png,11,11,0.86960787,oxalis,oxalis,Correct
304,oxalis/Oxa.O.pes.cX400wF(1736)(0)D-6.png,11,11,0.877815,oxalis,oxalis,Correct
305,oxalis/Oxa.O.pes.cX400wF(1737)(1736)E-5.png,11,11,0.8798516,oxalis,oxalis,Correct
306,oxalis/Oxa.O.pes.cX400wF(1737)(1736)E-6.png,11,11,0.8663193,oxalis,oxalis,Correct
307,oxalis/Oxa.O.pes.cX400wF(1737)(1736)E-8.png,11,11,0.8720109,oxalis,oxalis,Correct
308,oxalis/Oxa.O.pes.cX400wF(1738)(0)F-15.png,11,11,0.8720502,oxalis,oxalis,Correct
309,oxalis/Oxa.O.pes.cX400wF(1738)(0)F-5.png,11,11,0.8734564,oxalis,oxalis,Correct
310,oxalis/Oxa.O.pes.cX400wF(1739)(0)G-2.png,11,11,0.86804974,oxalis,oxalis,Correct
311,oxalis/Oxa.O.pes.cX400wF(1742)(1741)J-13.png,11,11,0.86209273,oxalis,oxalis,Correct
312,oxalis/Oxa.O.pes.cX400wF(1742)(1741)J-3.png,11,11,0.87165236,oxalis,oxalis,Correct
313,oxalis/Oxa.O.pes.cX400wF(1743)(0)K-12.png,11,11,0.8698482,oxalis,oxalis,Correct
314,oxalis/Oxa.O.pes.cX400wF(1743)(0)K-14.png,11,11,0.8663732,oxalis,oxalis,Correct
315,oxalis/Oxa.O.pes.cX400wF(1743)(0)K-22.png,11,11,0.8712667,oxalis,oxalis,Correct
316,pinus/Pin.P.brutX400wF(3174)(0)D-3.png,12,12,0.8489938,pinus,pinus,Correct
317,pinus/Pin.P.brutX400wF(3174)(0)D-4.png,12,12,0.8533252,pinus,pinus,Correct
318,pinus/Pin.P.brutX400wF(3177)(0)G-1.png,12,12,0.85452354,pinus,pinus,Correct
319,pistacia/Ana.P.tereX400wF(3223)(0)B-4.png,13,13,0.8328574,pistacia,pistacia,Correct
320,pistacia/Ana.P.tereX400wF(3224)(0)C-13.png,13,13,0.83601856,pistacia,pistacia,Correct
321,pistacia/Ana.P.tereX400wF(3226)(0)E-4.png,13,13,0.8234699,pistacia,pistacia,Correct
322,salvia/Lam.S.triX400wF(2188)(0)A-1.png,14,14,0.8464218,salvia,salvia,Correct
323,salvia/Lam.S.triX400wF(2188)(0)A-4.png,14,14,0.84902656,salvia,salvia,Correct
324,salvia/Lam.S.triX400wF(2189)(0)B-14.png,14,14,0.84477365,salvia,salvia,Correct
325,salvia/Lam.S.triX400wF(2189)(0)B-40.png,14,14,0.84518415,salvia,salvia,Correct
326,salvia/Lam.S.triX400wF(2189)(0)B-41.png,14,14,0.8510787,salvia,salvia,Correct
327,salvia/Lam.S.triX400wF(2189)(0)B-6.png,14,14,0.84405476,salvia,salvia,Correct
328,salvia/Lam.S.triX400wF(2190)(0)C-1.png,14,14,0.8488109,salvia,salvia,Correct
329,salvia/Lam.S.triX400wF(2190)(0)C-14.png,14,14,0.8442448,salvia,salvia,Correct
330,salvia/Lam.S.triX400wF(2190)(0)C-2.png,14,14,0.8407957,salvia,salvia,Correct
331,salvia/Lam.S.triX400wF(2190)(0)C-28.png,14,14,0.84781927,salvia,salvia,Correct
332,salvia/Lam.S.triX400wF(2191)(0)D-11.png,14,14,0.84588426,salvia,salvia,Correct
333,salvia/Lam.S.triX400wF(2191)(0)D-22.png,14,14,0.84865797,salvia,salvia,Correct
334,salvia/Lam.S.triX400wF(2191)(0)D-24.png,14,14,0.8444618,salvia,salvia,Correct
335,salvia/Lam.S.triX400wF(2191)(0)D-28.png,14,14,0.84504086,salvia,salvia,Correct
336,salvia/Lam.S.triX400wF(2191)(0)D-32.png,14,14,0.8492803,salvia,salvia,Correct
337,salvia/Lam.S.triX400wF(2191)(0)D-46.png,14,14,0.84105724,salvia,salvia,Correct
338,salvia/Lam.S.triX400wF(2193)(0)F-14.png,14,14,0.8418955,salvia,salvia,Correct
339,salvia/Lam.S.triX400wF(2193)(0)F-22.png,14,14,0.8450667,salvia,salvia,Correct
340,satureja/Lam.S.thyX400wF(941)(937)A-1.png,15,15,0.8557629,satureja,satureja,Correct
341,satureja/Lam.S.thyX400wF(941)(937)A-10.png,15,15,0.8439306,satureja,satureja,Correct
342,satureja/Lam.S.thyX400wF(944)(940)E-24.png,15,15,0.85546833,satureja,satureja,Correct
343,satureja/Lam.S.thyX400wF(944)(940)E-25.png,15,15,0.8519808,satureja,satureja,Correct
344,satureja/Lam.S.thyX400wF(946)(0)G-2.png,15,15,0.85080117,satureja,satureja,Correct
345,satureja/Lam.S.thyX400wF(947)(0)H-2.png,15,15,0.85330224,satureja,satureja,Correct
346,satureja/Lam.S.thyX400wF(947)(0)H-5.png,15,15,0.85482204,satureja,satureja,Correct
347,sinapis/Bra.S.albX400wF(2150)(0)A-2.png,16,16,0.87602174,sinapis,sinapis,Correct
348,sinapis/Bra.S.albX400wF(2151)(0)B-17.png,16,16,0.8748074,sinapis,sinapis,Correct
349,sinapis/Bra.S.albX400wF(2151)(0)B-19.png,16,16,0.87528044,sinapis,sinapis,Correct
351,sinapis/Bra.S.albX400wF(2151)(0)B-23.png,16,16,0.8730859,sinapis,sinapis,Correct
352,sinapis/Bra.S.albX400wF(2151)(0)B-6.png,16,16,0.8709842,sinapis,sinapis,Correct
353,sinapis/Bra.S.albX400wF(2152)(0)C-13.png,16,16,0.8772465,sinapis,sinapis,Correct
355,sinapis/Bra.S.albX400wF(2152)(0)C-6.png,16,16,0.7488899,sinapis,sinapis,Correct
356,sinapis/Bra.S.albX400wF(2154)(0)E-15.png,16,16,0.8707579,sinapis,sinapis,Correct
357,sinapis/Bra.S.albX400wF(2154)(0)E-22.png,16,16,0.8742115,sinapis,sinapis,Correct
358,sinapis/Bra.S.albX400wF(2154)(0)E-8.png,16,16,0.8760204,sinapis,sinapis,Correct
359,sinapis/Bra.S.albX400wF(2155)(0)F-23.png,16,16,0.87568563,sinapis,sinapis,Correct
360,sinapis/IMG_3701-2.png,16,16,0.8779062,sinapis,sinapis,Correct
361,sinapis/IMG_3701-6.png,16,16,0.8740681,sinapis,sinapis,Correct
362,sinapis/IMG_3704-15.png,16,16,0.87175924,sinapis,sinapis,Correct
363,sinapis/IMG_3706-10.png,16,16,0.8778961,sinapis,sinapis,Correct
364,sinapis/IMG_3708-12.png,16,16,0.87858844,sinapis,sinapis,Correct
365,sinapis/IMG_3708-3.png,16,16,0.87621564,sinapis,sinapis,Correct
366,sinapis/IMG_3708-6.png,16,16,0.87599695,sinapis,sinapis,Correct
367,thymbra/Lam.T.capX400wF(1029)(0)A-13.png,17,17,0.8592547,thymbra,thymbra,Correct
368,thymbra/Lam.T.capX400wF(1029)(0)A-14.png,17,17,0.8585589,thymbra,thymbra,Correct
369,thymbra/Lam.T.capX400wF(1029)(0)A-16.png,17,17,0.8492119,thymbra,thymbra,Correct
370,thymbra/Lam.T.capX400wF(1029)(0)A-4.png,17,17,0.8640324,thymbra,thymbra,Correct
371,thymbra/Lam.T.capX400wF(1029)(0)A-7.png,17,17,0.86068416,thymbra,thymbra,Correct
372,thymbra/Lam.T.capX400wF(1031)(0)C-12.png,17,17,0.8511059,thymbra,thymbra,Correct
373,thymbra/x40 f (4)-12.png,17,17,0.8501387,thymbra,thymbra,Correct
374,thymbra/x40 f (4)-17.png,17,17,0.8514043,thymbra,thymbra,Correct
375,thymbra/x40 f (4)-3.png,17,17,0.84938914,thymbra,thymbra,Correct
376,thymbra/x40 f (5)-13.png,17,17,0.8530945,thymbra,thymbra,Correct
377,thymbra/x40 f (6)-4.png,17,17,0.85851777,thymbra,thymbra,Correct
378,thymbra/x40 f (6)-7.png,17,17,0.8567296,thymbra,thymbra,Correct
379,thymbra/x40 f (7)-3.png,17,17,0.86112225,thymbra,thymbra,Correct
380,thymbra/x40 f (7)-5.png,17,17,0.8526172,thymbra,thymbra,Correct
381,urginea/Asp.U.marX400wF(5317)(0)A-15.png,18,18,0.8597326,urginea,urginea,Correct
382,urginea/Asp.U.marX400wF(5317)(0)A-19.png,18,18,0.8508747,urginea,urginea,Correct
383,urginea/Asp.U.marX400wF(5317)(0)A-9.png,18,18,0.8563346,urginea,urginea,Correct
384,urginea/Asp.U.marX400wF(5318)(0)B-2.png,18,18,0.857281,urginea,urginea,Correct
385,urginea/Asp.U.marX400wF(5319)(0)C-1.png,18,18,0.8596048,urginea,urginea,Correct
386,urginea/Asp.U.marX400wF(5319)(0)C-7.png,18,18,0.8614102,urginea,urginea,Correct
387,urginea/Asp.U.marX400wF(5320)(0)D-6.png,18,18,0.86021674,urginea,urginea,Correct
388,urginea/Asp.U.marX400wF(5321)(0)E-8.png,18,18,0.85807914,urginea,urginea,Correct
389,urginea/Asp.U.marX400wF(5323)(0)G-4.png,18,18,0.8614809,urginea,urginea,Correct
390,urginea/Asp.U.marX400wF(5324)(0)H-12.png,18,18,0.86144525,urginea,urginea,Correct
391,urginea/Asp.U.marX400wF(5324)(0)H-4.png,18,18,0.8555351,urginea,urginea,Correct
392,vitis/Vit.V.viniX400wF(4978)(0)A-12.png,19,19,0.897475,vitis,vitis,Correct
393,vitis/Vit.V.viniX400wF(4979)(0)B-16.png,19,19,0.8204332,vitis,vitis,Correct
394,vitis/Vit.V.viniX400wF(4979)(0)B-19.png,19,19,0.8978947,vitis,vitis,Correct
395,vitis/Vit.V.viniX400wF(4980)(0)C-1.png,19,19,0.9028989,vitis,vitis,Correct
396,vitis/Vit.V.viniX400wF(4980)(0)C-13.png,19,19,0.90446013,vitis,vitis,Correct
397,vitis/Vit.V.viniX400wF(4981)(0)D-17.png,19,19,0.90358454,vitis,vitis,Correct
398,vitis/Vit.V.viniX400wF(4981)(0)D-40.png,19,19,0.89503616,vitis,vitis,Correct
399,vitis/Vit.V.viniX400wF(4982)(0)E-10.png,19,19,0.8999304,vitis,vitis,Correct
400,vitis/Vit.V.viniX400wF(4982)(0)E-19.png,19,19,0.8996767,vitis,vitis,Correct
401,vitis/Vit.V.viniX400wF(4982)(0)E-28.png,19,19,0.90132767,vitis,vitis,Correct
402,vitis/Vit.V.viniX400wF(4982)(0)E-30.png,19,19,0.900052,vitis,vitis,Correct
403,vitis/Vit.V.viniX400wF(4982)(0)E-39.png,19,19,0.9000179,vitis,vitis,Correct
404,vitis/Vit.V.viniX400wF(4983)(0)F-15.png,19,19,0.8998481,vitis,vitis,Correct
405,vitis/Vit.V.viniX400wF(4983)(0)F-26.png,19,19,0.89765584,vitis,vitis,Correct
406,vitis/Vit.V.viniX400wF(4983)(0)F-28.png,19,19,0.8999684,vitis,vitis,Correct
407,vitis/Vit.V.viniX400wF(4983)(0)F-5.png,19,19,0.8969235,vitis,vitis,Correct
408,vitis/Vit.V.viniX400wF(4984)(0)G-11.png,19,19,0.89749944,vitis,vitis,Correct
409,vitis/Vit.V.viniX400wF(4984)(0)G-29.png,19,19,0.90186715,vitis,vitis,Correct
410,vitis/Vit.V.viniX400wF(4984)(0)G-4.png,19,19,0.8923118,vitis,vitis,Correct
411,vitis/Vit.V.viniX400wF(4984)(0)G-41.png,19,19,0.8999676,vitis,vitis,Correct
412,vitis/Vit.V.viniX400wF(4984)(0)G-45.png,19,19,0.8992444,vitis,vitis,Correct
413,vitis/Vit.V.viniX400wF(4984)(0)G-9.png,19,19,0.90180176,vitis,vitis,Correct
414,vitis/Vit.V.viniX400wF(4985)(0)H-13.png,19,19,0.9016148,vitis,vitis,Correct
415,vitis/Vit.V.viniX400wF(4985)(0)H-23.png,19,19,0.90231365,vitis,vitis,Correct
416,vitis/Vit.V.viniX400wF(4985)(0)H-35.png,19,19,0.89794916,vitis,vitis,Correct
417,vitis/Vit.V.viniX400wF(4985)(0)H-38.png,19,19,0.90166587,vitis,vitis,Correct
418,vitis/Vit.V.viniX400wF(4985)(0)H-6.png,19,19,0.9005121,vitis,vitis,Correct
0,asphodelus/Asp.A.ramX400wF(1984)(0)A-9.png,0,0,0.83306086,asphodelus,asphodelus,Correct
1,asphodelus/Asp.A.ramX400wF(1987)(0)D-5.png,0,0,0.81593275,asphodelus,asphodelus,Correct
2,asphodelus/Asp.A.ramX400wF(1989)(0)F-6.png,0,0,0.8158813,asphodelus,asphodelus,Correct
4,calicotome/Fab.C.vilX400wF(2017)(0)B-19.png,1,1,0.8597502,calicotome,calicotome,Correct
5,calicotome/Fab.C.vilX400wF(2017)(0)B-21.png,1,1,0.854806,calicotome,calicotome,Correct
7,calicotome/Fab.C.vilX400wF(2019)(0)D-104.png,1,1,0.88993627,calicotome,calicotome,Correct
8,calicotome/Fab.C.vilX400wF(2019)(0)D-106.png,1,1,0.8882048,calicotome,calicotome,Correct
9,calicotome/Fab.C.vilX400wF(2019)(0)D-110.png,1,1,0.89703774,calicotome,calicotome,Correct
10,calicotome/Fab.C.vilX400wF(2019)(0)D-15.png,1,1,0.89628994,calicotome,calicotome,Correct
11,calicotome/Fab.C.vilX400wF(2019)(0)D-3.png,1,1,0.8909694,calicotome,calicotome,Correct
12,calicotome/Fab.C.vilX400wF(2019)(0)D-34.png,1,1,0.8936073,calicotome,calicotome,Correct
13,calicotome/Fab.C.vilX400wF(2019)(0)D-38.png,1,1,0.8905434,calicotome,calicotome,Correct
14,calicotome/Fab.C.vilX400wF(2019)(0)D-50.png,1,1,0.89586437,calicotome,calicotome,Correct
15,calicotome/Fab.C.vilX400wF(2019)(0)D-61.png,1,1,0.8929147,calicotome,calicotome,Correct
16,calicotome/Fab.C.vilX400wF(2019)(0)D-70.png,1,1,0.89783335,calicotome,calicotome,Correct
17,calicotome/Fab.C.vilX400wF(2019)(0)D-78.png,1,1,0.8924221,calicotome,calicotome,Correct
18,calicotome/Fab.C.vilX400wF(2019)(0)D-99.png,1,1,0.88887155,calicotome,calicotome,Correct
19,calicotome/Fab.C.vilX400wF(2020)(0)E-105.png,1,1,0.89228815,calicotome,calicotome,Correct
20,calicotome/Fab.C.vilX400wF(2020)(0)E-107.png,1,1,0.8849894,calicotome,calicotome,Correct
21,calicotome/Fab.C.vilX400wF(2020)(0)E-111.png,1,1,0.8960324,calicotome,calicotome,Correct
22,calicotome/Fab.C.vilX400wF(2020)(0)E-113.png,1,1,0.7114586,calicotome,calicotome,Correct
23,calicotome/Fab.C.vilX400wF(2020)(0)E-17.png,1,1,0.8958337,calicotome,calicotome,Correct
24,calicotome/Fab.C.vilX400wF(2020)(0)E-2.png,1,1,0.89559937,calicotome,calicotome,Correct
25,calicotome/Fab.C.vilX400wF(2020)(0)E-21.png,1,1,0.8968651,calicotome,calicotome,Correct
26,calicotome/Fab.C.vilX400wF(2020)(0)E-25.png,1,1,0.8904192,calicotome,calicotome,Correct
27,calicotome/Fab.C.vilX400wF(2020)(0)E-34.png,1,1,0.8953841,calicotome,calicotome,Correct
28,calicotome/Fab.C.vilX400wF(2020)(0)E-35.png,1,1,0.896496,calicotome,calicotome,Correct
29,calicotome/Fab.C.vilX400wF(2020)(0)E-41.png,1,1,0.89048135,calicotome,calicotome,Correct
30,calicotome/Fab.C.vilX400wF(2020)(0)E-75.png,1,1,0.8831018,calicotome,calicotome,Correct
31,calicotome/Fab.C.vilX400wF(2020)(0)E-82.png,1,1,0.89318675,calicotome,calicotome,Correct
33,castanea/Fag.C.satX400wF(781)(0)A-11.png,2,2,0.8815948,castanea,castanea,Correct
34,castanea/Fag.C.satX400wF(781)(0)A-18.png,2,2,0.8811913,castanea,castanea,Correct
35,castanea/Fag.C.satX400wF(781)(0)A-24.png,2,2,0.88410974,castanea,castanea,Correct
36,castanea/Fag.C.satX400wF(781)(0)A-34.png,2,2,0.87883765,castanea,castanea,Correct
37,castanea/Fag.C.satX400wF(781)(0)A-8.png,2,2,0.86967695,castanea,castanea,Correct
38,castanea/Fag.C.satX400wF(781)(0)A-9.png,2,2,0.8793043,castanea,castanea,Correct
39,castanea/Fag.C.satX400wF(782)(0)B-4.png,2,2,0.876799,castanea,castanea,Correct
40,castanea/Fag.C.satX400wF(783)(0)C-11.png,2,2,0.8802572,castanea,castanea,Correct
41,castanea/Fag.C.satX400wF(783)(0)C-2.png,2,2,0.86574674,castanea,castanea,Correct
42,castanea/Fag.C.satX400wF(784)(0)D-13.png,2,2,0.87606823,castanea,castanea,Correct
43,castanea/Fag.C.satX400wF(784)(0)D-4.png,2,2,0.8754626,castanea,castanea,Correct
44,castanea/Fag.C.satX400wF(784)(0)D-5.png,2,2,0.8736466,castanea,castanea,Correct
45,castanea/Fag.C.satX400wF(785)(0)E-4.png,2,2,0.87707347,castanea,castanea,Correct
46,castanea/Fag.C.satX400wF(785)(0)E-7.png,2,2,0.8720016,castanea,castanea,Correct
47,castanea/Fag.C.satX400wF(792)(781)G-18.png,2,2,0.873856,castanea,castanea,Correct
48,castanea/Fag.C.satX400wF(792)(781)G-45.png,2,2,0.86804444,castanea,castanea,Correct
49,castanea/Fag.C.satX400wF(792)(781)G-53.png,2,2,0.8721275,castanea,castanea,Correct
50,castanea/Fag.C.satX400wF(792)(781)G-6.png,2,2,0.86565375,castanea,castanea,Correct
51,castanea/Fag.C.satX400wF(793)(781)H-10.png,2,2,0.871994,castanea,castanea,Correct
52,castanea/Fag.C.satX400wF(793)(781)H-45.png,2,2,0.8734148,castanea,castanea,Correct
53,castanea/Fag.C.satX400wF(793)(781)H-47.png,2,2,0.87657493,castanea,castanea,Correct
54,castanea/Fag.C.satX400wF(793)(781)H-6.png,2,2,0.86495984,castanea,castanea,Correct
55,ceratonia/Fab.C.silX400wF(475)(0)A-10.png,3,3,0.34242916,ceratonia,ceratonia,Correct
56,ceratonia/Fab.C.silX400wF(475)(0)A-6.png,3,3,0.7955468,ceratonia,ceratonia,Correct
58,ceratonia/Fab.C.silX400wF(477)(0)C-9.png,3,3,0.86727554,ceratonia,ceratonia,Correct
59,ceratonia/Fab.C.silX400wF(478)(0)D-6.png,3,3,0.83437735,ceratonia,ceratonia,Correct
61,ceratonia/Fab.C.silX400wF(480)(0)F-11.png,3,3,0.87422675,ceratonia,ceratonia,Correct
62,ceratonia/Fab.C.silX400wF(480)(0)F-13.png,3,3,0.8190289,ceratonia,ceratonia,Correct
65,ebenus/Fab.E.creX400wF(696)(0)D-2.png,4,4,0.80675745,ebenus,ebenus,Correct
66,ebenus/Fab.E.creX400wF(697)(0)E-2.png,4,4,0.822976,ebenus,ebenus,Correct
67,erica/Eri.E.maniX400wF(5355)(0)A-10.png,5,5,0.87468636,erica,erica,Correct
68,erica/Eri.E.maniX400wF(5355)(0)A-6.png,5,5,0.87295103,erica,erica,Correct
69,erica/Eri.E.maniX400wF(5356)(0)B-2.png,5,5,0.8784899,erica,erica,Correct
70,erica/Eri.E.maniX400wF(5356)(0)B-9.png,5,5,0.8793036,erica,erica,Correct
71,erica/Eri.E.maniX400wF(5357)(0)C-10.png,5,5,0.8646433,erica,erica,Correct
72,erica/Eri.E.maniX400wF(5357)(0)C-20.png,5,5,0.8734058,erica,erica,Correct
73,erica/Eri.E.maniX400wF(5358)(0)D-15.png,5,5,0.88175297,erica,erica,Correct
74,erica/Eri.E.maniX400wF(5359)(0)E-16.png,5,5,0.87848926,erica,erica,Correct
75,erica/Eri.E.maniX400wF(5359)(0)E-25.png,5,5,0.8728297,erica,erica,Correct
76,erica/Eri.E.maniX400wF(5359)(0)E-26.png,5,5,0.8773466,erica,erica,Correct
77,erica/Eri.E.maniX400wF(5359)(0)E-28.png,5,5,0.87760156,erica,erica,Correct
78,erica/Eri.E.maniX400wF(5359)(0)E-29.png,5,5,0.88719106,erica,erica,Correct
79,erica/Eri.E.maniX400wF(5360)(0)F-7.png,5,5,0.8823379,erica,erica,Correct
80,erica/Eri.E.maniX400wF(5361)(0)G-20.png,5,5,0.87754774,erica,erica,Correct
81,erica/Eri.E.maniX400wF(5363)(0)I-12.png,5,5,0.8831639,erica,erica,Correct
82,erica/Eri.E.maniX400wF(5363)(0)I-14.png,5,5,0.8684572,erica,erica,Correct
83,erica/Eri.E.maniX400wF(5363)(0)I-18.png,5,5,0.87574106,erica,erica,Correct
84,erica/Eri.E.maniX400wF(5363)(0)I-8.png,5,5,0.8822188,erica,erica,Correct
85,eucalyptus/Myr.E.camaX400wF(1866)(0)A-1_2.png,6,6,0.8733032,eucalyptus,eucalyptus,Correct
86,eucalyptus/Myr.E.camaX400wF(1866)(0)A-2_2.png,6,6,0.86308694,eucalyptus,eucalyptus,Correct
87,eucalyptus/Myr.E.camaX400wF(1866)(0)A-5_2.png,6,6,0.8639242,eucalyptus,eucalyptus,Correct
88,eucalyptus/Myr.E.camaX400wF(1866)(0)A-6_2.png,6,6,0.8603689,eucalyptus,eucalyptus,Correct
89,eucalyptus/Myr.E.camaX400wF(1868)(0)C-11_2.png,6,6,0.86007947,eucalyptus,eucalyptus,Correct
90,eucalyptus/Myr.E.camaX400wF(1868)(0)C-4_2.png,6,6,0.86667293,eucalyptus,eucalyptus,Correct
91,eucalyptus/Myr.E.camaX400wF(1868)(0)C-6.png,6,6,0.83677286,eucalyptus,eucalyptus,Correct
92,eucalyptus/Myr.E.camaX400wF(1870)(0)E-2.png,6,6,0.77399737,eucalyptus,eucalyptus,Correct
93,eucalyptus/Myr.E.camaX400wF(1870)(0)E-3.png,6,6,0.79932135,eucalyptus,eucalyptus,Correct
94,eucalyptus/Myr.E.camaX400wF(1870)(0)E-4_2.png,6,6,0.85443246,eucalyptus,eucalyptus,Correct
95,eucalyptus/Myr.E.camaX400wF(1870)(0)E-5_2.png,6,6,0.8635424,eucalyptus,eucalyptus,Correct
96,eucalyptus/Myr.E.camaX400wF(1871)(0)F-2.png,6,6,0.7800915,eucalyptus,eucalyptus,Correct
98,eucalyptus/Myr.E.camaX400wF(1872)(0)G-9.png,6,6,0.8228993,eucalyptus,eucalyptus,Correct
99,eucalyptus/Myr.E.camaX400wF(2962)(0)H-15.png,6,6,0.8255291,eucalyptus,eucalyptus,Correct
100,eucalyptus/Myr.E.camaX400wF(2962)(0)H-16.png,6,6,0.8242532,eucalyptus,eucalyptus,Correct
101,eucalyptus/Myr.E.camaX400wF(2962)(0)H-18_2.png,6,6,0.85581595,eucalyptus,eucalyptus,Correct
102,eucalyptus/Myr.E.camaX400wF(2962)(0)H-29_2.png,6,6,0.87115234,eucalyptus,eucalyptus,Correct
103,eucalyptus/Myr.E.camaX400wF(2962)(0)H-2_2.png,6,6,0.85934967,eucalyptus,eucalyptus,Correct
104,eucalyptus/Myr.E.camaX400wF(2962)(0)H-7.png,6,6,0.82922775,eucalyptus,eucalyptus,Correct
105,eucalyptus/Myr.E.camaX400wF(2962)(0)H-8_2.png,6,6,0.86269784,eucalyptus,eucalyptus,Correct
106,eucalyptus/Myr.E.camaX400wF(2963)(0)I-6.png,6,6,0.8190801,eucalyptus,eucalyptus,Correct
107,eucalyptus/Myr.E.camaX400wF(2963)(0)I-6_2.png,6,6,0.8536335,eucalyptus,eucalyptus,Correct
108,eucalyptus/Myr.E.camaX400wF(2963)(0)I-8.png,6,6,0.82682717,eucalyptus,eucalyptus,Correct
109,eucalyptus/Myr.E.camaX400wF(2964)(0)J-13.png,6,6,0.8282317,eucalyptus,eucalyptus,Correct
110,eucalyptus/Myr.E.camaX400wF(2964)(0)J-22.png,6,6,0.794747,eucalyptus,eucalyptus,Correct
111,eucalyptus/Myr.E.camaX400wF(2964)(0)J-25_2.png,6,6,0.8486022,eucalyptus,eucalyptus,Correct
112,eucalyptus/Myr.E.camaX400wF(2965)(0)K-1.png,6,6,0.8382038,eucalyptus,eucalyptus,Correct
113,eucalyptus/Myr.E.camaX400wF(2965)(0)K-14_2.png,6,6,0.8626868,eucalyptus,eucalyptus,Correct
114,eucalyptus/Myr.E.camaX400wF(2965)(0)K-2_2.png,6,6,0.86363995,eucalyptus,eucalyptus,Correct
115,eucalyptus/Myr.E.camaX400wF(2965)(0)K-6_2.png,6,6,0.86318296,eucalyptus,eucalyptus,Correct
116,eucalyptus/Myr.E.camaX400wF(2965)(0)K-9_2.png,6,6,0.85764617,eucalyptus,eucalyptus,Correct
117,eucalyptus/Myr.E.camaX400wF(2966)(0)L-3.png,6,6,0.8193605,eucalyptus,eucalyptus,Correct
118,eucalyptus/Myr.E.camaX400wF(2966)(0)L-4_2.png,6,6,0.8654988,eucalyptus,eucalyptus,Correct
119,ferula/Api.F.comX400wF(2135)(0)A-14.png,7,7,0.84682614,ferula,ferula,Correct
120,ferula/Api.F.comX400wF(2135)(0)A-15.png,7,7,0.8461917,ferula,ferula,Correct
121,ferula/Api.F.comX400wF(2137)(0)C-10.png,7,7,0.84224623,ferula,ferula,Correct
122,ferula/Api.F.comX400wF(2137)(0)C-5.png,7,7,0.83682805,ferula,ferula,Correct
123,ferula/Api.F.comX400wF(2137)(0)C-8.png,7,7,0.8396442,ferula,ferula,Correct
124,ferula/Api.F.comX400wF(2138)(0)D-18.png,7,7,0.84531546,ferula,ferula,Correct
125,ferula/Api.F.comX400wF(2138)(0)D-9.png,7,7,0.83611244,ferula,ferula,Correct
126,ferula/Api.F.comX400wF(2139)(0)E-24.png,7,7,0.85048807,ferula,ferula,Correct
127,myrtus/IMG_3734-108.png,8,8,0.82037026,myrtus,myrtus,Correct
128,myrtus/IMG_3734-132.png,8,8,0.81868625,myrtus,myrtus,Correct
129,myrtus/IMG_3734-68.png,8,8,0.8201222,myrtus,myrtus,Correct
130,myrtus/IMG_3734-82.png,8,8,0.8284253,myrtus,myrtus,Correct
131,myrtus/IMG_3734-87.png,8,8,0.82203585,myrtus,myrtus,Correct
132,myrtus/IMG_3734-9.png,8,8,0.8228341,myrtus,myrtus,Correct
133,myrtus/IMG_3734-92.png,8,8,0.8206965,myrtus,myrtus,Correct
134,myrtus/IMG_3734-97.png,8,8,0.82144845,myrtus,myrtus,Correct
135,myrtus/IMG_3735-13.png,8,8,0.8182633,myrtus,myrtus,Correct
136,myrtus/IMG_3735-20.png,8,8,0.81667095,myrtus,myrtus,Correct
137,myrtus/IMG_3735-33.png,8,8,0.81702507,myrtus,myrtus,Correct
138,myrtus/IMG_3735-41.png,8,8,0.8165493,myrtus,myrtus,Correct
139,myrtus/IMG_3736-11.png,8,8,0.8231038,myrtus,myrtus,Correct
140,myrtus/IMG_3736-13.png,8,8,0.82088715,myrtus,myrtus,Correct
141,myrtus/IMG_3736-21.png,8,8,0.82077175,myrtus,myrtus,Correct
142,myrtus/IMG_3736-48.png,8,8,0.8168658,myrtus,myrtus,Correct
143,myrtus/IMG_3736-51.png,8,8,0.81521165,myrtus,myrtus,Correct
144,myrtus/IMG_3736-58.png,8,8,0.8268203,myrtus,myrtus,Correct
145,myrtus/IMG_3736-82.png,8,8,0.818278,myrtus,myrtus,Correct
146,myrtus/IMG_3737-19.png,8,8,0.8160572,myrtus,myrtus,Correct
147,myrtus/IMG_3737-21.png,8,8,0.81785893,myrtus,myrtus,Correct
148,myrtus/IMG_3737-25.png,8,8,0.8146622,myrtus,myrtus,Correct
149,myrtus/IMG_3737-27.png,8,8,0.8166116,myrtus,myrtus,Correct
150,myrtus/IMG_3737-53.png,8,8,0.82332206,myrtus,myrtus,Correct
151,myrtus/IMG_3737-6.png,8,8,0.8178667,myrtus,myrtus,Correct
152,myrtus/IMG_3737-62.png,8,8,0.8121269,myrtus,myrtus,Correct
153,myrtus/IMG_3738-103.png,8,8,0.81915915,myrtus,myrtus,Correct
154,myrtus/IMG_3738-104.png,8,8,0.8166976,myrtus,myrtus,Correct
155,myrtus/IMG_3738-108.png,8,8,0.8181207,myrtus,myrtus,Correct
156,myrtus/IMG_3738-131.png,8,8,0.8184039,myrtus,myrtus,Correct
157,myrtus/IMG_3738-134.png,8,8,0.8132043,myrtus,myrtus,Correct
158,myrtus/IMG_3738-146.png,8,8,0.8201059,myrtus,myrtus,Correct
159,myrtus/IMG_3738-151.png,8,8,0.8076768,myrtus,myrtus,Correct
160,myrtus/IMG_3738-155.png,8,8,0.814182,myrtus,myrtus,Correct
161,myrtus/IMG_3738-156.png,8,8,0.81455475,myrtus,myrtus,Correct
162,myrtus/IMG_3738-49.png,8,8,0.8180947,myrtus,myrtus,Correct
163,myrtus/IMG_3738-68.png,8,8,0.834647,myrtus,myrtus,Correct
164,myrtus/IMG_3738-7.png,8,8,0.8255761,myrtus,myrtus,Correct
165,myrtus/IMG_3738-88.png,8,8,0.8232677,myrtus,myrtus,Correct
166,myrtus/IMG_3738-9.png,8,8,0.8118239,myrtus,myrtus,Correct
167,myrtus/IMG_3741-20.png,8,8,0.8200725,myrtus,myrtus,Correct
168,myrtus/IMG_3741-27.png,8,8,0.82612836,myrtus,myrtus,Correct
169,myrtus/IMG_3741-28.png,8,8,0.81933504,myrtus,myrtus,Correct
170,myrtus/IMG_3741-51.png,8,8,0.8203636,myrtus,myrtus,Correct
171,myrtus/IMG_3741-60.png,8,8,0.81725883,myrtus,myrtus,Correct
172,myrtus/IMG_3741-63.png,8,8,0.8194839,myrtus,myrtus,Correct
173,myrtus/IMG_3741-70.png,8,8,0.82661086,myrtus,myrtus,Correct
174,myrtus/IMG_3742-21.png,8,8,0.82257676,myrtus,myrtus,Correct
175,myrtus/IMG_3742-23.png,8,8,0.82070875,myrtus,myrtus,Correct
176,myrtus/IMG_3742-26.png,8,8,0.81745064,myrtus,myrtus,Correct
177,myrtus/IMG_3742-34.png,8,8,0.8220819,myrtus,myrtus,Correct
178,myrtus/IMG_3742-36.png,8,8,0.82089734,myrtus,myrtus,Correct
179,myrtus/IMG_3742-43.png,8,8,0.82028306,myrtus,myrtus,Correct
180,myrtus/IMG_3743-34.png,8,8,0.8190857,myrtus,myrtus,Correct
181,myrtus/IMG_3744-2.png,8,8,0.81497496,myrtus,myrtus,Correct
182,myrtus/IMG_3744-23.png,8,8,0.8177621,myrtus,myrtus,Correct
183,myrtus/IMG_3744-40.png,8,8,0.8243051,myrtus,myrtus,Correct
184,myrtus/Myr.M.comX400wF(1095)(1091)A-25.png,8,8,0.82116765,myrtus,myrtus,Correct
185,myrtus/Myr.M.comX400wF(1095)(1091)A-54.png,8,8,0.8219631,myrtus,myrtus,Correct
186,myrtus/Myr.M.comX400wF(1095)(1091)A-64.png,8,8,0.82156587,myrtus,myrtus,Correct
187,myrtus/Myr.M.comX400wF(1095)(1091)A-68.png,8,8,0.81799227,myrtus,myrtus,Correct
188,myrtus/Myr.M.comX400wF(1097)(1090)C-1.png,8,8,0.8228916,myrtus,myrtus,Correct
189,myrtus/Myr.M.comX400wF(1097)(1090)C-12.png,8,8,0.8124138,myrtus,myrtus,Correct
190,myrtus/Myr.M.comX400wF(1097)(1090)C-16.png,8,8,0.8166465,myrtus,myrtus,Correct
191,myrtus/Myr.M.comX400wF(1097)(1090)C-17.png,8,8,0.8159115,myrtus,myrtus,Correct
192,myrtus/Myr.M.comX400wF(1097)(1090)C-18.png,8,8,0.82595605,myrtus,myrtus,Correct
193,myrtus/Myr.M.comX400wF(1097)(1090)C-26.png,8,8,0.8124522,myrtus,myrtus,Correct
194,myrtus/Myr.M.comX400wF(1097)(1090)C-39.png,8,8,0.81993705,myrtus,myrtus,Correct
195,myrtus/Myr.M.comX400wF(1097)(1090)C-41.png,8,8,0.82340056,myrtus,myrtus,Correct
196,myrtus/Myr.M.comX400wF(1097)(1090)C-47.png,8,8,0.8205979,myrtus,myrtus,Correct
197,myrtus/Myr.M.comX400wF(1097)(1090)C-55.png,8,8,0.8191561,myrtus,myrtus,Correct
198,myrtus/Myr.M.comX400wF(1097)(1090)C-60.png,8,8,0.82276857,myrtus,myrtus,Correct
199,myrtus/Myr.M.comX400wF(1097)(1090)C-63.png,8,8,0.8202738,myrtus,myrtus,Correct
200,myrtus/Myr.M.comX400wF(1097)(1090)C-64.png,8,8,0.81584764,myrtus,myrtus,Correct
201,myrtus/Myr.M.comX400wF(1097)(1090)C-67.png,8,8,0.82219887,myrtus,myrtus,Correct
202,myrtus/Myr.M.comX400wF(1097)(1090)C-7.png,8,8,0.81791985,myrtus,myrtus,Correct
203,myrtus/Myr.M.comX400wF(1097)(1090)C-74.png,8,8,0.8209109,myrtus,myrtus,Correct
204,myrtus/Myr.M.comX400wF(1097)(1090)C-83.png,8,8,0.8212455,myrtus,myrtus,Correct
205,myrtus/Myr.M.comX400wF(1097)(1090)C-87.png,8,8,0.82291156,myrtus,myrtus,Correct
206,olea/Ole.O.euroX400wF(4261)(0)A-13.png,9,9,0.8144251,olea,olea,Correct
207,olea/Ole.O.euroX400wF(4261)(0)A-27.png,9,9,0.8155122,olea,olea,Correct
208,olea/Ole.O.euroX400wF(4261)(0)A-50.png,9,9,0.81281245,olea,olea,Correct
209,olea/Ole.O.euroX400wF(4262)(0)B-13.png,9,9,0.8163789,olea,olea,Correct
210,olea/Ole.O.euroX400wF(4262)(0)B-21.png,9,9,0.80404395,olea,olea,Correct
211,olea/Ole.O.euroX400wF(4263)(0)C-102.png,9,9,0.8054978,olea,olea,Correct
212,olea/Ole.O.euroX400wF(4263)(0)C-106.png,9,9,0.8059803,olea,olea,Correct
213,olea/Ole.O.euroX400wF(4263)(0)C-109.png,9,9,0.81105727,olea,olea,Correct
214,olea/Ole.O.euroX400wF(4263)(0)C-114.png,9,9,0.8007847,olea,olea,Correct
215,olea/Ole.O.euroX400wF(4263)(0)C-118.png,9,9,0.8165805,olea,olea,Correct
216,olea/Ole.O.euroX400wF(4263)(0)C-129.png,9,9,0.80802447,olea,olea,Correct
217,olea/Ole.O.euroX400wF(4263)(0)C-149.png,9,9,0.80669296,olea,olea,Correct
219,olea/Ole.O.euroX400wF(4263)(0)C-156.png,9,9,0.8108355,olea,olea,Correct
220,olea/Ole.O.euroX400wF(4263)(0)C-164.png,9,9,0.80532527,olea,olea,Correct
221,olea/Ole.O.euroX400wF(4263)(0)C-193.png,9,9,0.80480784,olea,olea,Correct
222,olea/Ole.O.euroX400wF(4263)(0)C-32.png,9,9,0.8099554,olea,olea,Correct
223,olea/Ole.O.euroX400wF(4263)(0)C-33.png,9,9,0.8168521,olea,olea,Correct
224,olea/Ole.O.euroX400wF(4263)(0)C-38.png,9,9,0.81784225,olea,olea,Correct
225,olea/Ole.O.euroX400wF(4263)(0)C-45.png,9,9,0.80959004,olea,olea,Correct
226,olea/Ole.O.euroX400wF(4263)(0)C-61.png,9,9,0.83926547,olea,olea,Correct
227,olea/Ole.O.euroX400wF(4263)(0)C-76.png,9,9,0.26082277,olea,olea,Correct
228,olea/Ole.O.euroX400wF(4263)(0)C-78.png,9,9,0.8109965,olea,olea,Correct
229,olea/Ole.O.euroX400wF(4263)(0)C-83.png,9,9,0.81893814,olea,olea,Correct
230,olea/Ole.O.euroX400wF(4263)(0)C-89.png,9,9,0.81330216,olea,olea,Correct
231,olea/Ole.O.euroX400wF(4263)(0)C-9.png,9,9,0.81393754,olea,olea,Correct
232,olea/Ole.O.euroX400wF(4264)(0)D-120.png,9,9,0.806514,olea,olea,Correct
233,olea/Ole.O.euroX400wF(4264)(0)D-13.png,9,9,0.8113521,olea,olea,Correct
234,olea/Ole.O.euroX400wF(4264)(0)D-130.png,9,9,0.7880524,olea,olea,Correct
235,olea/Ole.O.euroX400wF(4264)(0)D-142.png,9,9,0.8062738,olea,olea,Correct
236,olea/Ole.O.euroX400wF(4264)(0)D-156.png,9,9,0.8136247,olea,olea,Correct
237,olea/Ole.O.euroX400wF(4264)(0)D-24.png,9,9,0.81440884,olea,olea,Correct
238,olea/Ole.O.euroX400wF(4264)(0)D-26.png,9,9,0.8132161,olea,olea,Correct
239,olea/Ole.O.euroX400wF(4264)(0)D-50.png,9,9,0.81031126,olea,olea,Correct
240,olea/Ole.O.euroX400wF(4264)(0)D-66.png,9,9,0.80735266,olea,olea,Correct
241,olea/Ole.O.euroX400wF(4264)(0)D-67.png,9,9,0.8102457,olea,olea,Correct
242,olea/Ole.O.euroX400wF(4265)(0)E-116.png,9,9,0.777622,olea,olea,Correct
243,olea/Ole.O.euroX400wF(4265)(0)E-122.png,9,9,0.82256633,olea,olea,Correct
244,olea/Ole.O.euroX400wF(4265)(0)E-126.png,9,9,0.80556786,olea,olea,Correct
245,olea/Ole.O.euroX400wF(4265)(0)E-137.png,9,9,0.80861443,olea,olea,Correct
246,olea/Ole.O.euroX400wF(4265)(0)E-139.png,9,9,0.8111469,olea,olea,Correct
247,olea/Ole.O.euroX400wF(4265)(0)E-142.png,9,9,0.81225216,olea,olea,Correct
248,olea/Ole.O.euroX400wF(4265)(0)E-149.png,9,9,0.81017065,olea,olea,Correct
249,olea/Ole.O.euroX400wF(4265)(0)E-155.png,9,9,0.8055669,olea,olea,Correct
250,olea/Ole.O.euroX400wF(4265)(0)E-160.png,9,9,0.8121832,olea,olea,Correct
251,olea/Ole.O.euroX400wF(4265)(0)E-163.png,9,9,0.8156918,olea,olea,Correct
252,olea/Ole.O.euroX400wF(4265)(0)E-171.png,9,9,0.80734354,olea,olea,Correct
253,olea/Ole.O.euroX400wF(4265)(0)E-177.png,9,9,0.8135461,olea,olea,Correct
254,olea/Ole.O.euroX400wF(4265)(0)E-182.png,9,9,0.8100343,olea,olea,Correct
255,olea/Ole.O.euroX400wF(4265)(0)E-200.png,9,9,0.80101407,olea,olea,Correct
256,olea/Ole.O.euroX400wF(4265)(0)E-205.png,9,9,0.8064491,olea,olea,Correct
257,olea/Ole.O.euroX400wF(4265)(0)E-206.png,9,9,0.80699265,olea,olea,Correct
258,olea/Ole.O.euroX400wF(4265)(0)E-208.png,9,9,0.8033795,olea,olea,Correct
259,olea/Ole.O.euroX400wF(4265)(0)E-211.png,9,9,0.81080985,olea,olea,Correct
260,olea/Ole.O.euroX400wF(4265)(0)E-215.png,9,9,0.79204535,olea,olea,Correct
261,olea/Ole.O.euroX400wF(4265)(0)E-25.png,9,9,0.8115785,olea,olea,Correct
262,olea/Ole.O.euroX400wF(4265)(0)E-28.png,9,9,0.8123273,olea,olea,Correct
263,olea/Ole.O.euroX400wF(4265)(0)E-29.png,9,9,0.80604434,olea,olea,Correct
264,olea/Ole.O.euroX400wF(4265)(0)E-39.png,9,9,0.8208753,olea,olea,Correct
265,olea/Ole.O.euroX400wF(4265)(0)E-44.png,9,9,0.8102953,olea,olea,Correct
266,olea/Ole.O.euroX400wF(4265)(0)E-69.png,9,9,0.810712,olea,olea,Correct
267,olea/Ole.O.euroX400wF(4265)(0)E-83.png,9,9,0.8149254,olea,olea,Correct
268,olea/Ole.O.euroX400wF(4265)(0)E-87.png,9,9,0.80666304,olea,olea,Correct
269,olea/Ole.O.euroX400wF(4265)(0)E-9.png,9,9,0.8240784,olea,olea,Correct
270,olea/Ole.O.euroX400wF(4265)(0)E-99.png,9,9,0.8178033,olea,olea,Correct
271,olea/Ole.O.euroX400wF(4266)(0)F-118.png,9,9,0.8080405,olea,olea,Correct
272,olea/Ole.O.euroX400wF(4266)(0)F-120.png,9,9,0.8008813,olea,olea,Correct
273,olea/Ole.O.euroX400wF(4266)(0)F-125.png,9,9,0.80156595,olea,olea,Correct
274,olea/Ole.O.euroX400wF(4266)(0)F-143.png,9,9,0.8092522,olea,olea,Correct
275,olea/Ole.O.euroX400wF(4266)(0)F-145.png,9,9,0.7956145,olea,olea,Correct
276,olea/Ole.O.euroX400wF(4266)(0)F-31.png,9,9,0.8105218,olea,olea,Correct
277,olea/Ole.O.euroX400wF(4266)(0)F-45.png,9,9,0.8097186,olea,olea,Correct
278,olea/Ole.O.euroX400wF(4266)(0)F-65.png,9,9,0.81371266,olea,olea,Correct
279,olea/Ole.O.euroX400wF(4266)(0)F-69.png,9,9,0.8085119,olea,olea,Correct
280,olea/Ole.O.euroX400wF(4266)(0)F-75.png,9,9,0.80622035,olea,olea,Correct
281,olea/Ole.O.euroX400wF(4266)(0)F-89.png,9,9,0.80840105,olea,olea,Correct
282,olea/Ole.O.euroX400wF(4267)(0)G-19.png,9,9,0.8121466,olea,olea,Correct
284,olea/Ole.O.euroX400wF(4267)(0)G-7.png,9,9,0.8070421,olea,olea,Correct
286,origanum/Lam.O.micX400wF(885)(0)B-10.png,10,10,0.83917254,origanum,origanum,Correct
287,origanum/Lam.O.micX400wF(886)(0)C-19.png,10,10,0.85933894,origanum,origanum,Correct
288,origanum/Lam.O.micX400wF(886)(0)C-26.png,10,10,0.849437,origanum,origanum,Correct
289,origanum/Lam.O.micX400wF(886)(0)C-30.png,10,10,0.8304077,origanum,origanum,Correct
290,origanum/Lam.O.micX400wF(886)(0)C-33.png,10,10,0.8467572,origanum,origanum,Correct
291,origanum/Lam.O.micX400wF(886)(0)C-4.png,10,10,0.85111475,origanum,origanum,Correct
292,origanum/Lam.O.micX400wF(886)(0)C-42.png,10,10,0.83962,origanum,origanum,Correct
293,origanum/Lam.O.micX400wF(886)(0)C-5.png,10,10,0.83759946,origanum,origanum,Correct
294,origanum/Lam.O.micX400wF(886)(0)C-62.png,10,10,0.84957856,origanum,origanum,Correct
295,origanum/Lam.O.micX400wF(889)(0)F-15.png,10,10,0.84020656,origanum,origanum,Correct
296,origanum/Lam.O.micX400wF(889)(0)F-26.png,10,10,0.83698094,origanum,origanum,Correct
297,origanum/Lam.O.micX400wF(889)(0)F-29.png,10,10,0.8448267,origanum,origanum,Correct
298,origanum/Lam.O.micX400wF(889)(0)F-41.png,10,10,0.85107964,origanum,origanum,Correct
299,origanum/Lam.O.micX400wF(889)(0)F-46.png,10,10,0.84809554,origanum,origanum,Correct
300,origanum/Lam.O.micX400wF(889)(0)F-58.png,10,10,0.8492283,origanum,origanum,Correct
301,origanum/Lam.O.micX400wF(889)(0)F-7.png,10,10,0.8394432,origanum,origanum,Correct
302,oxalis/Oxa.O.pes.cX400wF(1733)(0)A-15.png,11,11,0.8576315,oxalis,oxalis,Correct
303,oxalis/Oxa.O.pes.cX400wF(1733)(0)A-16.png,11,11,0.86823356,oxalis,oxalis,Correct
304,oxalis/Oxa.O.pes.cX400wF(1733)(0)A-4.png,11,11,0.8670082,oxalis,oxalis,Correct
305,oxalis/Oxa.O.pes.cX400wF(1735)(0)C-10.png,11,11,0.87361115,oxalis,oxalis,Correct
306,oxalis/Oxa.O.pes.cX400wF(1736)(0)D-8.png,11,11,0.8640501,oxalis,oxalis,Correct
307,oxalis/Oxa.O.pes.cX400wF(1738)(0)F-10.png,11,11,0.863559,oxalis,oxalis,Correct
308,oxalis/Oxa.O.pes.cX400wF(1738)(0)F-8.png,11,11,0.86116445,oxalis,oxalis,Correct
309,oxalis/Oxa.O.pes.cX400wF(1739)(0)G-8.png,11,11,0.8715683,oxalis,oxalis,Correct
310,oxalis/Oxa.O.pes.cX400wF(1739)(0)G-9.png,11,11,0.86907274,oxalis,oxalis,Correct
311,oxalis/Oxa.O.pes.cX400wF(1740)(0)H-8.png,11,11,0.8603732,oxalis,oxalis,Correct
312,oxalis/Oxa.O.pes.cX400wF(1743)(0)K-13.png,11,11,0.86190754,oxalis,oxalis,Correct
313,oxalis/Oxa.O.pes.cX400wF(1743)(0)K-15.png,11,11,0.8699034,oxalis,oxalis,Correct
314,oxalis/Oxa.O.pes.cX400wF(1743)(0)K-2.png,11,11,0.85344756,oxalis,oxalis,Correct
315,oxalis/Oxa.O.pes.cX400wF(1743)(0)K-25.png,11,11,0.87306035,oxalis,oxalis,Correct
316,pinus/Pin.P.brutX400wF(3172)(0)B-6.png,12,12,0.8751905,pinus,pinus,Correct
317,pinus/Pin.P.brutX400wF(3174)(0)D-1.png,12,12,0.869542,pinus,pinus,Correct
318,pinus/Pin.P.brutX400wF(3175)(0)E-3.png,12,12,0.87905204,pinus,pinus,Correct
319,pistacia/Ana.P.tereX400wF(3222)(0)A-6.png,13,13,0.79155135,pistacia,pistacia,Correct
320,pistacia/Ana.P.tereX400wF(3225)(0)D-4.png,13,13,0.79477954,pistacia,pistacia,Correct
321,pistacia/Ana.P.tereX400wF(3227)(0)F-6.png,13,13,0.7612949,pistacia,pistacia,Correct
322,salvia/Lam.S.triX400wF(2188)(0)A-3.png,14,14,0.87707686,salvia,salvia,Correct
323,salvia/Lam.S.triX400wF(2189)(0)B-11.png,14,14,0.8736359,salvia,salvia,Correct
324,salvia/Lam.S.triX400wF(2189)(0)B-12.png,14,14,0.8833518,salvia,salvia,Correct
325,salvia/Lam.S.triX400wF(2189)(0)B-33.png,14,14,0.8813901,salvia,salvia,Correct
326,salvia/Lam.S.triX400wF(2189)(0)B-43.png,14,14,0.88218194,salvia,salvia,Correct
327,salvia/Lam.S.triX400wF(2189)(0)B-60.png,14,14,0.8774075,salvia,salvia,Correct
328,salvia/Lam.S.triX400wF(2190)(0)C-17.png,14,14,0.8784429,salvia,salvia,Correct
329,salvia/Lam.S.triX400wF(2190)(0)C-22.png,14,14,0.8751385,salvia,salvia,Correct
330,salvia/Lam.S.triX400wF(2190)(0)C-27.png,14,14,0.874571,salvia,salvia,Correct
331,salvia/Lam.S.triX400wF(2190)(0)C-34.png,14,14,0.8852596,salvia,salvia,Correct
332,salvia/Lam.S.triX400wF(2190)(0)C-37.png,14,14,0.8739706,salvia,salvia,Correct
333,salvia/Lam.S.triX400wF(2190)(0)C-39.png,14,14,0.87546295,salvia,salvia,Correct
334,salvia/Lam.S.triX400wF(2190)(0)C-5.png,14,14,0.86865354,salvia,salvia,Correct
335,salvia/Lam.S.triX400wF(2190)(0)C-7.png,14,14,0.8706901,salvia,salvia,Correct
336,salvia/Lam.S.triX400wF(2191)(0)D-34.png,14,14,0.87218326,salvia,salvia,Correct
337,salvia/Lam.S.triX400wF(2192)(0)E-3.png,14,14,0.8693313,salvia,salvia,Correct
338,salvia/Lam.S.triX400wF(2192)(0)E-4.png,14,14,0.8782609,salvia,salvia,Correct
339,salvia/Lam.S.triX400wF(2192)(0)E-6.png,14,14,0.8697339,salvia,salvia,Correct
340,satureja/Lam.S.thyX400wF(941)(937)A-9.png,15,15,0.836943,satureja,satureja,Correct
341,satureja/Lam.S.thyX400wF(942)(935)B-4.png,15,15,0.8328389,satureja,satureja,Correct
342,satureja/Lam.S.thyX400wF(942)(935)B-7.png,15,15,0.69404304,satureja,satureja,Correct
343,satureja/Lam.S.thyX400wF(944)(940)E-16.png,15,15,0.8421481,satureja,satureja,Correct
344,satureja/Lam.S.thyX400wF(944)(940)E-26.png,15,15,0.84666675,satureja,satureja,Correct
345,satureja/Lam.S.thyX400wF(944)(940)E-27.png,15,15,0.84522986,satureja,satureja,Correct
346,satureja/Lam.S.thyX400wF(945)(0)F-1.png,15,15,0.7839762,satureja,satureja,Correct
347,sinapis/Bra.S.albX400wF(2150)(0)A-15.png,16,16,0.8624555,sinapis,sinapis,Correct
348,sinapis/Bra.S.albX400wF(2150)(0)A-3.png,16,16,0.8728975,sinapis,sinapis,Correct
349,sinapis/Bra.S.albX400wF(2151)(0)B-11.png,16,16,0.8752534,sinapis,sinapis,Correct
350,sinapis/Bra.S.albX400wF(2152)(0)C-11.png,16,16,0.87100184,sinapis,sinapis,Correct
351,sinapis/Bra.S.albX400wF(2152)(0)C-18.png,16,16,0.85684836,sinapis,sinapis,Correct
352,sinapis/Bra.S.albX400wF(2152)(0)C-28.png,16,16,0.8655259,sinapis,sinapis,Correct
353,sinapis/Bra.S.albX400wF(2153)(0)D-10.png,16,16,0.8673349,sinapis,sinapis,Correct
354,sinapis/Bra.S.albX400wF(2153)(0)D-18.png,16,16,0.8835868,sinapis,sinapis,Correct
355,sinapis/Bra.S.albX400wF(2153)(0)D-3.png,16,16,0.86774385,sinapis,sinapis,Correct
356,sinapis/Bra.S.albX400wF(2154)(0)E-1.png,16,16,0.87047035,sinapis,sinapis,Correct
357,sinapis/Bra.S.albX400wF(2154)(0)E-13.png,16,16,0.88220716,sinapis,sinapis,Correct
358,sinapis/Bra.S.albX400wF(2154)(0)E-3.png,16,16,0.3372924,sinapis,sinapis,Correct
359,sinapis/Bra.S.albX400wF(2155)(0)F-14.png,16,16,0.85922337,sinapis,sinapis,Correct
360,sinapis/Bra.S.albX400wF(2155)(0)F-2.png,16,16,0.876091,sinapis,sinapis,Correct
361,sinapis/Bra.S.albX400wF(2155)(0)F-3.png,16,16,0.8820901,sinapis,sinapis,Correct
362,sinapis/Bra.S.albX400wF(2155)(0)F-5.png,16,16,0.8598538,sinapis,sinapis,Correct
363,sinapis/IMG_3704-19.png,16,16,0.8791289,sinapis,sinapis,Correct
364,sinapis/IMG_3704-3.png,16,16,0.8698679,sinapis,sinapis,Correct
365,sinapis/IMG_3704-9.png,16,16,0.8615595,sinapis,sinapis,Correct
366,sinapis/IMG_3708-5.png,16,16,0.87891185,sinapis,sinapis,Correct
367,thymbra/Lam.T.capX400wF(1029)(0)A-10.png,17,17,0.883308,thymbra,thymbra,Correct
368,thymbra/Lam.T.capX400wF(1029)(0)A-11.png,17,17,0.8851468,thymbra,thymbra,Correct
369,thymbra/Lam.T.capX400wF(1029)(0)A-17.png,17,17,0.8604997,thymbra,thymbra,Correct
370,thymbra/Lam.T.capX400wF(1029)(0)A-2.png,17,17,0.8715015,thymbra,thymbra,Correct
371,thymbra/Lam.T.capX400wF(1029)(0)A-24.png,17,17,0.88597417,thymbra,thymbra,Correct
372,thymbra/Lam.T.capX400wF(1029)(0)A-26.png,17,17,0.88562113,thymbra,thymbra,Correct
373,thymbra/Lam.T.capX400wF(1030)(0)B-1.png,17,17,0.8735706,thymbra,thymbra,Correct
374,thymbra/Lam.T.capX400wF(1030)(0)B-7.png,17,17,0.65209496,thymbra,thymbra,Correct
375,thymbra/Lam.T.capX400wF(1031)(0)C-14.png,17,17,0.8066417,thymbra,thymbra,Correct
376,thymbra/Lam.T.capX400wF(1032)(0)D-14.png,17,17,0.8740149,thymbra,thymbra,Correct
377,thymbra/Lam.T.capX400wF(1033)(0)E-13.png,17,17,0.8753688,thymbra,thymbra,Correct
378,thymbra/Lam.T.capX400wF(1033)(0)E-3.png,17,17,0.88714427,thymbra,thymbra,Correct
379,thymbra/x40 f (3)-5.png,17,17,0.8711676,thymbra,thymbra,Correct
380,thymbra/x40 f (5)-14.png,17,17,0.87800443,thymbra,thymbra,Correct
381,urginea/Asp.U.marX400wF(5317)(0)A-10.png,18,18,0.85715365,urginea,urginea,Correct
382,urginea/Asp.U.marX400wF(5317)(0)A-11.png,18,18,0.85882145,urginea,urginea,Correct
383,urginea/Asp.U.marX400wF(5317)(0)A-17.png,18,18,0.864101,urginea,urginea,Correct
384,urginea/Asp.U.marX400wF(5319)(0)C-5.png,18,18,0.8656682,urginea,urginea,Correct
385,urginea/Asp.U.marX400wF(5320)(0)D-3.png,18,18,0.8611893,urginea,urginea,Correct
386,urginea/Asp.U.marX400wF(5320)(0)D-7.png,18,18,0.86473405,urginea,urginea,Correct
387,urginea/Asp.U.marX400wF(5321)(0)E-1.png,18,18,0.85329986,urginea,urginea,Correct
388,urginea/Asp.U.marX400wF(5321)(0)E-3.png,18,18,0.8556073,urginea,urginea,Correct
389,urginea/Asp.U.marX400wF(5323)(0)G-2.png,18,18,0.8569059,urginea,urginea,Correct
390,urginea/Asp.U.marX400wF(5324)(0)H-13.png,18,18,0.864196,urginea,urginea,Correct
391,urginea/Asp.U.marX400wF(5324)(0)H-9.png,18,18,0.8646147,urginea,urginea,Correct
392,vitis/Vit.V.viniX400wF(4978)(0)A-1.png,19,19,0.8634471,vitis,vitis,Correct
393,vitis/Vit.V.viniX400wF(4978)(0)A-16.png,19,19,0.8560351,vitis,vitis,Correct
394,vitis/Vit.V.viniX400wF(4978)(0)A-5.png,19,19,0.86129236,vitis,vitis,Correct
395,vitis/Vit.V.viniX400wF(4979)(0)B-2.png,19,19,0.85150254,vitis,vitis,Correct
396,vitis/Vit.V.viniX400wF(4979)(0)B-20.png,19,19,0.85990894,vitis,vitis,Correct
397,vitis/Vit.V.viniX400wF(4979)(0)B-21.png,19,19,0.8568045,vitis,vitis,Correct
398,vitis/Vit.V.viniX400wF(4979)(0)B-4.png,19,19,0.86246485,vitis,vitis,Correct
399,vitis/Vit.V.viniX400wF(4980)(0)C-10.png,19,19,0.85728294,vitis,vitis,Correct
400,vitis/Vit.V.viniX400wF(4980)(0)C-21.png,19,19,0.86563534,vitis,vitis,Correct
401,vitis/Vit.V.viniX400wF(4980)(0)C-26.png,19,19,0.8591421,vitis,vitis,Correct
402,vitis/Vit.V.viniX400wF(4980)(0)C-29.png,19,19,0.85712004,vitis,vitis,Correct
403,vitis/Vit.V.viniX400wF(4981)(0)D-10.png,19,19,0.8600918,vitis,vitis,Correct
404,vitis/Vit.V.viniX400wF(4981)(0)D-28.png,19,19,0.861389,vitis,vitis,Correct
405,vitis/Vit.V.viniX400wF(4982)(0)E-3.png,19,19,0.8597759,vitis,vitis,Correct
406,vitis/Vit.V.viniX400wF(4982)(0)E-5.png,19,19,0.86227846,vitis,vitis,Correct
407,vitis/Vit.V.viniX400wF(4982)(0)E-9.png,19,19,0.85840714,vitis,vitis,Correct
408,vitis/Vit.V.viniX400wF(4983)(0)F-1.png,19,19,0.86332333,vitis,vitis,Correct
409,vitis/Vit.V.viniX400wF(4983)(0)F-25.png,19,19,0.8624609,vitis,vitis,Correct
410,vitis/Vit.V.viniX400wF(4984)(0)G-34.png,19,19,0.8713605,vitis,vitis,Correct
411,vitis/Vit.V.viniX400wF(4984)(0)G-42.png,19,19,0.8531832,vitis,vitis,Correct
412,vitis/Vit.V.viniX400wF(4985)(0)H-28.png,19,19,0.8618638,vitis,vitis,Correct
413,vitis/Vit.V.viniX400wF(4985)(0)H-29.png,19,19,0.8571619,vitis,vitis,Correct
414,vitis/Vit.V.viniX400wF(4985)(0)H-31.png,19,19,0.8614798,vitis,vitis,Correct
415,vitis/Vit.V.viniX400wF(4985)(0)H-36.png,19,19,0.8542208,vitis,vitis,Correct
416,vitis/Vit.V.viniX400wF(4985)(0)H-42.png,19,19,0.86314946,vitis,vitis,Correct
417,vitis/Vit.V.viniX400wF(4985)(0)H-8.png,19,19,0.8658135,vitis,vitis,Correct
418,vitis/Vit.V.viniX400wF(4985)(0)H-9.png,19,19,0.86358523,vitis,vitis,Correct
